year,race,driver,constructor,qualifying_position,grid_position,final_position,points,statusId
2008,Australian Grand Prix,Lewis Hamilton,McLaren,1,1,1,10.0,1
2008,Australian Grand Prix,Robert Kubica,BMW Sauber,2,2,9,0.0,4
2008,Australian Grand Prix,Heikki Kovalainen,McLaren,3,3,5,4.0,1
2008,Australian Grand Prix,Felipe Massa,Ferrari,4,4,13,0.0,5
2008,Australian Grand Prix,Nick Heidfeld,BMW Sauber,5,5,2,8.0,1
2008,Australian Grand Prix,Jarno Trulli,Toyota,6,6,15,0.0,10
2008,Australian Grand Prix,Nico Rosberg,Williams,7,7,3,6.0,1
2008,Australian Grand Prix,David Coulthard,Red Bull,8,8,14,0.0,4
2008,Australian Grand Prix,Timo Glock,Toyota,9,18,10,0.0,3
2008,Australian Grand Prix,Sebastian Vettel,Toro Rosso,10,9,20,0.0,4
2008,Australian Grand Prix,Rubens Barrichello,Honda,11,10,22,0.0,2
2008,Australian Grand Prix,Fernando Alonso,Renault,12,11,4,5.0,1
2008,Australian Grand Prix,Jenson Button,Honda,13,12,18,0.0,4
2008,Australian Grand Prix,Kazuki Nakajima,Williams,14,13,6,3.0,11
2008,Australian Grand Prix,Mark Webber,Red Bull,15,14,17,0.0,4
2008,Australian Grand Prix,Kimi Räikkönen,Ferrari,16,15,8,1.0,5
2008,Australian Grand Prix,Giancarlo Fisichella,Force India,17,16,21,0.0,4
2008,Australian Grand Prix,Sébastien Bourdais,Toro Rosso,18,17,7,2.0,5
2008,Australian Grand Prix,Adrian Sutil,Force India,19,22,16,0.0,9
2008,Australian Grand Prix,Takuma Sato,Super Aguri,20,19,11,0.0,7
2008,Australian Grand Prix,Nelson Piquet Jr.,Renault,21,20,12,0.0,8
2008,Australian Grand Prix,Anthony Davidson,Super Aguri,22,21,19,0.0,4
2008,Malaysian Grand Prix,Felipe Massa,Ferrari,1,1,19,0.0,20
2008,Malaysian Grand Prix,Kimi Räikkönen,Ferrari,2,2,1,10.0,1
2008,Malaysian Grand Prix,Heikki Kovalainen,McLaren,3,8,3,6.0,1
2008,Malaysian Grand Prix,Lewis Hamilton,McLaren,4,9,5,4.0,1
2008,Malaysian Grand Prix,Jarno Trulli,Toyota,5,3,4,5.0,1
2008,Malaysian Grand Prix,Robert Kubica,BMW Sauber,6,4,2,8.0,1
2008,Malaysian Grand Prix,Nick Heidfeld,BMW Sauber,7,5,6,3.0,1
2008,Malaysian Grand Prix,Mark Webber,Red Bull,8,6,7,2.0,1
2008,Malaysian Grand Prix,Fernando Alonso,Renault,9,7,8,1.0,1
2008,Malaysian Grand Prix,Timo Glock,Toyota,10,10,21,0.0,4
2008,Malaysian Grand Prix,Jenson Button,Honda,11,11,10,0.0,1
2008,Malaysian Grand Prix,David Coulthard,Red Bull,12,12,9,0.0,1
2008,Malaysian Grand Prix,Nelson Piquet Jr.,Renault,13,13,11,0.0,1
2008,Malaysian Grand Prix,Rubens Barrichello,Honda,14,14,13,0.0,11
2008,Malaysian Grand Prix,Sebastian Vettel,Toro Rosso,15,15,18,0.0,5
2008,Malaysian Grand Prix,Nico Rosberg,Williams,16,16,14,0.0,11
2008,Malaysian Grand Prix,Giancarlo Fisichella,Force India,17,17,12,0.0,11
2008,Malaysian Grand Prix,Kazuki Nakajima,Williams,18,22,17,0.0,12
2008,Malaysian Grand Prix,Sébastien Bourdais,Toro Rosso,19,18,22,0.0,20
2008,Malaysian Grand Prix,Takuma Sato,Super Aguri,20,19,16,0.0,12
2008,Malaysian Grand Prix,Adrian Sutil,Force India,21,20,20,0.0,9
2008,Malaysian Grand Prix,Anthony Davidson,Super Aguri,22,21,15,0.0,11
2008,Bahrain Grand Prix,Robert Kubica,BMW Sauber,1,1,3,6.0,1
2008,Bahrain Grand Prix,Felipe Massa,Ferrari,2,2,1,10.0,1
2008,Bahrain Grand Prix,Lewis Hamilton,McLaren,3,3,13,0.0,11
2008,Bahrain Grand Prix,Kimi Räikkönen,Ferrari,4,4,2,8.0,1
2008,Bahrain Grand Prix,Heikki Kovalainen,McLaren,5,5,5,4.0,1
2008,Bahrain Grand Prix,Nick Heidfeld,BMW Sauber,6,6,4,5.0,1
2008,Bahrain Grand Prix,Jarno Trulli,Toyota,7,7,6,3.0,1
2008,Bahrain Grand Prix,Nico Rosberg,Williams,8,8,8,1.0,1
2008,Bahrain Grand Prix,Jenson Button,Honda,9,9,21,0.0,4
2008,Bahrain Grand Prix,Fernando Alonso,Renault,10,10,10,0.0,1
2008,Bahrain Grand Prix,Mark Webber,Red Bull,11,11,7,2.0,1
2008,Bahrain Grand Prix,Rubens Barrichello,Honda,12,12,11,0.0,1
2008,Bahrain Grand Prix,Timo Glock,Toyota,13,13,9,0.0,1
2008,Bahrain Grand Prix,Nelson Piquet Jr.,Renault,14,14,20,0.0,6
2008,Bahrain Grand Prix,Sébastien Bourdais,Toro Rosso,15,15,15,0.0,11
2008,Bahrain Grand Prix,Kazuki Nakajima,Williams,16,16,14,0.0,11
2008,Bahrain Grand Prix,David Coulthard,Red Bull,17,17,18,0.0,11
2008,Bahrain Grand Prix,Giancarlo Fisichella,Force India,18,18,12,0.0,11
2008,Bahrain Grand Prix,Sebastian Vettel,Toro Rosso,19,19,22,0.0,5
2008,Bahrain Grand Prix,Adrian Sutil,Force India,20,20,19,0.0,12
2008,Bahrain Grand Prix,Anthony Davidson,Super Aguri,21,21,16,0.0,11
2008,Bahrain Grand Prix,Takuma Sato,Super Aguri,22,22,17,0.0,11
2008,Spanish Grand Prix,Kimi Räikkönen,Ferrari,1,1,1,10.0,1
2008,Spanish Grand Prix,Fernando Alonso,Renault,2,2,15,0.0,5
2008,Spanish Grand Prix,Felipe Massa,Ferrari,3,3,2,8.0,1
2008,Spanish Grand Prix,Robert Kubica,BMW Sauber,4,4,4,5.0,1
2008,Spanish Grand Prix,Lewis Hamilton,McLaren,5,5,3,6.0,1
2008,Spanish Grand Prix,Heikki Kovalainen,McLaren,6,6,17,0.0,3
2008,Spanish Grand Prix,Mark Webber,Red Bull,7,7,5,4.0,1
2008,Spanish Grand Prix,Jarno Trulli,Toyota,8,8,8,1.0,1
2008,Spanish Grand Prix,Nick Heidfeld,BMW Sauber,9,9,9,0.0,1
2008,Spanish Grand Prix,Nelson Piquet Jr.,Renault,10,10,20,0.0,4
2008,Spanish Grand Prix,Rubens Barrichello,Honda,11,11,16,0.0,4
2008,Spanish Grand Prix,Kazuki Nakajima,Williams,12,12,7,2.0,1
2008,Spanish Grand Prix,Jenson Button,Honda,13,13,6,3.0,1
2008,Spanish Grand Prix,Timo Glock,Toyota,14,14,11,0.0,11
2008,Spanish Grand Prix,Nico Rosberg,Williams,15,15,14,0.0,5
2008,Spanish Grand Prix,Sébastien Bourdais,Toro Rosso,16,16,19,0.0,4
2008,Spanish Grand Prix,David Coulthard,Red Bull,17,17,12,0.0,11
2008,Spanish Grand Prix,Sebastian Vettel,Toro Rosso,18,18,22,0.0,4
2008,Spanish Grand Prix,Giancarlo Fisichella,Force India,19,19,10,0.0,11
2008,Spanish Grand Prix,Adrian Sutil,Force India,20,20,21,0.0,4
2008,Spanish Grand Prix,Anthony Davidson,Super Aguri,21,21,18,0.0,21
2008,Spanish Grand Prix,Takuma Sato,Super Aguri,22,22,13,0.0,11
2008,Turkish Grand Prix,Felipe Massa,Ferrari,1,1,1,10.0,1
2008,Turkish Grand Prix,Heikki Kovalainen,McLaren,2,2,12,0.0,11
2008,Turkish Grand Prix,Lewis Hamilton,McLaren,3,3,2,8.0,1
2008,Turkish Grand Prix,Kimi Räikkönen,Ferrari,4,4,3,6.0,1
2008,Turkish Grand Prix,Robert Kubica,BMW Sauber,5,5,4,5.0,1
2008,Turkish Grand Prix,Mark Webber,Red Bull,6,6,7,2.0,1
2008,Turkish Grand Prix,Fernando Alonso,Renault,7,7,6,3.0,1
2008,Turkish Grand Prix,Jarno Trulli,Toyota,8,8,10,0.0,1
2008,Turkish Grand Prix,Nick Heidfeld,BMW Sauber,9,9,5,4.0,1
2008,Turkish Grand Prix,David Coulthard,Red Bull,10,10,9,0.0,1
2008,Turkish Grand Prix,Nico Rosberg,Williams,11,11,8,1.0,1
2008,Turkish Grand Prix,Rubens Barrichello,Honda,12,12,14,0.0,11
2008,Turkish Grand Prix,Jenson Button,Honda,13,13,11,0.0,11
2008,Turkish Grand Prix,Sebastian Vettel,Toro Rosso,14,14,17,0.0,11
2008,Turkish Grand Prix,Timo Glock,Toyota,15,15,13,0.0,11
2008,Turkish Grand Prix,Kazuki Nakajima,Williams,16,16,19,0.0,4
2008,Turkish Grand Prix,Nelson Piquet Jr.,Renault,17,17,15,0.0,11
2008,Turkish Grand Prix,Sébastien Bourdais,Toro Rosso,18,18,18,0.0,22
2008,Turkish Grand Prix,Giancarlo Fisichella,Force India,19,20,20,0.0,4
2008,Turkish Grand Prix,Adrian Sutil,Force India,20,19,16,0.0,11
2008,Monaco Grand Prix,Felipe Massa,Ferrari,1,1,3,6.0,1
2008,Monaco Grand Prix,Kimi Räikkönen,Ferrari,2,2,9,0.0,1
2008,Monaco Grand Prix,Lewis Hamilton,McLaren,3,3,1,10.0,1
2008,Monaco Grand Prix,Heikki Kovalainen,McLaren,4,4,8,1.0,1
2008,Monaco Grand Prix,Robert Kubica,BMW Sauber,5,5,2,8.0,1
2008,Monaco Grand Prix,Nico Rosberg,Williams,6,6,16,0.0,3
2008,Monaco Grand Prix,Fernando Alonso,Renault,7,7,10,0.0,11
2008,Monaco Grand Prix,Jarno Trulli,Toyota,8,8,13,0.0,11
2008,Monaco Grand Prix,Mark Webber,Red Bull,9,9,4,5.0,1
2008,Monaco Grand Prix,David Coulthard,Red Bull,10,15,19,0.0,3
2008,Monaco Grand Prix,Timo Glock,Toyota,11,10,12,0.0,11
2008,Monaco Grand Prix,Jenson Button,Honda,12,11,11,0.0,11
2008,Monaco Grand Prix,Nick Heidfeld,BMW Sauber,13,12,14,0.0,14
2008,Monaco Grand Prix,Kazuki Nakajima,Williams,14,13,7,2.0,1
2008,Monaco Grand Prix,Rubens Barrichello,Honda,15,14,6,3.0,1
2008,Monaco Grand Prix,Sébastien Bourdais,Toro Rosso,16,16,20,0.0,4
2008,Monaco Grand Prix,Nelson Piquet Jr.,Renault,17,17,17,0.0,3
2008,Monaco Grand Prix,Sebastian Vettel,Toro Rosso,18,19,5,4.0,1
2008,Monaco Grand Prix,Adrian Sutil,Force India,19,18,15,0.0,4
2008,Monaco Grand Prix,Giancarlo Fisichella,Force India,20,20,18,0.0,6
2008,Canadian Grand Prix,Lewis Hamilton,McLaren,1,1,19,0.0,4
2008,Canadian Grand Prix,Robert Kubica,BMW Sauber,2,2,1,10.0,1
2008,Canadian Grand Prix,Kimi Räikkönen,Ferrari,3,3,18,0.0,4
2008,Canadian Grand Prix,Fernando Alonso,Renault,4,4,16,0.0,20
2008,Canadian Grand Prix,Nico Rosberg,Williams,5,5,10,0.0,1
2008,Canadian Grand Prix,Felipe Massa,Ferrari,6,6,5,4.0,1
2008,Canadian Grand Prix,Heikki Kovalainen,McLaren,7,7,9,0.0,1
2008,Canadian Grand Prix,Nick Heidfeld,BMW Sauber,8,8,2,8.0,1
2008,Canadian Grand Prix,Rubens Barrichello,Honda,9,9,7,2.0,1
2008,Canadian Grand Prix,Mark Webber,Red Bull,10,10,12,0.0,1
2008,Canadian Grand Prix,Timo Glock,Toyota,11,11,4,5.0,1
2008,Canadian Grand Prix,Kazuki Nakajima,Williams,12,12,15,0.0,3
2008,Canadian Grand Prix,David Coulthard,Red Bull,13,13,3,6.0,1
2008,Canadian Grand Prix,Jarno Trulli,Toyota,14,14,6,3.0,1
2008,Canadian Grand Prix,Nelson Piquet Jr.,Renault,15,15,17,0.0,23
2008,Canadian Grand Prix,Sébastien Bourdais,Toro Rosso,16,18,13,0.0,11
2008,Canadian Grand Prix,Adrian Sutil,Force India,17,16,20,0.0,6
2008,Canadian Grand Prix,Giancarlo Fisichella,Force India,18,17,14,0.0,20
2008,Canadian Grand Prix,Jenson Button,Honda,19,20,11,0.0,1
2008,Canadian Grand Prix,Sebastian Vettel,Toro Rosso,20,19,8,1.0,1
2008,French Grand Prix,Kimi Räikkönen,Ferrari,1,1,2,8.0,1
2008,French Grand Prix,Felipe Massa,Ferrari,2,2,1,10.0,1
2008,French Grand Prix,Lewis Hamilton,McLaren,3,13,10,0.0,1
2008,French Grand Prix,Fernando Alonso,Renault,4,3,8,1.0,1
2008,French Grand Prix,Jarno Trulli,Toyota,5,4,3,6.0,1
2008,French Grand Prix,Heikki Kovalainen,McLaren,6,10,4,5.0,1
2008,French Grand Prix,Robert Kubica,BMW Sauber,7,5,5,4.0,1
2008,French Grand Prix,Mark Webber,Red Bull,8,6,6,3.0,1
2008,French Grand Prix,David Coulthard,Red Bull,9,7,9,0.0,1
2008,French Grand Prix,Timo Glock,Toyota,10,8,11,0.0,1
2008,French Grand Prix,Nelson Piquet Jr.,Renault,11,9,7,2.0,1
2008,French Grand Prix,Nick Heidfeld,BMW Sauber,12,11,13,0.0,1
2008,French Grand Prix,Sebastian Vettel,Toro Rosso,13,12,12,0.0,1
2008,French Grand Prix,Sébastien Bourdais,Toro Rosso,14,14,17,0.0,11
2008,French Grand Prix,Nico Rosberg,Williams,15,19,16,0.0,11
2008,French Grand Prix,Kazuki Nakajima,Williams,16,15,15,0.0,11
2008,French Grand Prix,Jenson Button,Honda,17,16,20,0.0,4
2008,French Grand Prix,Rubens Barrichello,Honda,18,20,14,0.0,11
2008,French Grand Prix,Giancarlo Fisichella,Force India,19,17,18,0.0,11
2008,French Grand Prix,Adrian Sutil,Force India,20,18,19,0.0,11
2008,British Grand Prix,Heikki Kovalainen,McLaren,1,1,5,4.0,11
2008,British Grand Prix,Mark Webber,Red Bull,2,2,10,0.0,11
2008,British Grand Prix,Kimi Räikkönen,Ferrari,3,3,4,5.0,11
2008,British Grand Prix,Lewis Hamilton,McLaren,4,4,1,10.0,1
2008,British Grand Prix,Nick Heidfeld,BMW Sauber,5,5,2,8.0,1
2008,British Grand Prix,Fernando Alonso,Renault,6,6,6,3.0,11
2008,British Grand Prix,Nelson Piquet Jr.,Renault,7,7,16,0.0,20
2008,British Grand Prix,Sebastian Vettel,Toro Rosso,8,8,19,0.0,4
2008,British Grand Prix,Felipe Massa,Ferrari,9,9,13,0.0,12
2008,British Grand Prix,Robert Kubica,BMW Sauber,10,10,14,0.0,20
2008,British Grand Prix,David Coulthard,Red Bull,11,11,20,0.0,4
2008,British Grand Prix,Timo Glock,Toyota,12,12,12,0.0,11
2008,British Grand Prix,Sébastien Bourdais,Toro Rosso,13,13,11,0.0,11
2008,British Grand Prix,Jarno Trulli,Toyota,14,14,7,2.0,11
2008,British Grand Prix,Kazuki Nakajima,Williams,15,15,8,1.0,11
2008,British Grand Prix,Rubens Barrichello,Honda,16,16,3,6.0,1
2008,British Grand Prix,Jenson Button,Honda,17,17,15,0.0,20
2008,British Grand Prix,Nico Rosberg,Williams,18,20,9,0.0,11
2008,British Grand Prix,Adrian Sutil,Force India,19,18,18,0.0,20
2008,British Grand Prix,Giancarlo Fisichella,Force India,20,19,17,0.0,20
2008,German Grand Prix,Lewis Hamilton,McLaren,1,1,1,10.0,1
2008,German Grand Prix,Felipe Massa,Ferrari,2,2,3,6.0,1
2008,German Grand Prix,Heikki Kovalainen,McLaren,3,3,5,4.0,1
2008,German Grand Prix,Jarno Trulli,Toyota,4,4,9,0.0,1
2008,German Grand Prix,Fernando Alonso,Renault,5,5,11,0.0,1
2008,German Grand Prix,Kimi Räikkönen,Ferrari,6,6,6,3.0,1
2008,German Grand Prix,Robert Kubica,BMW Sauber,7,7,7,2.0,1
2008,German Grand Prix,Mark Webber,Red Bull,8,8,19,0.0,5
2008,German Grand Prix,Sebastian Vettel,Toro Rosso,9,9,8,1.0,1
2008,German Grand Prix,David Coulthard,Red Bull,10,10,13,0.0,1
2008,German Grand Prix,Timo Glock,Toyota,11,11,20,0.0,22
2008,German Grand Prix,Nick Heidfeld,BMW Sauber,12,12,4,5.0,1
2008,German Grand Prix,Nico Rosberg,Williams,13,13,10,0.0,1
2008,German Grand Prix,Jenson Button,Honda,14,14,17,0.0,11
2008,German Grand Prix,Sébastien Bourdais,Toro Rosso,15,15,12,0.0,1
2008,German Grand Prix,Kazuki Nakajima,Williams,16,16,14,0.0,1
2008,German Grand Prix,Nelson Piquet Jr.,Renault,17,17,2,8.0,1
2008,German Grand Prix,Rubens Barrichello,Honda,18,18,18,0.0,4
2008,German Grand Prix,Adrian Sutil,Force India,19,19,15,0.0,1
2008,German Grand Prix,Giancarlo Fisichella,Force India,20,20,16,0.0,1
2008,Hungarian Grand Prix,Lewis Hamilton,McLaren,1,1,5,4.0,1
2008,Hungarian Grand Prix,Heikki Kovalainen,McLaren,2,2,1,10.0,1
2008,Hungarian Grand Prix,Felipe Massa,Ferrari,3,3,17,0.0,5
2008,Hungarian Grand Prix,Robert Kubica,BMW Sauber,4,4,8,1.0,1
2008,Hungarian Grand Prix,Timo Glock,Toyota,5,5,2,8.0,1
2008,Hungarian Grand Prix,Kimi Räikkönen,Ferrari,6,6,3,6.0,1
2008,Hungarian Grand Prix,Fernando Alonso,Renault,7,7,4,5.0,1
2008,Hungarian Grand Prix,Mark Webber,Red Bull,8,8,9,0.0,1
2008,Hungarian Grand Prix,Jarno Trulli,Toyota,9,9,7,2.0,1
2008,Hungarian Grand Prix,Nelson Piquet Jr.,Renault,10,10,6,3.0,1
2008,Hungarian Grand Prix,Sebastian Vettel,Toro Rosso,11,11,20,0.0,25
2008,Hungarian Grand Prix,Jenson Button,Honda,12,12,12,0.0,11
2008,Hungarian Grand Prix,David Coulthard,Red Bull,13,13,11,0.0,1
2008,Hungarian Grand Prix,Sébastien Bourdais,Toro Rosso,14,19,18,0.0,13
2008,Hungarian Grand Prix,Nico Rosberg,Williams,15,14,14,0.0,11
2008,Hungarian Grand Prix,Nick Heidfeld,BMW Sauber,16,15,10,0.0,1
2008,Hungarian Grand Prix,Kazuki Nakajima,Williams,17,16,13,0.0,11
2008,Hungarian Grand Prix,Rubens Barrichello,Honda,18,17,16,0.0,12
2008,Hungarian Grand Prix,Giancarlo Fisichella,Force India,19,18,15,0.0,11
2008,Hungarian Grand Prix,Adrian Sutil,Force India,20,20,19,0.0,23
2008,European Grand Prix,Felipe Massa,Ferrari,1,1,1,10.0,1
2008,European Grand Prix,Lewis Hamilton,McLaren,2,2,2,8.0,1
2008,European Grand Prix,Robert Kubica,BMW Sauber,3,3,3,6.0,1
2008,European Grand Prix,Kimi Räikkönen,Ferrari,4,4,18,0.0,5
2008,European Grand Prix,Heikki Kovalainen,McLaren,5,5,4,5.0,1
2008,European Grand Prix,Sebastian Vettel,Toro Rosso,6,6,6,3.0,1
2008,European Grand Prix,Jarno Trulli,Toyota,7,7,5,4.0,1
2008,European Grand Prix,Nick Heidfeld,BMW Sauber,8,8,9,0.0,1
2008,European Grand Prix,Nico Rosberg,Williams,9,9,8,1.0,1
2008,European Grand Prix,Sébastien Bourdais,Toro Rosso,10,10,10,0.0,1
2008,European Grand Prix,Kazuki Nakajima,Williams,11,11,15,0.0,11
2008,European Grand Prix,Fernando Alonso,Renault,12,12,20,0.0,4
2008,European Grand Prix,Timo Glock,Toyota,13,13,7,2.0,1
2008,European Grand Prix,Mark Webber,Red Bull,14,14,12,0.0,11
2008,European Grand Prix,Nelson Piquet Jr.,Renault,15,15,11,0.0,1
2008,European Grand Prix,Jenson Button,Honda,16,16,13,0.0,11
2008,European Grand Prix,David Coulthard,Red Bull,17,17,17,0.0,11
2008,European Grand Prix,Giancarlo Fisichella,Force India,18,18,14,0.0,11
2008,European Grand Prix,Rubens Barrichello,Honda,19,19,16,0.0,11
2008,European Grand Prix,Adrian Sutil,Force India,20,20,19,0.0,3
2008,Belgian Grand Prix,Lewis Hamilton,McLaren,1,1,3,6.0,1
2008,Belgian Grand Prix,Felipe Massa,Ferrari,2,2,1,10.0,1
2008,Belgian Grand Prix,Heikki Kovalainen,McLaren,3,3,10,0.0,6
2008,Belgian Grand Prix,Kimi Räikkönen,Ferrari,4,4,18,0.0,20
2008,Belgian Grand Prix,Nick Heidfeld,BMW Sauber,5,5,2,8.0,1
2008,Belgian Grand Prix,Fernando Alonso,Renault,6,6,4,5.0,1
2008,Belgian Grand Prix,Mark Webber,Red Bull,7,7,8,1.0,1
2008,Belgian Grand Prix,Robert Kubica,BMW Sauber,8,8,6,3.0,1
2008,Belgian Grand Prix,Sébastien Bourdais,Toro Rosso,9,9,7,2.0,1
2008,Belgian Grand Prix,Sebastian Vettel,Toro Rosso,10,10,5,4.0,1
2008,Belgian Grand Prix,Jarno Trulli,Toyota,11,11,16,0.0,11
2008,Belgian Grand Prix,Nelson Piquet Jr.,Renault,12,12,20,0.0,20
2008,Belgian Grand Prix,Timo Glock,Toyota,13,13,9,0.0,1
2008,Belgian Grand Prix,David Coulthard,Red Bull,14,14,11,0.0,11
2008,Belgian Grand Prix,Nico Rosberg,Williams,15,15,12,0.0,11
2008,Belgian Grand Prix,Rubens Barrichello,Honda,16,16,19,0.0,6
2008,Belgian Grand Prix,Jenson Button,Honda,17,17,15,0.0,11
2008,Belgian Grand Prix,Adrian Sutil,Force India,18,18,13,0.0,11
2008,Belgian Grand Prix,Kazuki Nakajima,Williams,19,19,14,0.0,11
2008,Belgian Grand Prix,Giancarlo Fisichella,Force India,20,20,17,0.0,11
2008,Italian Grand Prix,Sebastian Vettel,Toro Rosso,1,1,1,10.0,1
2008,Italian Grand Prix,Heikki Kovalainen,McLaren,2,2,2,8.0,1
2008,Italian Grand Prix,Mark Webber,Red Bull,3,3,8,1.0,1
2008,Italian Grand Prix,Sébastien Bourdais,Toro Rosso,4,4,18,0.0,11
2008,Italian Grand Prix,Nico Rosberg,Williams,5,5,14,0.0,1
2008,Italian Grand Prix,Felipe Massa,Ferrari,6,6,6,3.0,1
2008,Italian Grand Prix,Jarno Trulli,Toyota,7,7,13,0.0,1
2008,Italian Grand Prix,Fernando Alonso,Renault,8,8,4,5.0,1
2008,Italian Grand Prix,Timo Glock,Toyota,9,9,11,0.0,1
2008,Italian Grand Prix,Nick Heidfeld,BMW Sauber,10,10,5,4.0,1
2008,Italian Grand Prix,Robert Kubica,BMW Sauber,11,11,3,6.0,1
2008,Italian Grand Prix,Giancarlo Fisichella,Force India,12,12,20,0.0,3
2008,Italian Grand Prix,David Coulthard,Red Bull,13,13,16,0.0,11
2008,Italian Grand Prix,Kimi Räikkönen,Ferrari,14,14,9,0.0,1
2008,Italian Grand Prix,Lewis Hamilton,McLaren,15,15,7,2.0,1
2008,Italian Grand Prix,Rubens Barrichello,Honda,16,16,17,0.0,11
2008,Italian Grand Prix,Nelson Piquet Jr.,Renault,17,17,10,0.0,1
2008,Italian Grand Prix,Kazuki Nakajima,Williams,18,18,12,0.0,1
2008,Italian Grand Prix,Jenson Button,Honda,19,19,15,0.0,1
2008,Italian Grand Prix,Adrian Sutil,Force India,20,20,19,0.0,12
2008,Singapore Grand Prix,Felipe Massa,Ferrari,1,1,13,0.0,1
2008,Singapore Grand Prix,Lewis Hamilton,McLaren,2,2,3,6.0,1
2008,Singapore Grand Prix,Kimi Räikkönen,Ferrari,3,3,15,0.0,3
2008,Singapore Grand Prix,Robert Kubica,BMW Sauber,4,4,11,0.0,1
2008,Singapore Grand Prix,Heikki Kovalainen,McLaren,5,5,10,0.0,1
2008,Singapore Grand Prix,Nick Heidfeld,BMW Sauber,6,9,6,3.0,1
2008,Singapore Grand Prix,Sebastian Vettel,Toro Rosso,7,6,5,4.0,1
2008,Singapore Grand Prix,Timo Glock,Toyota,8,7,4,5.0,1
2008,Singapore Grand Prix,Nico Rosberg,Williams,9,8,2,8.0,1
2008,Singapore Grand Prix,Kazuki Nakajima,Williams,10,10,8,1.0,1
2008,Singapore Grand Prix,Jarno Trulli,Toyota,11,11,16,0.0,9
2008,Singapore Grand Prix,Jenson Button,Honda,12,12,9,0.0,1
2008,Singapore Grand Prix,Mark Webber,Red Bull,13,13,18,0.0,7
2008,Singapore Grand Prix,David Coulthard,Red Bull,14,14,7,2.0,1
2008,Singapore Grand Prix,Fernando Alonso,Renault,15,15,1,10.0,1
2008,Singapore Grand Prix,Nelson Piquet Jr.,Renault,16,16,20,0.0,3
2008,Singapore Grand Prix,Sébastien Bourdais,Toro Rosso,17,17,12,0.0,1
2008,Singapore Grand Prix,Rubens Barrichello,Honda,18,18,19,0.0,26
2008,Singapore Grand Prix,Adrian Sutil,Force India,19,19,17,0.0,3
2008,Singapore Grand Prix,Giancarlo Fisichella,Force India,20,20,14,0.0,1
2008,Japanese Grand Prix,Lewis Hamilton,McLaren,1,1,12,0.0,1
2008,Japanese Grand Prix,Kimi Räikkönen,Ferrari,2,2,3,6.0,1
2008,Japanese Grand Prix,Heikki Kovalainen,McLaren,3,3,17,0.0,5
2008,Japanese Grand Prix,Fernando Alonso,Renault,4,4,1,10.0,1
2008,Japanese Grand Prix,Felipe Massa,Ferrari,5,5,7,2.0,1
2008,Japanese Grand Prix,Robert Kubica,BMW Sauber,6,6,2,8.0,1
2008,Japanese Grand Prix,Jarno Trulli,Toyota,7,7,5,4.0,1
2008,Japanese Grand Prix,Timo Glock,Toyota,8,8,19,0.0,28
2008,Japanese Grand Prix,Sebastian Vettel,Toro Rosso,9,9,6,3.0,1
2008,Japanese Grand Prix,Sébastien Bourdais,Toro Rosso,10,10,10,0.0,1
2008,Japanese Grand Prix,David Coulthard,Red Bull,11,11,20,0.0,4
2008,Japanese Grand Prix,Nelson Piquet Jr.,Renault,12,12,4,5.0,1
2008,Japanese Grand Prix,Mark Webber,Red Bull,13,13,8,1.0,1
2008,Japanese Grand Prix,Kazuki Nakajima,Williams,14,14,15,0.0,11
2008,Japanese Grand Prix,Nico Rosberg,Williams,15,15,11,0.0,1
2008,Japanese Grand Prix,Nick Heidfeld,BMW Sauber,16,16,9,0.0,1
2008,Japanese Grand Prix,Rubens Barrichello,Honda,17,17,13,0.0,11
2008,Japanese Grand Prix,Jenson Button,Honda,18,18,14,0.0,11
2008,Japanese Grand Prix,Adrian Sutil,Force India,19,19,18,0.0,27
2008,Japanese Grand Prix,Giancarlo Fisichella,Force India,20,20,16,0.0,6
2008,Chinese Grand Prix,Lewis Hamilton,McLaren,1,1,1,10.0,1
2008,Chinese Grand Prix,Kimi Räikkönen,Ferrari,2,2,3,6.0,1
2008,Chinese Grand Prix,Felipe Massa,Ferrari,3,3,2,8.0,1
2008,Chinese Grand Prix,Fernando Alonso,Renault,4,4,4,5.0,1
2008,Chinese Grand Prix,Heikki Kovalainen,McLaren,5,5,18,0.0,9
2008,Chinese Grand Prix,Mark Webber,Red Bull,6,16,14,0.0,1
2008,Chinese Grand Prix,Nick Heidfeld,BMW Sauber,7,9,5,4.0,1
2008,Chinese Grand Prix,Sebastian Vettel,Toro Rosso,8,6,9,0.0,1
2008,Chinese Grand Prix,Jarno Trulli,Toyota,9,7,20,0.0,4
2008,Chinese Grand Prix,Sébastien Bourdais,Toro Rosso,10,8,13,0.0,1
2008,Chinese Grand Prix,Nelson Piquet Jr.,Renault,11,10,8,1.0,1
2008,Chinese Grand Prix,Robert Kubica,BMW Sauber,12,11,6,3.0,1
2008,Chinese Grand Prix,Timo Glock,Toyota,13,12,7,2.0,1
2008,Chinese Grand Prix,Rubens Barrichello,Honda,14,13,11,0.0,1
2008,Chinese Grand Prix,Nico Rosberg,Williams,15,14,15,0.0,11
2008,Chinese Grand Prix,David Coulthard,Red Bull,16,15,10,0.0,1
2008,Chinese Grand Prix,Kazuki Nakajima,Williams,17,17,12,0.0,1
2008,Chinese Grand Prix,Jenson Button,Honda,18,18,16,0.0,11
2008,Chinese Grand Prix,Adrian Sutil,Force India,19,19,19,0.0,5
2008,Chinese Grand Prix,Giancarlo Fisichella,Force India,20,20,17,0.0,11
2008,Brazilian Grand Prix,Felipe Massa,Ferrari,1,1,1,10.0,1
2008,Brazilian Grand Prix,Jarno Trulli,Toyota,2,2,8,1.0,1
2008,Brazilian Grand Prix,Kimi Räikkönen,Ferrari,3,3,3,6.0,1
2008,Brazilian Grand Prix,Lewis Hamilton,McLaren,4,4,5,4.0,1
2008,Brazilian Grand Prix,Heikki Kovalainen,McLaren,5,5,7,2.0,1
2008,Brazilian Grand Prix,Fernando Alonso,Renault,6,6,2,8.0,1
2008,Brazilian Grand Prix,Sebastian Vettel,Toro Rosso,7,7,4,5.0,1
2008,Brazilian Grand Prix,Nick Heidfeld,BMW Sauber,8,8,10,0.0,11
2008,Brazilian Grand Prix,Sébastien Bourdais,Toro Rosso,9,9,14,0.0,11
2008,Brazilian Grand Prix,Timo Glock,Toyota,10,10,6,3.0,1
2008,Brazilian Grand Prix,Nelson Piquet Jr.,Renault,11,11,19,0.0,3
2008,Brazilian Grand Prix,Mark Webber,Red Bull,12,12,9,0.0,1
2008,Brazilian Grand Prix,Robert Kubica,BMW Sauber,13,13,11,0.0,11
2008,Brazilian Grand Prix,David Coulthard,Red Bull,14,14,20,0.0,4
2008,Brazilian Grand Prix,Rubens Barrichello,Honda,15,15,15,0.0,11
2008,Brazilian Grand Prix,Kazuki Nakajima,Williams,16,16,17,0.0,12
2008,Brazilian Grand Prix,Jenson Button,Honda,17,17,13,0.0,11
2008,Brazilian Grand Prix,Nico Rosberg,Williams,18,18,12,0.0,11
2008,Brazilian Grand Prix,Giancarlo Fisichella,Force India,19,19,18,0.0,12
2008,Brazilian Grand Prix,Adrian Sutil,Force India,20,20,16,0.0,12
2007,Australian Grand Prix,Kimi Räikkönen,Ferrari,1,1,1,10.0,1
2007,Australian Grand Prix,Fernando Alonso,McLaren,2,2,2,8.0,1
2007,Australian Grand Prix,Nick Heidfeld,BMW Sauber,3,3,4,5.0,1
2007,Australian Grand Prix,Lewis Hamilton,McLaren,4,4,3,6.0,1
2007,Australian Grand Prix,Robert Kubica,BMW Sauber,5,5,20,0.0,6
2007,Australian Grand Prix,Giancarlo Fisichella,Renault,6,6,5,4.0,1
2007,Australian Grand Prix,Mark Webber,Red Bull,7,7,13,0.0,11
2007,Australian Grand Prix,Jarno Trulli,Toyota,8,8,9,0.0,11
2007,Australian Grand Prix,Ralf Schumacher,Toyota,9,9,8,1.0,11
2007,Australian Grand Prix,Takuma Sato,Super Aguri,10,10,12,0.0,11
2007,Australian Grand Prix,Anthony Davidson,Super Aguri,11,11,16,0.0,12
2007,Australian Grand Prix,Nico Rosberg,Williams,12,12,7,2.0,11
2007,Australian Grand Prix,Heikki Kovalainen,Renault,13,13,10,0.0,11
2007,Australian Grand Prix,Jenson Button,Honda,14,14,15,0.0,11
2007,Australian Grand Prix,Alexander Wurz,Williams,15,15,18,0.0,4
2007,Australian Grand Prix,Felipe Massa,Ferrari,16,22,6,3.0,1
2007,Australian Grand Prix,Rubens Barrichello,Honda,17,16,11,0.0,11
2007,Australian Grand Prix,Scott Speed,Toro Rosso,18,17,21,0.0,29
2007,Australian Grand Prix,David Coulthard,Red Bull,19,18,19,0.0,4
2007,Australian Grand Prix,Vitantonio Liuzzi,Toro Rosso,20,19,14,0.0,11
2007,Australian Grand Prix,Adrian Sutil,Spyker,21,20,17,0.0,12
2007,Australian Grand Prix,Christijan Albers,Spyker,22,21,22,0.0,3
2007,Malaysian Grand Prix,Felipe Massa,Ferrari,1,1,5,4.0,1
2007,Malaysian Grand Prix,Fernando Alonso,McLaren,2,2,1,10.0,1
2007,Malaysian Grand Prix,Kimi Räikkönen,Ferrari,3,3,3,6.0,1
2007,Malaysian Grand Prix,Lewis Hamilton,McLaren,4,4,2,8.0,1
2007,Malaysian Grand Prix,Nick Heidfeld,BMW Sauber,5,5,4,5.0,1
2007,Malaysian Grand Prix,Nico Rosberg,Williams,6,6,19,0.0,9
2007,Malaysian Grand Prix,Robert Kubica,BMW Sauber,7,7,18,0.0,11
2007,Malaysian Grand Prix,Jarno Trulli,Toyota,8,8,7,2.0,1
2007,Malaysian Grand Prix,Ralf Schumacher,Toyota,9,9,15,0.0,11
2007,Malaysian Grand Prix,Mark Webber,Red Bull,10,10,10,0.0,1
2007,Malaysian Grand Prix,Heikki Kovalainen,Renault,11,11,8,1.0,1
2007,Malaysian Grand Prix,Giancarlo Fisichella,Renault,12,12,6,3.0,1
2007,Malaysian Grand Prix,David Coulthard,Red Bull,13,13,20,0.0,23
2007,Malaysian Grand Prix,Takuma Sato,Super Aguri,14,14,13,0.0,11
2007,Malaysian Grand Prix,Jenson Button,Honda,15,15,12,0.0,11
2007,Malaysian Grand Prix,Vitantonio Liuzzi,Toro Rosso,16,16,17,0.0,11
2007,Malaysian Grand Prix,Scott Speed,Toro Rosso,17,17,14,0.0,11
2007,Malaysian Grand Prix,Anthony Davidson,Super Aguri,18,18,16,0.0,11
2007,Malaysian Grand Prix,Rubens Barrichello,Honda,19,22,11,0.0,11
2007,Malaysian Grand Prix,Alexander Wurz,Williams,20,19,9,0.0,1
2007,Malaysian Grand Prix,Christijan Albers,Spyker,21,20,21,0.0,5
2007,Malaysian Grand Prix,Adrian Sutil,Spyker,22,21,22,0.0,4
2007,Bahrain Grand Prix,Felipe Massa,Ferrari,1,1,1,10.0,1
2007,Bahrain Grand Prix,Lewis Hamilton,McLaren,2,2,2,8.0,1
2007,Bahrain Grand Prix,Kimi Räikkönen,Ferrari,3,3,3,6.0,1
2007,Bahrain Grand Prix,Fernando Alonso,McLaren,4,4,5,4.0,1
2007,Bahrain Grand Prix,Nick Heidfeld,BMW Sauber,5,5,4,5.0,1
2007,Bahrain Grand Prix,Robert Kubica,BMW Sauber,6,6,6,3.0,1
2007,Bahrain Grand Prix,Giancarlo Fisichella,Renault,7,7,8,1.0,1
2007,Bahrain Grand Prix,Mark Webber,Red Bull,8,8,17,0.0,6
2007,Bahrain Grand Prix,Jarno Trulli,Toyota,9,9,7,2.0,1
2007,Bahrain Grand Prix,Nico Rosberg,Williams,10,10,10,0.0,1
2007,Bahrain Grand Prix,Alexander Wurz,Williams,11,11,11,0.0,11
2007,Bahrain Grand Prix,Heikki Kovalainen,Renault,12,12,9,0.0,1
2007,Bahrain Grand Prix,Anthony Davidson,Super Aguri,13,13,16,0.0,5
2007,Bahrain Grand Prix,Ralf Schumacher,Toyota,14,14,12,0.0,11
2007,Bahrain Grand Prix,Rubens Barrichello,Honda,15,15,13,0.0,11
2007,Bahrain Grand Prix,Jenson Button,Honda,16,16,21,0.0,4
2007,Bahrain Grand Prix,Takuma Sato,Super Aguri,17,17,19,0.0,5
2007,Bahrain Grand Prix,Vitantonio Liuzzi,Toro Rosso,18,18,20,0.0,9
2007,Bahrain Grand Prix,Scott Speed,Toro Rosso,19,19,22,0.0,4
2007,Bahrain Grand Prix,Adrian Sutil,Spyker,20,20,15,0.0,14
2007,Bahrain Grand Prix,David Coulthard,Red Bull,21,21,18,0.0,30
2007,Bahrain Grand Prix,Christijan Albers,Spyker,22,22,14,0.0,12
2007,Spanish Grand Prix,Felipe Massa,Ferrari,1,1,1,10.0,1
2007,Spanish Grand Prix,Fernando Alonso,McLaren,2,2,3,6.0,1
2007,Spanish Grand Prix,Kimi Räikkönen,Ferrari,3,3,19,0.0,22
2007,Spanish Grand Prix,Lewis Hamilton,McLaren,4,4,2,8.0,1
2007,Spanish Grand Prix,Robert Kubica,BMW Sauber,5,5,4,5.0,1
2007,Spanish Grand Prix,Jarno Trulli,Toyota,6,6,20,0.0,32
2007,Spanish Grand Prix,Nick Heidfeld,BMW Sauber,7,7,15,0.0,6
2007,Spanish Grand Prix,Heikki Kovalainen,Renault,8,8,7,2.0,1
2007,Spanish Grand Prix,David Coulthard,Red Bull,9,9,5,4.0,1
2007,Spanish Grand Prix,Giancarlo Fisichella,Renault,10,10,9,0.0,11
2007,Spanish Grand Prix,Nico Rosberg,Williams,11,11,6,3.0,1
2007,Spanish Grand Prix,Rubens Barrichello,Honda,12,12,10,0.0,11
2007,Spanish Grand Prix,Takuma Sato,Super Aguri,13,13,8,1.0,11
2007,Spanish Grand Prix,Jenson Button,Honda,14,14,12,0.0,11
2007,Spanish Grand Prix,Anthony Davidson,Super Aguri,15,15,11,0.0,11
2007,Spanish Grand Prix,Vitantonio Liuzzi,Toro Rosso,16,16,17,0.0,31
2007,Spanish Grand Prix,Ralf Schumacher,Toyota,17,17,16,0.0,22
2007,Spanish Grand Prix,Alexander Wurz,Williams,18,18,22,0.0,4
2007,Spanish Grand Prix,Mark Webber,Red Bull,19,19,21,0.0,9
2007,Spanish Grand Prix,Adrian Sutil,Spyker,20,20,13,0.0,12
2007,Spanish Grand Prix,Christijan Albers,Spyker,21,21,14,0.0,12
2007,Spanish Grand Prix,Scott Speed,Toro Rosso,22,22,18,0.0,27
2007,Monaco Grand Prix,Fernando Alonso,McLaren,1,1,1,10.0,1
2007,Monaco Grand Prix,Lewis Hamilton,McLaren,2,2,2,8.0,1
2007,Monaco Grand Prix,Felipe Massa,Ferrari,3,3,3,6.0,1
2007,Monaco Grand Prix,Giancarlo Fisichella,Renault,4,4,4,5.0,11
2007,Monaco Grand Prix,Nico Rosberg,Williams,5,5,12,0.0,11
2007,Monaco Grand Prix,Mark Webber,Red Bull,6,6,21,0.0,6
2007,Monaco Grand Prix,Nick Heidfeld,BMW Sauber,7,7,6,3.0,11
2007,Monaco Grand Prix,Robert Kubica,BMW Sauber,8,8,5,4.0,11
2007,Monaco Grand Prix,Rubens Barrichello,Honda,9,9,10,0.0,11
2007,Monaco Grand Prix,Jenson Button,Honda,10,10,11,0.0,11
2007,Monaco Grand Prix,Alexander Wurz,Williams,11,11,7,2.0,11
2007,Monaco Grand Prix,Vitantonio Liuzzi,Toro Rosso,12,12,22,0.0,3
2007,Monaco Grand Prix,David Coulthard,Red Bull,13,13,14,0.0,12
2007,Monaco Grand Prix,Jarno Trulli,Toyota,14,14,15,0.0,12
2007,Monaco Grand Prix,Heikki Kovalainen,Renault,15,15,13,0.0,5
2007,Monaco Grand Prix,Kimi Räikkönen,Ferrari,16,16,8,1.0,11
2007,Monaco Grand Prix,Anthony Davidson,Super Aguri,17,17,18,0.0,12
2007,Monaco Grand Prix,Scott Speed,Toro Rosso,18,18,9,0.0,11
2007,Monaco Grand Prix,Adrian Sutil,Spyker,19,19,20,0.0,3
2007,Monaco Grand Prix,Ralf Schumacher,Toyota,20,20,16,0.0,12
2007,Monaco Grand Prix,Takuma Sato,Super Aguri,21,21,17,0.0,12
2007,Monaco Grand Prix,Christijan Albers,Spyker,22,22,19,0.0,30
2007,Canadian Grand Prix,Lewis Hamilton,McLaren,1,1,1,10.0,1
2007,Canadian Grand Prix,Fernando Alonso,McLaren,2,2,7,2.0,1
2007,Canadian Grand Prix,Nick Heidfeld,BMW Sauber,3,3,2,8.0,1
2007,Canadian Grand Prix,Kimi Räikkönen,Ferrari,4,4,5,4.0,1
2007,Canadian Grand Prix,Felipe Massa,Ferrari,5,5,21,0.0,2
2007,Canadian Grand Prix,Mark Webber,Red Bull,6,6,9,0.0,1
2007,Canadian Grand Prix,Nico Rosberg,Williams,7,7,10,0.0,1
2007,Canadian Grand Prix,Robert Kubica,BMW Sauber,8,8,17,0.0,3
2007,Canadian Grand Prix,Giancarlo Fisichella,Renault,9,9,22,0.0,2
2007,Canadian Grand Prix,Jarno Trulli,Toyota,10,10,13,0.0,3
2007,Canadian Grand Prix,Takuma Sato,Super Aguri,11,11,6,3.0,1
2007,Canadian Grand Prix,Vitantonio Liuzzi,Toro Rosso,12,12,14,0.0,3
2007,Canadian Grand Prix,Rubens Barrichello,Honda,13,13,12,0.0,1
2007,Canadian Grand Prix,David Coulthard,Red Bull,14,14,16,0.0,6
2007,Canadian Grand Prix,Jenson Button,Honda,15,15,20,0.0,6
2007,Canadian Grand Prix,Scott Speed,Toro Rosso,16,16,19,0.0,3
2007,Canadian Grand Prix,Anthony Davidson,Super Aguri,17,17,11,0.0,1
2007,Canadian Grand Prix,Ralf Schumacher,Toyota,18,18,8,1.0,1
2007,Canadian Grand Prix,Alexander Wurz,Williams,19,19,3,6.0,1
2007,Canadian Grand Prix,Adrian Sutil,Spyker,20,20,18,0.0,3
2007,Canadian Grand Prix,Christijan Albers,Spyker,21,21,15,0.0,33
2007,Canadian Grand Prix,Heikki Kovalainen,Renault,22,22,4,5.0,1
2007,United States Grand Prix,Lewis Hamilton,McLaren,1,1,1,10.0,1
2007,United States Grand Prix,Fernando Alonso,McLaren,2,2,2,8.0,1
2007,United States Grand Prix,Felipe Massa,Ferrari,3,3,3,6.0,1
2007,United States Grand Prix,Kimi Räikkönen,Ferrari,4,4,4,5.0,1
2007,United States Grand Prix,Nick Heidfeld,BMW Sauber,5,5,18,0.0,7
2007,United States Grand Prix,Heikki Kovalainen,Renault,6,6,5,4.0,1
2007,United States Grand Prix,Sebastian Vettel,BMW Sauber,7,7,8,1.0,1
2007,United States Grand Prix,Jarno Trulli,Toyota,8,8,6,3.0,1
2007,United States Grand Prix,Mark Webber,Red Bull,9,9,7,2.0,1
2007,United States Grand Prix,Giancarlo Fisichella,Renault,10,10,9,0.0,11
2007,United States Grand Prix,David Coulthard,Red Bull,11,11,20,0.0,4
2007,United States Grand Prix,Ralf Schumacher,Toyota,12,12,22,0.0,4
2007,United States Grand Prix,Jenson Button,Honda,13,13,12,0.0,11
2007,United States Grand Prix,Nico Rosberg,Williams,14,14,16,0.0,5
2007,United States Grand Prix,Rubens Barrichello,Honda,15,15,21,0.0,4
2007,United States Grand Prix,Anthony Davidson,Super Aguri,16,16,11,0.0,11
2007,United States Grand Prix,Alexander Wurz,Williams,17,17,10,0.0,11
2007,United States Grand Prix,Takuma Sato,Super Aguri,18,18,19,0.0,20
2007,United States Grand Prix,Vitantonio Liuzzi,Toro Rosso,19,19,17,0.0,34
2007,United States Grand Prix,Scott Speed,Toro Rosso,20,20,13,0.0,12
2007,United States Grand Prix,Adrian Sutil,Spyker,21,21,14,0.0,12
2007,United States Grand Prix,Christijan Albers,Spyker,22,22,15,0.0,13
2007,French Grand Prix,Felipe Massa,Ferrari,1,1,2,8.0,1
2007,French Grand Prix,Lewis Hamilton,McLaren,2,2,3,6.0,1
2007,French Grand Prix,Kimi Räikkönen,Ferrari,3,3,1,10.0,1
2007,French Grand Prix,Robert Kubica,BMW Sauber,4,4,4,5.0,1
2007,French Grand Prix,Giancarlo Fisichella,Renault,5,5,6,3.0,1
2007,French Grand Prix,Heikki Kovalainen,Renault,6,6,15,0.0,11
2007,French Grand Prix,Nick Heidfeld,BMW Sauber,7,7,5,4.0,1
2007,French Grand Prix,Jarno Trulli,Toyota,8,8,21,0.0,4
2007,French Grand Prix,Nico Rosberg,Williams,9,9,9,0.0,1
2007,French Grand Prix,Fernando Alonso,McLaren,10,10,7,2.0,1
2007,French Grand Prix,Ralf Schumacher,Toyota,11,11,10,0.0,11
2007,French Grand Prix,Jenson Button,Honda,12,12,8,1.0,1
2007,French Grand Prix,Rubens Barrichello,Honda,13,13,11,0.0,11
2007,French Grand Prix,Mark Webber,Red Bull,14,14,12,0.0,11
2007,French Grand Prix,Scott Speed,Toro Rosso,15,15,18,0.0,6
2007,French Grand Prix,David Coulthard,Red Bull,16,16,13,0.0,11
2007,French Grand Prix,Vitantonio Liuzzi,Toro Rosso,17,17,22,0.0,4
2007,French Grand Prix,Alexander Wurz,Williams,18,18,14,0.0,11
2007,French Grand Prix,Anthony Davidson,Super Aguri,19,19,20,0.0,4
2007,French Grand Prix,Christijan Albers,Spyker,20,20,19,0.0,35
2007,French Grand Prix,Adrian Sutil,Spyker,21,21,17,0.0,12
2007,French Grand Prix,Takuma Sato,Super Aguri,22,22,16,0.0,12
2007,British Grand Prix,Lewis Hamilton,McLaren,1,1,3,6.0,1
2007,British Grand Prix,Kimi Räikkönen,Ferrari,2,2,1,10.0,1
2007,British Grand Prix,Fernando Alonso,McLaren,3,3,2,8.0,1
2007,British Grand Prix,Felipe Massa,Ferrari,4,4,5,4.0,1
2007,British Grand Prix,Robert Kubica,BMW Sauber,5,5,4,5.0,1
2007,British Grand Prix,Ralf Schumacher,Toyota,6,6,20,0.0,36
2007,British Grand Prix,Heikki Kovalainen,Renault,7,7,7,2.0,11
2007,British Grand Prix,Giancarlo Fisichella,Renault,8,8,8,1.0,11
2007,British Grand Prix,Nick Heidfeld,BMW Sauber,9,9,6,3.0,1
2007,British Grand Prix,Jarno Trulli,Toyota,10,10,17,0.0,31
2007,British Grand Prix,Mark Webber,Red Bull,11,11,22,0.0,9
2007,British Grand Prix,David Coulthard,Red Bull,12,12,11,0.0,11
2007,British Grand Prix,Alexander Wurz,Williams,13,13,13,0.0,11
2007,British Grand Prix,Rubens Barrichello,Honda,14,14,9,0.0,11
2007,British Grand Prix,Scott Speed,Toro Rosso,15,15,19,0.0,3
2007,British Grand Prix,Vitantonio Liuzzi,Toro Rosso,16,16,16,0.0,6
2007,British Grand Prix,Nico Rosberg,Williams,17,17,12,0.0,11
2007,British Grand Prix,Jenson Button,Honda,18,18,10,0.0,11
2007,British Grand Prix,Anthony Davidson,Super Aguri,19,19,18,0.0,26
2007,British Grand Prix,Adrian Sutil,Spyker,20,20,21,0.0,5
2007,British Grand Prix,Takuma Sato,Super Aguri,21,21,14,0.0,12
2007,British Grand Prix,Christijan Albers,Spyker,22,22,15,0.0,12
2007,European Grand Prix,Kimi Räikkönen,Ferrari,1,1,14,0.0,9
2007,European Grand Prix,Fernando Alonso,McLaren,2,2,1,10.0,1
2007,European Grand Prix,Felipe Massa,Ferrari,3,3,2,8.0,1
2007,European Grand Prix,Nick Heidfeld,BMW Sauber,4,4,6,3.0,1
2007,European Grand Prix,Robert Kubica,BMW Sauber,5,5,7,2.0,1
2007,European Grand Prix,Mark Webber,Red Bull,6,6,3,6.0,1
2007,European Grand Prix,Heikki Kovalainen,Renault,7,7,8,1.0,11
2007,European Grand Prix,Jarno Trulli,Toyota,8,8,13,0.0,11
2007,European Grand Prix,Ralf Schumacher,Toyota,9,9,16,0.0,4
2007,European Grand Prix,Lewis Hamilton,McLaren,10,10,9,0.0,11
2007,European Grand Prix,Nico Rosberg,Williams,11,11,20,0.0,20
2007,European Grand Prix,Alexander Wurz,Williams,12,12,4,5.0,1
2007,European Grand Prix,Giancarlo Fisichella,Renault,13,13,10,0.0,11
2007,European Grand Prix,Rubens Barrichello,Honda,14,14,11,0.0,11
2007,European Grand Prix,Anthony Davidson,Super Aguri,15,15,12,0.0,11
2007,European Grand Prix,Takuma Sato,Super Aguri,16,16,15,0.0,31
2007,European Grand Prix,Jenson Button,Honda,17,17,18,0.0,20
2007,European Grand Prix,Scott Speed,Toro Rosso,18,18,21,0.0,20
2007,European Grand Prix,Vitantonio Liuzzi,Toro Rosso,19,19,22,0.0,20
2007,European Grand Prix,David Coulthard,Red Bull,20,20,5,4.0,1
2007,European Grand Prix,Adrian Sutil,Spyker,21,21,19,0.0,20
2007,European Grand Prix,Markus Winkelhock,Spyker,22,22,17,0.0,9
2007,Hungarian Grand Prix,Fernando Alonso,McLaren,1,6,4,5.0,1
2007,Hungarian Grand Prix,Lewis Hamilton,McLaren,2,1,1,10.0,1
2007,Hungarian Grand Prix,Nick Heidfeld,BMW Sauber,3,2,3,6.0,1
2007,Hungarian Grand Prix,Kimi Räikkönen,Ferrari,4,3,2,8.0,1
2007,Hungarian Grand Prix,Nico Rosberg,Williams,5,4,7,2.0,1
2007,Hungarian Grand Prix,Ralf Schumacher,Toyota,6,5,6,3.0,1
2007,Hungarian Grand Prix,Robert Kubica,BMW Sauber,7,7,5,4.0,1
2007,Hungarian Grand Prix,Giancarlo Fisichella,Renault,8,13,12,0.0,11
2007,Hungarian Grand Prix,Jarno Trulli,Toyota,9,8,10,0.0,11
2007,Hungarian Grand Prix,Mark Webber,Red Bull,10,9,9,0.0,1
2007,Hungarian Grand Prix,David Coulthard,Red Bull,11,10,11,0.0,11
2007,Hungarian Grand Prix,Heikki Kovalainen,Renault,12,11,8,1.0,1
2007,Hungarian Grand Prix,Alexander Wurz,Williams,13,12,14,0.0,11
2007,Hungarian Grand Prix,Felipe Massa,Ferrari,14,14,13,0.0,11
2007,Hungarian Grand Prix,Anthony Davidson,Super Aguri,15,15,20,0.0,3
2007,Hungarian Grand Prix,Vitantonio Liuzzi,Toro Rosso,16,16,19,0.0,10
2007,Hungarian Grand Prix,Jenson Button,Honda,17,17,21,0.0,37
2007,Hungarian Grand Prix,Rubens Barrichello,Honda,18,18,18,0.0,12
2007,Hungarian Grand Prix,Takuma Sato,Super Aguri,19,19,15,0.0,11
2007,Hungarian Grand Prix,Sebastian Vettel,Toro Rosso,20,20,16,0.0,11
2007,Hungarian Grand Prix,Adrian Sutil,Spyker,21,21,17,0.0,12
2007,Hungarian Grand Prix,Sakon Yamamoto,Spyker,22,22,22,0.0,3
2007,Turkish Grand Prix,Felipe Massa,Ferrari,1,1,1,10.0,1
2007,Turkish Grand Prix,Lewis Hamilton,McLaren,2,2,5,4.0,1
2007,Turkish Grand Prix,Kimi Räikkönen,Ferrari,3,3,2,8.0,1
2007,Turkish Grand Prix,Fernando Alonso,McLaren,4,4,3,6.0,1
2007,Turkish Grand Prix,Robert Kubica,BMW Sauber,5,5,8,1.0,1
2007,Turkish Grand Prix,Nick Heidfeld,BMW Sauber,6,6,4,5.0,1
2007,Turkish Grand Prix,Heikki Kovalainen,Renault,7,7,6,3.0,1
2007,Turkish Grand Prix,Nico Rosberg,Williams,8,8,7,2.0,1
2007,Turkish Grand Prix,Jarno Trulli,Toyota,9,9,16,0.0,11
2007,Turkish Grand Prix,Giancarlo Fisichella,Renault,10,10,9,0.0,1
2007,Turkish Grand Prix,Anthony Davidson,Super Aguri,11,11,14,0.0,11
2007,Turkish Grand Prix,Mark Webber,Red Bull,12,12,22,0.0,9
2007,Turkish Grand Prix,David Coulthard,Red Bull,13,13,10,0.0,1
2007,Turkish Grand Prix,Alexander Wurz,Williams,14,14,11,0.0,1
2007,Turkish Grand Prix,Vitantonio Liuzzi,Toro Rosso,15,15,15,0.0,11
2007,Turkish Grand Prix,Ralf Schumacher,Toyota,16,16,12,0.0,11
2007,Turkish Grand Prix,Takuma Sato,Super Aguri,17,17,18,0.0,11
2007,Turkish Grand Prix,Sebastian Vettel,Toro Rosso,18,18,19,0.0,11
2007,Turkish Grand Prix,Adrian Sutil,Spyker,19,19,21,0.0,32
2007,Turkish Grand Prix,Sakon Yamamoto,Spyker,20,20,20,0.0,12
2007,Turkish Grand Prix,Jenson Button,Honda,21,21,13,0.0,11
2007,Turkish Grand Prix,Rubens Barrichello,Honda,22,22,17,0.0,11
2007,Italian Grand Prix,Fernando Alonso,McLaren,1,1,1,10.0,1
2007,Italian Grand Prix,Lewis Hamilton,McLaren,2,2,2,8.0,1
2007,Italian Grand Prix,Felipe Massa,Ferrari,3,3,21,0.0,22
2007,Italian Grand Prix,Nick Heidfeld,BMW Sauber,4,4,4,5.0,1
2007,Italian Grand Prix,Kimi Räikkönen,Ferrari,5,5,3,6.0,1
2007,Italian Grand Prix,Robert Kubica,BMW Sauber,6,6,5,4.0,1
2007,Italian Grand Prix,Heikki Kovalainen,Renault,7,7,7,2.0,1
2007,Italian Grand Prix,Nico Rosberg,Williams,8,8,6,3.0,1
2007,Italian Grand Prix,Jarno Trulli,Toyota,9,9,11,0.0,1
2007,Italian Grand Prix,Jenson Button,Honda,10,10,8,1.0,1
2007,Italian Grand Prix,Mark Webber,Red Bull,11,11,9,0.0,1
2007,Italian Grand Prix,Rubens Barrichello,Honda,12,12,10,0.0,1
2007,Italian Grand Prix,Alexander Wurz,Williams,13,13,13,0.0,11
2007,Italian Grand Prix,Anthony Davidson,Super Aguri,14,14,14,0.0,11
2007,Italian Grand Prix,Giancarlo Fisichella,Renault,15,15,12,0.0,11
2007,Italian Grand Prix,Sebastian Vettel,Toro Rosso,16,16,18,0.0,11
2007,Italian Grand Prix,Takuma Sato,Super Aguri,17,17,16,0.0,11
2007,Italian Grand Prix,Ralf Schumacher,Toyota,18,18,15,0.0,11
2007,Italian Grand Prix,Vitantonio Liuzzi,Toro Rosso,19,19,17,0.0,11
2007,Italian Grand Prix,David Coulthard,Red Bull,20,20,22,0.0,3
2007,Italian Grand Prix,Adrian Sutil,Spyker,21,21,19,0.0,11
2007,Italian Grand Prix,Sakon Yamamoto,Spyker,22,22,20,0.0,11
2007,Belgian Grand Prix,Kimi Räikkönen,Ferrari,1,1,1,10.0,1
2007,Belgian Grand Prix,Felipe Massa,Ferrari,2,2,2,8.0,1
2007,Belgian Grand Prix,Fernando Alonso,McLaren,3,3,3,6.0,1
2007,Belgian Grand Prix,Lewis Hamilton,McLaren,4,4,4,5.0,1
2007,Belgian Grand Prix,Nico Rosberg,Williams,5,5,6,3.0,1
2007,Belgian Grand Prix,Nick Heidfeld,BMW Sauber,6,6,5,4.0,1
2007,Belgian Grand Prix,Mark Webber,Red Bull,7,7,7,2.0,1
2007,Belgian Grand Prix,Jarno Trulli,Toyota,8,8,11,0.0,1
2007,Belgian Grand Prix,Heikki Kovalainen,Renault,9,9,8,1.0,1
2007,Belgian Grand Prix,Ralf Schumacher,Toyota,10,10,10,0.0,1
2007,Belgian Grand Prix,David Coulthard,Red Bull,11,11,20,0.0,9
2007,Belgian Grand Prix,Jenson Button,Honda,12,12,18,0.0,9
2007,Belgian Grand Prix,Vitantonio Liuzzi,Toro Rosso,13,13,12,0.0,11
2007,Belgian Grand Prix,Robert Kubica,BMW Sauber,14,14,9,0.0,1
2007,Belgian Grand Prix,Alexander Wurz,Williams,15,15,19,0.0,32
2007,Belgian Grand Prix,Sebastian Vettel,Toro Rosso,16,16,21,0.0,38
2007,Belgian Grand Prix,Rubens Barrichello,Honda,17,17,13,0.0,11
2007,Belgian Grand Prix,Takuma Sato,Super Aguri,18,18,15,0.0,11
2007,Belgian Grand Prix,Adrian Sutil,Spyker,19,19,14,0.0,11
2007,Belgian Grand Prix,Anthony Davidson,Super Aguri,20,20,16,0.0,11
2007,Belgian Grand Prix,Sakon Yamamoto,Spyker,21,21,17,0.0,11
2007,Belgian Grand Prix,Giancarlo Fisichella,Renault,22,22,22,0.0,22
2007,Japanese Grand Prix,Lewis Hamilton,McLaren,1,1,1,10.0,1
2007,Japanese Grand Prix,Fernando Alonso,McLaren,2,2,21,0.0,3
2007,Japanese Grand Prix,Kimi Räikkönen,Ferrari,3,3,3,6.0,1
2007,Japanese Grand Prix,Felipe Massa,Ferrari,4,4,6,3.0,1
2007,Japanese Grand Prix,Nick Heidfeld,BMW Sauber,5,5,14,0.0,39
2007,Japanese Grand Prix,Jenson Button,Honda,6,6,11,0.0,22
2007,Japanese Grand Prix,Mark Webber,Red Bull,7,7,20,0.0,4
2007,Japanese Grand Prix,Sebastian Vettel,Toro Rosso,8,8,19,0.0,4
2007,Japanese Grand Prix,Robert Kubica,BMW Sauber,9,9,7,2.0,1
2007,Japanese Grand Prix,Giancarlo Fisichella,Renault,10,10,5,4.0,1
2007,Japanese Grand Prix,Heikki Kovalainen,Renault,11,11,2,8.0,1
2007,Japanese Grand Prix,David Coulthard,Red Bull,12,12,4,5.0,1
2007,Japanese Grand Prix,Jarno Trulli,Toyota,13,13,13,0.0,11
2007,Japanese Grand Prix,Vitantonio Liuzzi,Toro Rosso,14,14,9,0.0,1
2007,Japanese Grand Prix,Ralf Schumacher,Toyota,15,15,16,0.0,29
2007,Japanese Grand Prix,Nico Rosberg,Williams,16,16,18,0.0,40
2007,Japanese Grand Prix,Rubens Barrichello,Honda,17,17,10,0.0,1
2007,Japanese Grand Prix,Alexander Wurz,Williams,18,18,22,0.0,4
2007,Japanese Grand Prix,Anthony Davidson,Super Aguri,19,19,17,0.0,37
2007,Japanese Grand Prix,Adrian Sutil,Spyker,20,20,8,1.0,1
2007,Japanese Grand Prix,Takuma Sato,Super Aguri,21,21,15,0.0,4
2007,Japanese Grand Prix,Sakon Yamamoto,Spyker,22,22,12,0.0,11
2007,Chinese Grand Prix,Lewis Hamilton,McLaren,1,1,19,0.0,20
2007,Chinese Grand Prix,Kimi Räikkönen,Ferrari,2,2,1,10.0,1
2007,Chinese Grand Prix,Felipe Massa,Ferrari,3,3,3,6.0,1
2007,Chinese Grand Prix,Fernando Alonso,McLaren,4,4,2,8.0,1
2007,Chinese Grand Prix,David Coulthard,Red Bull,5,5,8,1.0,1
2007,Chinese Grand Prix,Ralf Schumacher,Toyota,6,6,20,0.0,20
2007,Chinese Grand Prix,Mark Webber,Red Bull,7,7,10,0.0,1
2007,Chinese Grand Prix,Nick Heidfeld,BMW Sauber,8,8,7,2.0,1
2007,Chinese Grand Prix,Robert Kubica,BMW Sauber,9,9,18,0.0,9
2007,Chinese Grand Prix,Jenson Button,Honda,10,10,5,4.0,1
2007,Chinese Grand Prix,Vitantonio Liuzzi,Toro Rosso,11,11,6,3.0,1
2007,Chinese Grand Prix,Jarno Trulli,Toyota,12,12,13,0.0,11
2007,Chinese Grand Prix,Heikki Kovalainen,Renault,13,13,9,0.0,1
2007,Chinese Grand Prix,Anthony Davidson,Super Aguri,14,14,22,0.0,23
2007,Chinese Grand Prix,Nico Rosberg,Williams,15,15,16,0.0,12
2007,Chinese Grand Prix,Rubens Barrichello,Honda,16,16,15,0.0,11
2007,Chinese Grand Prix,Sebastian Vettel,Toro Rosso,17,17,4,5.0,1
2007,Chinese Grand Prix,Giancarlo Fisichella,Renault,18,18,11,0.0,1
2007,Chinese Grand Prix,Alexander Wurz,Williams,19,19,12,0.0,11
2007,Chinese Grand Prix,Takuma Sato,Super Aguri,20,20,14,0.0,11
2007,Chinese Grand Prix,Adrian Sutil,Spyker,21,21,21,0.0,3
2007,Chinese Grand Prix,Sakon Yamamoto,Spyker,22,22,17,0.0,13
2007,Brazilian Grand Prix,Felipe Massa,Ferrari,1,1,2,8.0,1
2007,Brazilian Grand Prix,Lewis Hamilton,McLaren,2,2,7,2.0,11
2007,Brazilian Grand Prix,Kimi Räikkönen,Ferrari,3,3,1,10.0,1
2007,Brazilian Grand Prix,Fernando Alonso,McLaren,4,4,3,6.0,1
2007,Brazilian Grand Prix,Mark Webber,Red Bull,5,5,20,0.0,6
2007,Brazilian Grand Prix,Nick Heidfeld,BMW Sauber,6,6,6,3.0,1
2007,Brazilian Grand Prix,Robert Kubica,BMW Sauber,7,7,5,4.0,1
2007,Brazilian Grand Prix,Jarno Trulli,Toyota,8,8,8,1.0,11
2007,Brazilian Grand Prix,David Coulthard,Red Bull,9,9,9,0.0,11
2007,Brazilian Grand Prix,Nico Rosberg,Williams,10,10,4,5.0,1
2007,Brazilian Grand Prix,Rubens Barrichello,Honda,11,11,16,0.0,5
2007,Brazilian Grand Prix,Giancarlo Fisichella,Renault,12,12,22,0.0,4
2007,Brazilian Grand Prix,Sebastian Vettel,Toro Rosso,13,13,18,0.0,9
2007,Brazilian Grand Prix,Vitantonio Liuzzi,Toro Rosso,14,14,13,0.0,12
2007,Brazilian Grand Prix,Ralf Schumacher,Toyota,15,15,11,0.0,11
2007,Brazilian Grand Prix,Jenson Button,Honda,16,16,19,0.0,5
2007,Brazilian Grand Prix,Heikki Kovalainen,Renault,17,17,17,0.0,3
2007,Brazilian Grand Prix,Takuma Sato,Super Aguri,18,18,12,0.0,12
2007,Brazilian Grand Prix,Kazuki Nakajima,Williams,19,19,10,0.0,11
2007,Brazilian Grand Prix,Anthony Davidson,Super Aguri,20,20,14,0.0,13
2007,Brazilian Grand Prix,Adrian Sutil,Spyker,21,21,15,0.0,23
2007,Brazilian Grand Prix,Sakon Yamamoto,Spyker,22,22,21,0.0,4
2006,Bahrain Grand Prix,Michael Schumacher,Ferrari,1,1,2,8.0,1
2006,Bahrain Grand Prix,Felipe Massa,Ferrari,2,2,9,0.0,1
2006,Bahrain Grand Prix,Jenson Button,Honda,3,3,4,5.0,1
2006,Bahrain Grand Prix,Fernando Alonso,Renault,4,4,1,10.0,1
2006,Bahrain Grand Prix,Juan Pablo Montoya,McLaren,5,5,5,4.0,1
2006,Bahrain Grand Prix,Rubens Barrichello,Honda,6,6,15,0.0,11
2006,Bahrain Grand Prix,Mark Webber,Williams,7,7,6,3.0,1
2006,Bahrain Grand Prix,Christian Klien,Red Bull,8,8,8,1.0,1
2006,Bahrain Grand Prix,Giancarlo Fisichella,Renault,9,9,21,0.0,9
2006,Bahrain Grand Prix,Nick Heidfeld,BMW Sauber,10,10,12,0.0,11
2006,Bahrain Grand Prix,Jacques Villeneuve,BMW Sauber,11,11,20,0.0,5
2006,Bahrain Grand Prix,Nico Rosberg,Williams,12,12,7,2.0,1
2006,Bahrain Grand Prix,David Coulthard,Red Bull,13,13,10,0.0,1
2006,Bahrain Grand Prix,Jarno Trulli,Toyota,14,14,16,0.0,11
2006,Bahrain Grand Prix,Vitantonio Liuzzi,Toro Rosso,15,15,11,0.0,1
2006,Bahrain Grand Prix,Scott Speed,Toro Rosso,16,16,13,0.0,11
2006,Bahrain Grand Prix,Ralf Schumacher,Toyota,17,17,14,0.0,11
2006,Bahrain Grand Prix,Christijan Albers,MF1,18,18,22,0.0,30
2006,Bahrain Grand Prix,Tiago Monteiro,MF1,19,19,17,0.0,12
2006,Bahrain Grand Prix,Takuma Sato,Super Aguri,20,20,18,0.0,14
2006,Bahrain Grand Prix,Yuji Ide,Super Aguri,21,21,19,0.0,26
2006,Bahrain Grand Prix,Kimi Räikkönen,McLaren,22,22,3,6.0,1
2006,Malaysian Grand Prix,Giancarlo Fisichella,Renault,1,1,1,10.0,1
2006,Malaysian Grand Prix,Jenson Button,Honda,2,2,3,6.0,1
2006,Malaysian Grand Prix,Nico Rosberg,Williams,3,3,21,0.0,5
2006,Malaysian Grand Prix,Michael Schumacher,Ferrari,4,14,6,3.0,1
2006,Malaysian Grand Prix,Mark Webber,Williams,5,4,19,0.0,9
2006,Malaysian Grand Prix,Juan Pablo Montoya,McLaren,6,5,4,5.0,1
2006,Malaysian Grand Prix,Kimi Räikkönen,McLaren,7,6,22,0.0,3
2006,Malaysian Grand Prix,Fernando Alonso,Renault,8,7,2,8.0,1
2006,Malaysian Grand Prix,Christian Klien,Red Bull,9,8,18,0.0,9
2006,Malaysian Grand Prix,Ralf Schumacher,Toyota,10,22,8,1.0,1
2006,Malaysian Grand Prix,David Coulthard,Red Bull,11,19,20,0.0,9
2006,Malaysian Grand Prix,Rubens Barrichello,Honda,12,20,10,0.0,11
2006,Malaysian Grand Prix,Jarno Trulli,Toyota,13,9,9,0.0,11
2006,Malaysian Grand Prix,Jacques Villeneuve,BMW Sauber,14,10,7,2.0,1
2006,Malaysian Grand Prix,Nick Heidfeld,BMW Sauber,15,11,15,0.0,5
2006,Malaysian Grand Prix,Felipe Massa,Ferrari,16,21,5,4.0,1
2006,Malaysian Grand Prix,Scott Speed,Toro Rosso,17,12,16,0.0,8
2006,Malaysian Grand Prix,Vitantonio Liuzzi,Toro Rosso,18,13,11,0.0,12
2006,Malaysian Grand Prix,Christijan Albers,MF1,19,15,12,0.0,12
2006,Malaysian Grand Prix,Tiago Monteiro,MF1,20,16,13,0.0,12
2006,Malaysian Grand Prix,Takuma Sato,Super Aguri,21,17,14,0.0,13
2006,Malaysian Grand Prix,Yuji Ide,Super Aguri,22,18,17,0.0,26
2006,Australian Grand Prix,Jenson Button,Honda,1,1,10,0.0,11
2006,Australian Grand Prix,Giancarlo Fisichella,Renault,2,2,5,4.0,1
2006,Australian Grand Prix,Fernando Alonso,Renault,3,3,1,10.0,1
2006,Australian Grand Prix,Kimi Räikkönen,McLaren,4,4,2,8.0,1
2006,Australian Grand Prix,Juan Pablo Montoya,McLaren,5,5,14,0.0,10
2006,Australian Grand Prix,Ralf Schumacher,Toyota,6,6,3,6.0,1
2006,Australian Grand Prix,Mark Webber,Williams,7,7,18,0.0,7
2006,Australian Grand Prix,Nick Heidfeld,BMW Sauber,8,8,4,5.0,1
2006,Australian Grand Prix,Jacques Villeneuve,BMW Sauber,9,19,6,3.0,1
2006,Australian Grand Prix,Jarno Trulli,Toyota,10,9,20,0.0,3
2006,Australian Grand Prix,Michael Schumacher,Ferrari,11,10,17,0.0,3
2006,Australian Grand Prix,David Coulthard,Red Bull,12,11,8,1.0,1
2006,Australian Grand Prix,Vitantonio Liuzzi,Toro Rosso,13,12,16,0.0,3
2006,Australian Grand Prix,Christian Klien,Red Bull,14,13,19,0.0,3
2006,Australian Grand Prix,Nico Rosberg,Williams,15,14,21,0.0,3
2006,Australian Grand Prix,Felipe Massa,Ferrari,16,15,22,0.0,3
2006,Australian Grand Prix,Rubens Barrichello,Honda,17,16,7,2.0,1
2006,Australian Grand Prix,Christijan Albers,MF1,18,17,11,0.0,11
2006,Australian Grand Prix,Scott Speed,Toro Rosso,19,18,9,0.0,1
2006,Australian Grand Prix,Tiago Monteiro,MF1,20,20,15,0.0,26
2006,Australian Grand Prix,Takuma Sato,Super Aguri,21,21,12,0.0,12
2006,Australian Grand Prix,Yuji Ide,Super Aguri,22,22,13,0.0,13
2006,San Marino Grand Prix,Michael Schumacher,Ferrari,1,1,1,10.0,1
2006,San Marino Grand Prix,Jenson Button,Honda,2,2,7,2.0,1
2006,San Marino Grand Prix,Rubens Barrichello,Honda,3,3,10,0.0,1
2006,San Marino Grand Prix,Felipe Massa,Ferrari,4,4,4,5.0,1
2006,San Marino Grand Prix,Fernando Alonso,Renault,5,5,2,8.0,1
2006,San Marino Grand Prix,Ralf Schumacher,Toyota,6,6,9,0.0,1
2006,San Marino Grand Prix,Juan Pablo Montoya,McLaren,7,7,3,6.0,1
2006,San Marino Grand Prix,Kimi Räikkönen,McLaren,8,8,5,4.0,1
2006,San Marino Grand Prix,Jarno Trulli,Toyota,9,9,21,0.0,38
2006,San Marino Grand Prix,Mark Webber,Williams,10,10,6,3.0,1
2006,San Marino Grand Prix,Giancarlo Fisichella,Renault,11,11,8,1.0,1
2006,San Marino Grand Prix,Jacques Villeneuve,BMW Sauber,12,12,12,0.0,1
2006,San Marino Grand Prix,Nico Rosberg,Williams,13,13,11,0.0,1
2006,San Marino Grand Prix,David Coulthard,Red Bull,14,14,17,0.0,30
2006,San Marino Grand Prix,Nick Heidfeld,BMW Sauber,15,15,13,0.0,11
2006,San Marino Grand Prix,Vitantonio Liuzzi,Toro Rosso,16,16,14,0.0,11
2006,San Marino Grand Prix,Christian Klien,Red Bull,17,17,19,0.0,9
2006,San Marino Grand Prix,Scott Speed,Toro Rosso,18,18,15,0.0,11
2006,San Marino Grand Prix,Tiago Monteiro,MF1,19,19,16,0.0,12
2006,San Marino Grand Prix,Christijan Albers,MF1,20,20,22,0.0,3
2006,San Marino Grand Prix,Takuma Sato,Super Aguri,21,21,18,0.0,20
2006,San Marino Grand Prix,Yuji Ide,Super Aguri,22,22,20,0.0,22
2006,European Grand Prix,Fernando Alonso,Renault,1,1,2,8.0,1
2006,European Grand Prix,Michael Schumacher,Ferrari,2,2,1,10.0,1
2006,European Grand Prix,Felipe Massa,Ferrari,3,3,3,6.0,1
2006,European Grand Prix,Rubens Barrichello,Honda,4,4,5,4.0,1
2006,European Grand Prix,Kimi Räikkönen,McLaren,5,5,4,5.0,1
2006,European Grand Prix,Jenson Button,Honda,6,6,18,0.0,5
2006,European Grand Prix,Jarno Trulli,Toyota,7,7,9,0.0,11
2006,European Grand Prix,Jacques Villeneuve,BMW Sauber,8,9,8,1.0,1
2006,European Grand Prix,Juan Pablo Montoya,McLaren,9,8,15,0.0,5
2006,European Grand Prix,Mark Webber,Williams,10,19,20,0.0,9
2006,European Grand Prix,Ralf Schumacher,Toyota,11,10,14,0.0,5
2006,European Grand Prix,Nico Rosberg,Williams,12,22,7,2.0,1
2006,European Grand Prix,Giancarlo Fisichella,Renault,13,11,6,3.0,1
2006,European Grand Prix,David Coulthard,Red Bull,14,12,21,0.0,3
2006,European Grand Prix,Nick Heidfeld,BMW Sauber,15,13,10,0.0,11
2006,European Grand Prix,Vitantonio Liuzzi,Toro Rosso,16,14,22,0.0,3
2006,European Grand Prix,Christian Klien,Red Bull,17,15,19,0.0,6
2006,European Grand Prix,Christijan Albers,MF1,18,16,13,0.0,11
2006,European Grand Prix,Scott Speed,Toro Rosso,19,17,11,0.0,11
2006,European Grand Prix,Tiago Monteiro,MF1,20,18,12,0.0,11
2006,European Grand Prix,Takuma Sato,Super Aguri,21,20,16,0.0,9
2006,European Grand Prix,Franck Montagny,Super Aguri,22,21,17,0.0,9
2006,Spanish Grand Prix,Fernando Alonso,Renault,1,1,1,10.0,1
2006,Spanish Grand Prix,Giancarlo Fisichella,Renault,2,2,3,6.0,1
2006,Spanish Grand Prix,Michael Schumacher,Ferrari,3,3,2,8.0,1
2006,Spanish Grand Prix,Felipe Massa,Ferrari,4,4,4,5.0,1
2006,Spanish Grand Prix,Rubens Barrichello,Honda,5,5,7,2.0,11
2006,Spanish Grand Prix,Ralf Schumacher,Toyota,6,6,20,0.0,40
2006,Spanish Grand Prix,Jarno Trulli,Toyota,7,7,10,0.0,11
2006,Spanish Grand Prix,Jenson Button,Honda,8,8,6,3.0,1
2006,Spanish Grand Prix,Kimi Räikkönen,McLaren,9,9,5,4.0,1
2006,Spanish Grand Prix,Nick Heidfeld,BMW Sauber,10,10,8,1.0,11
2006,Spanish Grand Prix,Mark Webber,Williams,11,11,9,0.0,11
2006,Spanish Grand Prix,Juan Pablo Montoya,McLaren,12,12,21,0.0,20
2006,Spanish Grand Prix,Nico Rosberg,Williams,13,13,11,0.0,11
2006,Spanish Grand Prix,Jacques Villeneuve,BMW Sauber,14,22,12,0.0,11
2006,Spanish Grand Prix,Christian Klien,Red Bull,15,14,13,0.0,11
2006,Spanish Grand Prix,Vitantonio Liuzzi,Toro Rosso,16,15,15,0.0,9
2006,Spanish Grand Prix,Scott Speed,Toro Rosso,17,16,19,0.0,5
2006,Spanish Grand Prix,Tiago Monteiro,MF1,18,17,16,0.0,13
2006,Spanish Grand Prix,Christijan Albers,MF1,19,18,18,0.0,41
2006,Spanish Grand Prix,Takuma Sato,Super Aguri,20,19,17,0.0,14
2006,Spanish Grand Prix,Franck Montagny,Super Aguri,21,20,22,0.0,30
2006,Spanish Grand Prix,David Coulthard,Red Bull,22,21,14,0.0,11
2006,Monaco Grand Prix,Fernando Alonso,Renault,1,1,1,10.0,1
2006,Monaco Grand Prix,Mark Webber,Williams,2,2,21,0.0,43
2006,Monaco Grand Prix,Kimi Räikkönen,McLaren,3,3,20,0.0,42
2006,Monaco Grand Prix,Juan Pablo Montoya,McLaren,4,4,2,8.0,1
2006,Monaco Grand Prix,Rubens Barrichello,Honda,5,5,4,5.0,1
2006,Monaco Grand Prix,Jarno Trulli,Toyota,6,6,17,0.0,9
2006,Monaco Grand Prix,David Coulthard,Red Bull,7,7,3,6.0,1
2006,Monaco Grand Prix,Nico Rosberg,Williams,8,8,19,0.0,3
2006,Monaco Grand Prix,Giancarlo Fisichella,Renault,9,9,6,3.0,1
2006,Monaco Grand Prix,Ralf Schumacher,Toyota,10,10,8,1.0,11
2006,Monaco Grand Prix,Christian Klien,Red Bull,11,11,18,0.0,7
2006,Monaco Grand Prix,Vitantonio Liuzzi,Toro Rosso,12,12,10,0.0,11
2006,Monaco Grand Prix,Jenson Button,Honda,13,13,11,0.0,11
2006,Monaco Grand Prix,Jacques Villeneuve,BMW Sauber,14,14,14,0.0,11
2006,Monaco Grand Prix,Nick Heidfeld,BMW Sauber,15,15,7,2.0,11
2006,Monaco Grand Prix,Christijan Albers,MF1,16,16,12,0.0,11
2006,Monaco Grand Prix,Tiago Monteiro,MF1,17,17,15,0.0,12
2006,Monaco Grand Prix,Scott Speed,Toro Rosso,18,18,13,0.0,11
2006,Monaco Grand Prix,Takuma Sato,Super Aguri,19,19,22,0.0,10
2006,Monaco Grand Prix,Franck Montagny,Super Aguri,20,20,16,0.0,13
2006,Monaco Grand Prix,Felipe Massa,Ferrari,21,21,9,0.0,11
2006,Monaco Grand Prix,Michael Schumacher,Ferrari,22,22,5,4.0,1
2006,British Grand Prix,Fernando Alonso,Renault,1,1,1,10.0,1
2006,British Grand Prix,Kimi Räikkönen,McLaren,2,2,3,6.0,1
2006,British Grand Prix,Michael Schumacher,Ferrari,3,3,2,8.0,1
2006,British Grand Prix,Felipe Massa,Ferrari,4,4,5,4.0,1
2006,British Grand Prix,Giancarlo Fisichella,Renault,5,5,4,5.0,1
2006,British Grand Prix,Rubens Barrichello,Honda,6,6,10,0.0,11
2006,British Grand Prix,Ralf Schumacher,Toyota,7,7,21,0.0,3
2006,British Grand Prix,Juan Pablo Montoya,McLaren,8,8,6,3.0,1
2006,British Grand Prix,Nick Heidfeld,BMW Sauber,9,9,7,2.0,1
2006,British Grand Prix,Jacques Villeneuve,BMW Sauber,10,10,8,1.0,1
2006,British Grand Prix,David Coulthard,Red Bull,11,11,12,0.0,11
2006,British Grand Prix,Nico Rosberg,Williams,12,12,9,0.0,1
2006,British Grand Prix,Vitantonio Liuzzi,Toro Rosso,13,13,13,0.0,11
2006,British Grand Prix,Christian Klien,Red Bull,14,14,14,0.0,11
2006,British Grand Prix,Scott Speed,Toro Rosso,15,15,20,0.0,3
2006,British Grand Prix,Tiago Monteiro,MF1,16,16,16,0.0,12
2006,British Grand Prix,Mark Webber,Williams,17,17,22,0.0,3
2006,British Grand Prix,Christijan Albers,MF1,18,18,15,0.0,11
2006,British Grand Prix,Jenson Button,Honda,19,19,19,0.0,44
2006,British Grand Prix,Takuma Sato,Super Aguri,20,20,17,0.0,13
2006,British Grand Prix,Franck Montagny,Super Aguri,21,21,18,0.0,13
2006,British Grand Prix,Jarno Trulli,Toyota,22,22,11,0.0,11
2006,Canadian Grand Prix,Fernando Alonso,Renault,1,1,1,10.0,1
2006,Canadian Grand Prix,Giancarlo Fisichella,Renault,2,2,4,5.0,1
2006,Canadian Grand Prix,Kimi Räikkönen,McLaren,3,3,3,6.0,1
2006,Canadian Grand Prix,Jarno Trulli,Toyota,4,4,6,3.0,11
2006,Canadian Grand Prix,Michael Schumacher,Ferrari,5,5,2,8.0,1
2006,Canadian Grand Prix,Nico Rosberg,Williams,6,6,21,0.0,3
2006,Canadian Grand Prix,Juan Pablo Montoya,McLaren,7,7,18,0.0,3
2006,Canadian Grand Prix,Jenson Button,Honda,8,8,9,0.0,11
2006,Canadian Grand Prix,Rubens Barrichello,Honda,9,9,19,0.0,26
2006,Canadian Grand Prix,Felipe Massa,Ferrari,10,10,5,4.0,1
2006,Canadian Grand Prix,Jacques Villeneuve,BMW Sauber,11,11,16,0.0,3
2006,Canadian Grand Prix,Christian Klien,Red Bull,12,12,11,0.0,11
2006,Canadian Grand Prix,Nick Heidfeld,BMW Sauber,13,13,7,2.0,11
2006,Canadian Grand Prix,Ralf Schumacher,Toyota,14,14,17,0.0,31
2006,Canadian Grand Prix,Vitantonio Liuzzi,Toro Rosso,15,15,13,0.0,12
2006,Canadian Grand Prix,David Coulthard,Red Bull,16,22,8,1.0,11
2006,Canadian Grand Prix,Mark Webber,Williams,17,16,12,0.0,11
2006,Canadian Grand Prix,Scott Speed,Toro Rosso,18,17,10,0.0,11
2006,Canadian Grand Prix,Tiago Monteiro,MF1,19,18,14,0.0,14
2006,Canadian Grand Prix,Christijan Albers,MF1,20,19,22,0.0,3
2006,Canadian Grand Prix,Takuma Sato,Super Aguri,21,20,15,0.0,3
2006,Canadian Grand Prix,Franck Montagny,Super Aguri,22,21,20,0.0,5
2006,United States Grand Prix,Michael Schumacher,Ferrari,1,1,1,10.0,1
2006,United States Grand Prix,Felipe Massa,Ferrari,2,2,2,8.0,1
2006,United States Grand Prix,Giancarlo Fisichella,Renault,3,3,3,6.0,1
2006,United States Grand Prix,Rubens Barrichello,Honda,4,4,6,3.0,1
2006,United States Grand Prix,Fernando Alonso,Renault,5,5,5,4.0,1
2006,United States Grand Prix,Jacques Villeneuve,BMW Sauber,6,6,12,0.0,5
2006,United States Grand Prix,Jenson Button,Honda,7,7,15,0.0,3
2006,United States Grand Prix,Ralf Schumacher,Toyota,8,8,10,0.0,45
2006,United States Grand Prix,Kimi Räikkönen,McLaren,9,9,16,0.0,3
2006,United States Grand Prix,Nick Heidfeld,BMW Sauber,10,10,17,0.0,3
2006,United States Grand Prix,Juan Pablo Montoya,McLaren,11,11,18,0.0,3
2006,United States Grand Prix,Mark Webber,Williams,12,12,19,0.0,3
2006,United States Grand Prix,Scott Speed,Toro Rosso,13,13,20,0.0,3
2006,United States Grand Prix,Christijan Albers,MF1,14,14,11,0.0,7
2006,United States Grand Prix,Tiago Monteiro,MF1,15,15,13,0.0,3
2006,United States Grand Prix,Christian Klien,Red Bull,16,16,21,0.0,3
2006,United States Grand Prix,David Coulthard,Red Bull,17,17,7,2.0,11
2006,United States Grand Prix,Takuma Sato,Super Aguri,18,18,14,0.0,3
2006,United States Grand Prix,Nico Rosberg,Williams,19,21,9,0.0,11
2006,United States Grand Prix,Jarno Trulli,Toyota,20,22,4,5.0,1
2006,United States Grand Prix,Vitantonio Liuzzi,Toro Rosso,21,20,8,1.0,11
2006,United States Grand Prix,Franck Montagny,Super Aguri,22,19,22,0.0,3
2006,French Grand Prix,Michael Schumacher,Ferrari,1,1,1,10.0,1
2006,French Grand Prix,Felipe Massa,Ferrari,2,2,3,6.0,1
2006,French Grand Prix,Fernando Alonso,Renault,3,3,2,8.0,1
2006,French Grand Prix,Jarno Trulli,Toyota,4,4,19,0.0,23
2006,French Grand Prix,Ralf Schumacher,Toyota,5,5,4,5.0,1
2006,French Grand Prix,Kimi Räikkönen,McLaren,6,6,5,4.0,1
2006,French Grand Prix,Giancarlo Fisichella,Renault,7,7,6,3.0,1
2006,French Grand Prix,Pedro de la Rosa,McLaren,8,8,7,2.0,1
2006,French Grand Prix,Nico Rosberg,Williams,9,18,14,0.0,12
2006,French Grand Prix,David Coulthard,Red Bull,10,9,9,0.0,11
2006,French Grand Prix,Mark Webber,Williams,11,10,18,0.0,46
2006,French Grand Prix,Nick Heidfeld,BMW Sauber,12,11,8,1.0,11
2006,French Grand Prix,Christian Klien,Red Bull,13,12,12,0.0,11
2006,French Grand Prix,Rubens Barrichello,Honda,14,13,20,0.0,5
2006,French Grand Prix,Scott Speed,Toro Rosso,15,14,10,0.0,11
2006,French Grand Prix,Christijan Albers,MF1,16,15,15,0.0,12
2006,French Grand Prix,Vitantonio Liuzzi,Toro Rosso,17,22,13,0.0,11
2006,French Grand Prix,Jacques Villeneuve,BMW Sauber,18,16,11,0.0,11
2006,French Grand Prix,Jenson Button,Honda,19,17,17,0.0,39
2006,French Grand Prix,Tiago Monteiro,MF1,20,19,21,0.0,26
2006,French Grand Prix,Franck Montagny,Super Aguri,21,20,16,0.0,13
2006,French Grand Prix,Takuma Sato,Super Aguri,22,21,22,0.0,7
2006,German Grand Prix,Kimi Räikkönen,McLaren,1,1,3,6.0,1
2006,German Grand Prix,Michael Schumacher,Ferrari,2,2,1,10.0,1
2006,German Grand Prix,Felipe Massa,Ferrari,3,3,2,8.0,1
2006,German Grand Prix,Jenson Button,Honda,4,4,4,5.0,1
2006,German Grand Prix,Giancarlo Fisichella,Renault,5,5,6,3.0,1
2006,German Grand Prix,Rubens Barrichello,Honda,6,6,16,0.0,5
2006,German Grand Prix,Fernando Alonso,Renault,7,7,5,4.0,1
2006,German Grand Prix,Ralf Schumacher,Toyota,8,8,9,0.0,1
2006,German Grand Prix,Pedro de la Rosa,McLaren,9,9,18,0.0,48
2006,German Grand Prix,David Coulthard,Red Bull,10,10,11,0.0,11
2006,German Grand Prix,Mark Webber,Williams,11,11,13,0.0,47
2006,German Grand Prix,Christian Klien,Red Bull,12,12,8,1.0,1
2006,German Grand Prix,Jarno Trulli,Toyota,13,20,7,2.0,1
2006,German Grand Prix,Jacques Villeneuve,BMW Sauber,14,13,15,0.0,3
2006,German Grand Prix,Nico Rosberg,Williams,15,14,20,0.0,3
2006,German Grand Prix,Nick Heidfeld,BMW Sauber,16,15,17,0.0,23
2006,German Grand Prix,Vitantonio Liuzzi,Toro Rosso,17,16,10,0.0,11
2006,German Grand Prix,Christijan Albers,MF1,18,21,21,0.0,2
2006,German Grand Prix,Takuma Sato,Super Aguri,19,17,14,0.0,6
2006,German Grand Prix,Tiago Monteiro,MF1,20,18,22,0.0,2
2006,German Grand Prix,Sakon Yamamoto,Super Aguri,21,22,19,0.0,30
2006,German Grand Prix,Scott Speed,Toro Rosso,22,19,12,0.0,11
2006,Hungarian Grand Prix,Kimi Räikkönen,McLaren,1,1,15,0.0,4
2006,Hungarian Grand Prix,Felipe Massa,Ferrari,2,2,7,2.0,11
2006,Hungarian Grand Prix,Rubens Barrichello,Honda,3,3,4,5.0,1
2006,Hungarian Grand Prix,Jenson Button,Honda,4,14,1,10.0,1
2006,Hungarian Grand Prix,Pedro de la Rosa,McLaren,5,4,2,8.0,1
2006,Hungarian Grand Prix,Mark Webber,Williams,6,5,20,0.0,3
2006,Hungarian Grand Prix,Ralf Schumacher,Toyota,7,6,6,3.0,11
2006,Hungarian Grand Prix,Giancarlo Fisichella,Renault,8,7,18,0.0,20
2006,Hungarian Grand Prix,Jarno Trulli,Toyota,9,8,12,0.0,5
2006,Hungarian Grand Prix,Robert Kubica,BMW Sauber,10,9,22,0.0,2
2006,Hungarian Grand Prix,Nick Heidfeld,BMW Sauber,11,10,3,6.0,1
2006,Hungarian Grand Prix,Michael Schumacher,Ferrari,12,11,8,1.0,49
2006,Hungarian Grand Prix,David Coulthard,Red Bull,13,12,5,4.0,11
2006,Hungarian Grand Prix,Christian Klien,Red Bull,14,13,19,0.0,20
2006,Hungarian Grand Prix,Fernando Alonso,Renault,15,15,14,0.0,30
2006,Hungarian Grand Prix,Tiago Monteiro,MF1,16,16,9,0.0,13
2006,Hungarian Grand Prix,Vitantonio Liuzzi,Toro Rosso,17,17,16,0.0,4
2006,Hungarian Grand Prix,Nico Rosberg,Williams,18,18,17,0.0,10
2006,Hungarian Grand Prix,Scott Speed,Toro Rosso,19,20,11,0.0,14
2006,Hungarian Grand Prix,Takuma Sato,Super Aguri,20,19,13,0.0,15
2006,Hungarian Grand Prix,Christijan Albers,MF1,21,22,10,0.0,13
2006,Hungarian Grand Prix,Sakon Yamamoto,Super Aguri,22,21,21,0.0,5
2006,Turkish Grand Prix,Felipe Massa,Ferrari,1,1,1,10.0,1
2006,Turkish Grand Prix,Michael Schumacher,Ferrari,2,2,3,6.0,1
2006,Turkish Grand Prix,Fernando Alonso,Renault,3,3,2,8.0,1
2006,Turkish Grand Prix,Giancarlo Fisichella,Renault,4,4,6,3.0,1
2006,Turkish Grand Prix,Ralf Schumacher,Toyota,5,15,7,2.0,1
2006,Turkish Grand Prix,Nick Heidfeld,BMW Sauber,6,5,14,0.0,12
2006,Turkish Grand Prix,Jenson Button,Honda,7,6,4,5.0,1
2006,Turkish Grand Prix,Kimi Räikkönen,McLaren,8,7,21,0.0,4
2006,Turkish Grand Prix,Robert Kubica,BMW Sauber,9,8,12,0.0,11
2006,Turkish Grand Prix,Mark Webber,Williams,10,9,10,0.0,11
2006,Turkish Grand Prix,Christian Klien,Red Bull,11,10,11,0.0,11
2006,Turkish Grand Prix,Pedro de la Rosa,McLaren,12,11,5,4.0,1
2006,Turkish Grand Prix,Jarno Trulli,Toyota,13,12,9,0.0,11
2006,Turkish Grand Prix,Rubens Barrichello,Honda,14,13,8,1.0,1
2006,Turkish Grand Prix,Nico Rosberg,Williams,15,14,18,0.0,47
2006,Turkish Grand Prix,Christijan Albers,MF1,16,22,16,0.0,20
2006,Turkish Grand Prix,David Coulthard,Red Bull,17,16,15,0.0,6
2006,Turkish Grand Prix,Scott Speed,Toro Rosso,18,17,13,0.0,11
2006,Turkish Grand Prix,Vitantonio Liuzzi,Toro Rosso,19,18,20,0.0,20
2006,Turkish Grand Prix,Tiago Monteiro,MF1,20,19,22,0.0,4
2006,Turkish Grand Prix,Sakon Yamamoto,Super Aguri,21,20,19,0.0,20
2006,Turkish Grand Prix,Takuma Sato,Super Aguri,22,21,17,0.0,50
2006,Italian Grand Prix,Kimi Räikkönen,McLaren,1,1,2,8.0,1
2006,Italian Grand Prix,Michael Schumacher,Ferrari,2,2,1,10.0,1
2006,Italian Grand Prix,Nick Heidfeld,BMW Sauber,3,3,8,1.0,1
2006,Italian Grand Prix,Felipe Massa,Ferrari,4,4,9,0.0,1
2006,Italian Grand Prix,Jenson Button,Honda,5,5,5,4.0,1
2006,Italian Grand Prix,Robert Kubica,BMW Sauber,6,6,3,6.0,1
2006,Italian Grand Prix,Pedro de la Rosa,McLaren,7,7,20,0.0,5
2006,Italian Grand Prix,Rubens Barrichello,Honda,8,8,6,3.0,1
2006,Italian Grand Prix,Giancarlo Fisichella,Renault,9,9,4,5.0,1
2006,Italian Grand Prix,Fernando Alonso,Renault,10,10,19,0.0,5
2006,Italian Grand Prix,Jarno Trulli,Toyota,11,11,7,2.0,1
2006,Italian Grand Prix,Nico Rosberg,Williams,12,12,22,0.0,30
2006,Italian Grand Prix,Ralf Schumacher,Toyota,13,13,15,0.0,11
2006,Italian Grand Prix,David Coulthard,Red Bull,14,14,12,0.0,11
2006,Italian Grand Prix,Scott Speed,Toro Rosso,15,15,13,0.0,11
2006,Italian Grand Prix,Christian Klien,Red Bull,16,16,11,0.0,11
2006,Italian Grand Prix,Vitantonio Liuzzi,Toro Rosso,17,17,14,0.0,11
2006,Italian Grand Prix,Christijan Albers,Spyker MF1,18,18,17,0.0,12
2006,Italian Grand Prix,Mark Webber,Williams,19,19,10,0.0,1
2006,Italian Grand Prix,Tiago Monteiro,Spyker MF1,20,20,18,0.0,23
2006,Italian Grand Prix,Takuma Sato,Super Aguri,21,21,16,0.0,12
2006,Italian Grand Prix,Sakon Yamamoto,Super Aguri,22,22,21,0.0,9
2006,Chinese Grand Prix,Fernando Alonso,Renault,1,1,2,8.0,1
2006,Chinese Grand Prix,Giancarlo Fisichella,Renault,2,2,3,6.0,1
2006,Chinese Grand Prix,Rubens Barrichello,Honda,3,3,6,3.0,1
2006,Chinese Grand Prix,Jenson Button,Honda,4,4,4,5.0,1
2006,Chinese Grand Prix,Kimi Räikkönen,McLaren,5,5,21,0.0,37
2006,Chinese Grand Prix,Michael Schumacher,Ferrari,6,6,1,10.0,1
2006,Chinese Grand Prix,Pedro de la Rosa,McLaren,7,7,5,4.0,1
2006,Chinese Grand Prix,Nick Heidfeld,BMW Sauber,8,8,7,2.0,1
2006,Chinese Grand Prix,Robert Kubica,BMW Sauber,9,9,13,0.0,11
2006,Chinese Grand Prix,Robert Doornbos,Red Bull,10,10,12,0.0,11
2006,Chinese Grand Prix,Scott Speed,Toro Rosso,11,11,14,0.0,11
2006,Chinese Grand Prix,David Coulthard,Red Bull,12,12,9,0.0,1
2006,Chinese Grand Prix,Vitantonio Liuzzi,Toro Rosso,13,13,10,0.0,11
2006,Chinese Grand Prix,Mark Webber,Williams,14,14,8,1.0,1
2006,Chinese Grand Prix,Nico Rosberg,Williams,15,15,11,0.0,11
2006,Chinese Grand Prix,Ralf Schumacher,Toyota,16,16,17,0.0,51
2006,Chinese Grand Prix,Jarno Trulli,Toyota,17,17,19,0.0,63
2006,Chinese Grand Prix,Tiago Monteiro,Spyker MF1,18,18,20,0.0,20
2006,Chinese Grand Prix,Sakon Yamamoto,Super Aguri,19,19,16,0.0,14
2006,Chinese Grand Prix,Felipe Massa,Ferrari,20,20,18,0.0,4
2006,Chinese Grand Prix,Takuma Sato,Super Aguri,21,21,22,0.0,2
2006,Chinese Grand Prix,Christijan Albers,Spyker MF1,22,22,15,0.0,13
2006,Japanese Grand Prix,Felipe Massa,Ferrari,1,1,2,8.0,1
2006,Japanese Grand Prix,Michael Schumacher,Ferrari,2,2,20,0.0,5
2006,Japanese Grand Prix,Ralf Schumacher,Toyota,3,3,7,2.0,1
2006,Japanese Grand Prix,Jarno Trulli,Toyota,4,4,6,3.0,1
2006,Japanese Grand Prix,Fernando Alonso,Renault,5,5,1,10.0,1
2006,Japanese Grand Prix,Giancarlo Fisichella,Renault,6,6,3,6.0,1
2006,Japanese Grand Prix,Jenson Button,Honda,7,7,4,5.0,1
2006,Japanese Grand Prix,Rubens Barrichello,Honda,8,8,12,0.0,11
2006,Japanese Grand Prix,Nick Heidfeld,BMW Sauber,9,9,8,1.0,1
2006,Japanese Grand Prix,Nico Rosberg,Williams,10,10,10,0.0,11
2006,Japanese Grand Prix,Kimi Räikkönen,McLaren,11,11,5,4.0,1
2006,Japanese Grand Prix,Robert Kubica,BMW Sauber,12,12,9,0.0,1
2006,Japanese Grand Prix,Pedro de la Rosa,McLaren,13,13,11,0.0,11
2006,Japanese Grand Prix,Mark Webber,Williams,14,14,19,0.0,3
2006,Japanese Grand Prix,Vitantonio Liuzzi,Toro Rosso,15,15,14,0.0,11
2006,Japanese Grand Prix,Christijan Albers,Spyker MF1,16,16,22,0.0,30
2006,Japanese Grand Prix,David Coulthard,Red Bull,17,17,21,0.0,6
2006,Japanese Grand Prix,Robert Doornbos,Red Bull,18,18,13,0.0,11
2006,Japanese Grand Prix,Scott Speed,Toro Rosso,19,19,18,0.0,38
2006,Japanese Grand Prix,Takuma Sato,Super Aguri,20,20,15,0.0,11
2006,Japanese Grand Prix,Tiago Monteiro,Spyker MF1,21,21,16,0.0,12
2006,Japanese Grand Prix,Sakon Yamamoto,Super Aguri,22,22,17,0.0,13
2006,Brazilian Grand Prix,Felipe Massa,Ferrari,1,1,1,10.0,1
2006,Brazilian Grand Prix,Kimi Räikkönen,McLaren,2,2,5,4.0,1
2006,Brazilian Grand Prix,Jarno Trulli,Toyota,3,3,19,0.0,22
2006,Brazilian Grand Prix,Fernando Alonso,Renault,4,4,2,8.0,1
2006,Brazilian Grand Prix,Rubens Barrichello,Honda,5,5,7,2.0,1
2006,Brazilian Grand Prix,Giancarlo Fisichella,Renault,6,6,6,3.0,1
2006,Brazilian Grand Prix,Ralf Schumacher,Toyota,7,7,20,0.0,22
2006,Brazilian Grand Prix,Nick Heidfeld,BMW Sauber,8,8,17,0.0,3
2006,Brazilian Grand Prix,Robert Kubica,BMW Sauber,9,9,9,0.0,1
2006,Brazilian Grand Prix,Michael Schumacher,Ferrari,10,10,4,5.0,1
2006,Brazilian Grand Prix,Mark Webber,Williams,11,11,21,0.0,4
2006,Brazilian Grand Prix,Pedro de la Rosa,McLaren,12,12,8,1.0,1
2006,Brazilian Grand Prix,Nico Rosberg,Williams,13,13,22,0.0,4
2006,Brazilian Grand Prix,Jenson Button,Honda,14,14,3,6.0,1
2006,Brazilian Grand Prix,Robert Doornbos,Red Bull,15,22,12,0.0,11
2006,Brazilian Grand Prix,Vitantonio Liuzzi,Toro Rosso,16,15,13,0.0,11
2006,Brazilian Grand Prix,Scott Speed,Toro Rosso,17,16,11,0.0,11
2006,Brazilian Grand Prix,Christijan Albers,Spyker MF1,18,17,14,0.0,11
2006,Brazilian Grand Prix,David Coulthard,Red Bull,19,18,18,0.0,6
2006,Brazilian Grand Prix,Takuma Sato,Super Aguri,20,19,10,0.0,11
2006,Brazilian Grand Prix,Sakon Yamamoto,Super Aguri,21,20,16,0.0,12
2006,Brazilian Grand Prix,Tiago Monteiro,Spyker MF1,22,21,15,0.0,12
2005,European Grand Prix,Nick Heidfeld,Williams,1,1,2,8.0,1
2005,European Grand Prix,Kimi Räikkönen,McLaren,2,2,11,0.0,3
2005,European Grand Prix,Mark Webber,Williams,3,3,20,0.0,3
2005,European Grand Prix,Jarno Trulli,Toyota,4,4,8,1.0,1
2005,European Grand Prix,Juan Pablo Montoya,McLaren,5,5,7,2.0,1
2005,European Grand Prix,Fernando Alonso,Renault,6,6,1,10.0,1
2005,European Grand Prix,Rubens Barrichello,Ferrari,7,7,3,6.0,1
2005,European Grand Prix,Ralf Schumacher,Toyota,8,8,19,0.0,20
2005,European Grand Prix,Giancarlo Fisichella,Renault,9,9,6,3.0,1
2005,European Grand Prix,Michael Schumacher,Ferrari,10,10,5,4.0,1
2005,European Grand Prix,Felipe Massa,Sauber,11,11,14,0.0,11
2005,European Grand Prix,David Coulthard,Red Bull,12,12,4,5.0,1
2005,European Grand Prix,Jenson Button,BAR,13,13,10,0.0,1
2005,European Grand Prix,Vitantonio Liuzzi,Red Bull,14,14,9,0.0,1
2005,European Grand Prix,Jacques Villeneuve,Sauber,15,15,13,0.0,11
2005,European Grand Prix,Takuma Sato,BAR,16,16,12,0.0,11
2005,European Grand Prix,Tiago Monteiro,Jordan,17,17,15,0.0,11
2005,European Grand Prix,Patrick Friesacher,Minardi,18,18,18,0.0,13
2005,European Grand Prix,Narain Karthikeyan,Jordan,19,19,16,0.0,11
2005,European Grand Prix,Christijan Albers,Minardi,20,20,17,0.0,12
2005,Canadian Grand Prix,Jenson Button,BAR,1,1,13,0.0,3
2005,Canadian Grand Prix,Michael Schumacher,Ferrari,2,2,2,8.0,1
2005,Canadian Grand Prix,Fernando Alonso,Renault,3,3,17,0.0,22
2005,Canadian Grand Prix,Giancarlo Fisichella,Renault,4,4,18,0.0,9
2005,Canadian Grand Prix,Juan Pablo Montoya,McLaren,5,5,20,0.0,2
2005,Canadian Grand Prix,Takuma Sato,BAR,6,6,15,0.0,23
2005,Canadian Grand Prix,Kimi Räikkönen,McLaren,7,7,1,10.0,1
2005,Canadian Grand Prix,Jacques Villeneuve,Sauber,8,8,9,0.0,11
2005,Canadian Grand Prix,Jarno Trulli,Toyota,9,9,12,0.0,23
2005,Canadian Grand Prix,Ralf Schumacher,Toyota,10,10,6,3.0,11
2005,Canadian Grand Prix,Felipe Massa,Sauber,11,11,4,5.0,1
2005,Canadian Grand Prix,David Coulthard,Red Bull,12,12,7,2.0,11
2005,Canadian Grand Prix,Nick Heidfeld,Williams,13,13,14,0.0,5
2005,Canadian Grand Prix,Mark Webber,Williams,14,14,5,4.0,1
2005,Canadian Grand Prix,Christijan Albers,Minardi,15,15,11,0.0,13
2005,Canadian Grand Prix,Christian Klien,Red Bull,16,16,8,1.0,11
2005,Canadian Grand Prix,Narain Karthikeyan,Jordan,17,17,19,0.0,22
2005,Canadian Grand Prix,Tiago Monteiro,Jordan,18,18,10,0.0,13
2005,Canadian Grand Prix,Patrick Friesacher,Minardi,19,19,16,0.0,9
2005,Canadian Grand Prix,Rubens Barrichello,Ferrari,20,20,3,6.0,1
2005,United States Grand Prix,Jarno Trulli,Toyota,1,1,7,0.0,54
2005,United States Grand Prix,Kimi Räikkönen,McLaren,2,2,8,0.0,54
2005,United States Grand Prix,Jenson Button,BAR,3,3,9,0.0,54
2005,United States Grand Prix,Giancarlo Fisichella,Renault,4,4,10,0.0,54
2005,United States Grand Prix,Michael Schumacher,Ferrari,5,5,1,10.0,1
2005,United States Grand Prix,Fernando Alonso,Renault,6,6,11,0.0,54
2005,United States Grand Prix,Rubens Barrichello,Ferrari,7,7,2,8.0,1
2005,United States Grand Prix,Takuma Sato,BAR,8,8,12,0.0,54
2005,United States Grand Prix,Mark Webber,Williams,9,9,13,0.0,54
2005,United States Grand Prix,Felipe Massa,Sauber,10,10,14,0.0,54
2005,United States Grand Prix,Juan Pablo Montoya,McLaren,11,11,15,0.0,54
2005,United States Grand Prix,Jacques Villeneuve,Sauber,12,12,16,0.0,54
2005,United States Grand Prix,Ricardo Zonta,Toyota,13,13,17,0.0,54
2005,United States Grand Prix,Christian Klien,Red Bull,14,14,18,0.0,54
2005,United States Grand Prix,Nick Heidfeld,Williams,15,15,19,0.0,54
2005,United States Grand Prix,David Coulthard,Red Bull,16,16,20,0.0,54
2005,United States Grand Prix,Tiago Monteiro,Jordan,17,17,3,6.0,11
2005,United States Grand Prix,Christijan Albers,Minardi,18,18,5,4.0,12
2005,United States Grand Prix,Narain Karthikeyan,Jordan,19,19,4,5.0,11
2005,United States Grand Prix,Patrick Friesacher,Minardi,20,20,6,3.0,12
2005,French Grand Prix,Fernando Alonso,Renault,1,1,1,10.0,1
2005,French Grand Prix,Jarno Trulli,Toyota,2,2,5,4.0,11
2005,French Grand Prix,Kimi Räikkönen,McLaren,3,13,2,8.0,1
2005,French Grand Prix,Michael Schumacher,Ferrari,4,3,3,6.0,1
2005,French Grand Prix,Takuma Sato,BAR,5,4,11,0.0,11
2005,French Grand Prix,Rubens Barrichello,Ferrari,6,5,9,0.0,11
2005,French Grand Prix,Giancarlo Fisichella,Renault,7,6,6,3.0,11
2005,French Grand Prix,Jenson Button,BAR,8,7,4,5.0,11
2005,French Grand Prix,Juan Pablo Montoya,McLaren,9,8,16,0.0,5
2005,French Grand Prix,Felipe Massa,Sauber,10,9,19,0.0,9
2005,French Grand Prix,Jacques Villeneuve,Sauber,11,10,8,1.0,11
2005,French Grand Prix,Ralf Schumacher,Toyota,12,11,7,2.0,11
2005,French Grand Prix,Mark Webber,Williams,13,12,12,0.0,12
2005,French Grand Prix,Nick Heidfeld,Williams,14,14,14,0.0,14
2005,French Grand Prix,David Coulthard,Red Bull,15,15,10,0.0,11
2005,French Grand Prix,Christian Klien,Red Bull,16,16,20,0.0,32
2005,French Grand Prix,Narain Karthikeyan,Jordan,17,17,15,0.0,14
2005,French Grand Prix,Patrick Friesacher,Minardi,18,18,18,0.0,29
2005,French Grand Prix,Tiago Monteiro,Jordan,19,19,13,0.0,13
2005,French Grand Prix,Christijan Albers,Minardi,20,20,17,0.0,29
2005,British Grand Prix,Fernando Alonso,Renault,1,1,2,8.0,1
2005,British Grand Prix,Kimi Räikkönen,McLaren,2,12,3,6.0,1
2005,British Grand Prix,Jenson Button,BAR,3,2,5,4.0,1
2005,British Grand Prix,Juan Pablo Montoya,McLaren,4,3,1,10.0,1
2005,British Grand Prix,Jarno Trulli,Toyota,5,4,9,0.0,1
2005,British Grand Prix,Rubens Barrichello,Ferrari,6,5,7,2.0,1
2005,British Grand Prix,Giancarlo Fisichella,Renault,7,6,4,5.0,1
2005,British Grand Prix,Takuma Sato,BAR,8,7,16,0.0,12
2005,British Grand Prix,Ralf Schumacher,Toyota,9,8,8,1.0,1
2005,British Grand Prix,Michael Schumacher,Ferrari,10,9,6,3.0,1
2005,British Grand Prix,Jacques Villeneuve,Sauber,11,10,14,0.0,11
2005,British Grand Prix,Mark Webber,Williams,12,11,11,0.0,11
2005,British Grand Prix,David Coulthard,Red Bull,13,13,13,0.0,11
2005,British Grand Prix,Nick Heidfeld,Williams,14,14,12,0.0,11
2005,British Grand Prix,Christian Klien,Red Bull,15,15,15,0.0,11
2005,British Grand Prix,Felipe Massa,Sauber,16,16,10,0.0,11
2005,British Grand Prix,Narain Karthikeyan,Jordan,17,17,20,0.0,10
2005,British Grand Prix,Christijan Albers,Minardi,18,18,18,0.0,13
2005,British Grand Prix,Patrick Friesacher,Minardi,19,19,19,0.0,14
2005,British Grand Prix,Tiago Monteiro,Jordan,20,20,17,0.0,12
2005,German Grand Prix,Kimi Räikkönen,McLaren,1,1,20,0.0,9
2005,German Grand Prix,Jenson Button,BAR,2,2,3,6.0,1
2005,German Grand Prix,Fernando Alonso,Renault,3,3,1,10.0,1
2005,German Grand Prix,Giancarlo Fisichella,Renault,4,4,4,5.0,1
2005,German Grand Prix,Michael Schumacher,Ferrari,5,5,5,4.0,1
2005,German Grand Prix,Mark Webber,Williams,6,6,19,0.0,55
2005,German Grand Prix,Nick Heidfeld,Williams,7,7,11,0.0,11
2005,German Grand Prix,Takuma Sato,BAR,8,8,12,0.0,11
2005,German Grand Prix,Jarno Trulli,Toyota,9,9,14,0.0,13
2005,German Grand Prix,Christian Klien,Red Bull,10,10,9,0.0,1
2005,German Grand Prix,David Coulthard,Red Bull,11,11,7,2.0,1
2005,German Grand Prix,Ralf Schumacher,Toyota,12,12,6,3.0,1
2005,German Grand Prix,Felipe Massa,Sauber,13,13,8,1.0,1
2005,German Grand Prix,Jacques Villeneuve,Sauber,14,14,15,0.0,13
2005,German Grand Prix,Rubens Barrichello,Ferrari,15,15,10,0.0,11
2005,German Grand Prix,Christijan Albers,Minardi,16,16,13,0.0,12
2005,German Grand Prix,Robert Doornbos,Minardi,17,17,18,0.0,14
2005,German Grand Prix,Tiago Monteiro,Jordan,18,18,17,0.0,13
2005,German Grand Prix,Juan Pablo Montoya,McLaren,19,20,2,8.0,1
2005,German Grand Prix,Narain Karthikeyan,Jordan,20,19,16,0.0,13
2005,Hungarian Grand Prix,Michael Schumacher,Ferrari,1,1,2,8.0,1
2005,Hungarian Grand Prix,Juan Pablo Montoya,McLaren,2,2,17,0.0,30
2005,Hungarian Grand Prix,Jarno Trulli,Toyota,3,3,4,5.0,1
2005,Hungarian Grand Prix,Kimi Räikkönen,McLaren,4,4,1,10.0,1
2005,Hungarian Grand Prix,Ralf Schumacher,Toyota,5,5,3,6.0,1
2005,Hungarian Grand Prix,Fernando Alonso,Renault,6,6,11,0.0,11
2005,Hungarian Grand Prix,Rubens Barrichello,Ferrari,7,7,10,0.0,11
2005,Hungarian Grand Prix,Jenson Button,BAR,8,8,5,4.0,1
2005,Hungarian Grand Prix,Giancarlo Fisichella,Renault,9,9,9,0.0,11
2005,Hungarian Grand Prix,Takuma Sato,BAR,10,10,8,1.0,11
2005,Hungarian Grand Prix,Christian Klien,Red Bull,11,11,20,0.0,3
2005,Hungarian Grand Prix,Nick Heidfeld,Williams,12,12,6,3.0,1
2005,Hungarian Grand Prix,David Coulthard,Red Bull,13,13,19,0.0,3
2005,Hungarian Grand Prix,Felipe Massa,Sauber,14,14,14,0.0,17
2005,Hungarian Grand Prix,Jacques Villeneuve,Sauber,15,15,16,0.0,56
2005,Hungarian Grand Prix,Mark Webber,Williams,16,16,7,2.0,11
2005,Hungarian Grand Prix,Christijan Albers,Minardi,17,17,15,0.0,45
2005,Hungarian Grand Prix,Narain Karthikeyan,Jordan,18,18,12,0.0,13
2005,Hungarian Grand Prix,Robert Doornbos,Minardi,19,19,18,0.0,9
2005,Hungarian Grand Prix,Tiago Monteiro,Jordan,20,20,13,0.0,14
2005,Turkish Grand Prix,Kimi Räikkönen,McLaren,1,1,1,10.0,1
2005,Turkish Grand Prix,Giancarlo Fisichella,Renault,2,2,4,5.0,1
2005,Turkish Grand Prix,Fernando Alonso,Renault,3,3,2,8.0,1
2005,Turkish Grand Prix,Juan Pablo Montoya,McLaren,4,4,3,6.0,1
2005,Turkish Grand Prix,Jarno Trulli,Toyota,5,5,6,3.0,1
2005,Turkish Grand Prix,Nick Heidfeld,Williams,6,6,18,0.0,27
2005,Turkish Grand Prix,Mark Webber,Williams,7,7,20,0.0,27
2005,Turkish Grand Prix,Felipe Massa,Sauber,8,8,19,0.0,5
2005,Turkish Grand Prix,Ralf Schumacher,Toyota,9,9,12,0.0,11
2005,Turkish Grand Prix,Christian Klien,Red Bull,10,10,8,1.0,1
2005,Turkish Grand Prix,Rubens Barrichello,Ferrari,11,11,10,0.0,11
2005,Turkish Grand Prix,David Coulthard,Red Bull,12,12,7,2.0,1
2005,Turkish Grand Prix,Jenson Button,BAR,13,13,5,4.0,1
2005,Turkish Grand Prix,Takuma Sato,BAR,14,20,9,0.0,1
2005,Turkish Grand Prix,Tiago Monteiro,Jordan,15,14,15,0.0,13
2005,Turkish Grand Prix,Christijan Albers,Minardi,16,15,16,0.0,31
2005,Turkish Grand Prix,Robert Doornbos,Minardi,17,17,13,0.0,13
2005,Turkish Grand Prix,Jacques Villeneuve,Sauber,18,16,11,0.0,11
2005,Turkish Grand Prix,Narain Karthikeyan,Jordan,19,18,14,0.0,13
2005,Turkish Grand Prix,Michael Schumacher,Ferrari,20,19,17,0.0,31
2005,Italian Grand Prix,Kimi Räikkönen,McLaren,1,11,4,5.0,1
2005,Italian Grand Prix,Juan Pablo Montoya,McLaren,2,1,1,10.0,1
2005,Italian Grand Prix,Fernando Alonso,Renault,3,2,2,8.0,1
2005,Italian Grand Prix,Jenson Button,BAR,4,3,8,1.0,1
2005,Italian Grand Prix,Takuma Sato,BAR,5,4,16,0.0,11
2005,Italian Grand Prix,Jarno Trulli,Toyota,6,5,5,4.0,1
2005,Italian Grand Prix,Michael Schumacher,Ferrari,7,6,10,0.0,1
2005,Italian Grand Prix,Rubens Barrichello,Ferrari,8,7,12,0.0,11
2005,Italian Grand Prix,Giancarlo Fisichella,Renault,9,8,3,6.0,1
2005,Italian Grand Prix,Ralf Schumacher,Toyota,10,9,6,3.0,1
2005,Italian Grand Prix,David Coulthard,Red Bull,11,10,15,0.0,11
2005,Italian Grand Prix,Jacques Villeneuve,Sauber,12,12,11,0.0,11
2005,Italian Grand Prix,Christian Klien,Red Bull,13,13,13,0.0,11
2005,Italian Grand Prix,Mark Webber,Williams,14,14,14,0.0,11
2005,Italian Grand Prix,Felipe Massa,Sauber,15,15,9,0.0,1
2005,Italian Grand Prix,Antônio Pizzonia,Williams,16,16,7,2.0,1
2005,Italian Grand Prix,Tiago Monteiro,Jordan,17,17,17,0.0,12
2005,Italian Grand Prix,Robert Doornbos,Minardi,18,18,18,0.0,12
2005,Italian Grand Prix,Narain Karthikeyan,Jordan,19,19,20,0.0,13
2005,Italian Grand Prix,Christijan Albers,Minardi,20,20,19,0.0,12
2005,Belgian Grand Prix,Juan Pablo Montoya,McLaren,1,1,14,0.0,4
2005,Belgian Grand Prix,Kimi Räikkönen,McLaren,2,2,1,10.0,1
2005,Belgian Grand Prix,Giancarlo Fisichella,Renault,3,13,20,0.0,3
2005,Belgian Grand Prix,Jarno Trulli,Toyota,4,3,16,0.0,3
2005,Belgian Grand Prix,Fernando Alonso,Renault,5,4,2,8.0,1
2005,Belgian Grand Prix,Ralf Schumacher,Toyota,6,5,7,2.0,1
2005,Belgian Grand Prix,Michael Schumacher,Ferrari,7,6,18,0.0,3
2005,Belgian Grand Prix,Felipe Massa,Sauber,8,7,10,0.0,11
2005,Belgian Grand Prix,Jenson Button,BAR,9,8,3,6.0,1
2005,Belgian Grand Prix,Mark Webber,Williams,10,9,4,5.0,1
2005,Belgian Grand Prix,Takuma Sato,BAR,11,10,19,0.0,3
2005,Belgian Grand Prix,David Coulthard,Red Bull,12,11,17,0.0,5
2005,Belgian Grand Prix,Rubens Barrichello,Ferrari,13,12,5,4.0,1
2005,Belgian Grand Prix,Jacques Villeneuve,Sauber,14,14,6,3.0,1
2005,Belgian Grand Prix,Antônio Pizzonia,Williams,15,15,15,0.0,4
2005,Belgian Grand Prix,Christian Klien,Red Bull,16,16,9,0.0,11
2005,Belgian Grand Prix,Robert Doornbos,Minardi,17,17,13,0.0,13
2005,Belgian Grand Prix,Christijan Albers,Minardi,18,18,12,0.0,12
2005,Belgian Grand Prix,Tiago Monteiro,Jordan,19,19,8,1.0,11
2005,Belgian Grand Prix,Narain Karthikeyan,Jordan,20,20,11,0.0,11
2005,Brazilian Grand Prix,Fernando Alonso,Renault,1,1,3,6.0,1
2005,Brazilian Grand Prix,Juan Pablo Montoya,McLaren,2,2,1,10.0,1
2005,Brazilian Grand Prix,Giancarlo Fisichella,Renault,3,3,5,4.0,1
2005,Brazilian Grand Prix,Jenson Button,BAR,4,4,7,2.0,11
2005,Brazilian Grand Prix,Kimi Räikkönen,McLaren,5,5,2,8.0,1
2005,Brazilian Grand Prix,Christian Klien,Red Bull,6,6,9,0.0,11
2005,Brazilian Grand Prix,Michael Schumacher,Ferrari,7,7,4,5.0,1
2005,Brazilian Grand Prix,Jarno Trulli,Toyota,8,17,13,0.0,12
2005,Brazilian Grand Prix,Felipe Massa,Sauber,9,8,11,0.0,11
2005,Brazilian Grand Prix,Rubens Barrichello,Ferrari,10,9,6,3.0,1
2005,Brazilian Grand Prix,Ralf Schumacher,Toyota,11,10,8,1.0,11
2005,Brazilian Grand Prix,Jacques Villeneuve,Sauber,12,20,12,0.0,11
2005,Brazilian Grand Prix,Tiago Monteiro,Jordan,13,11,16,0.0,26
2005,Brazilian Grand Prix,Mark Webber,Williams,14,12,17,0.0,58
2005,Brazilian Grand Prix,Antônio Pizzonia,Williams,15,13,19,0.0,3
2005,Brazilian Grand Prix,David Coulthard,Red Bull,16,14,20,0.0,3
2005,Brazilian Grand Prix,Narain Karthikeyan,Jordan,17,15,15,0.0,13
2005,Brazilian Grand Prix,Christijan Albers,Minardi,18,16,14,0.0,12
2005,Brazilian Grand Prix,Takuma Sato,BAR,19,19,10,0.0,11
2005,Brazilian Grand Prix,Robert Doornbos,Minardi,20,18,18,0.0,5
2005,Japanese Grand Prix,Ralf Schumacher,Toyota,1,1,8,1.0,1
2005,Japanese Grand Prix,Jenson Button,BAR,2,2,5,4.0,1
2005,Japanese Grand Prix,Giancarlo Fisichella,Renault,3,3,2,8.0,1
2005,Japanese Grand Prix,Christian Klien,Red Bull,4,4,9,0.0,1
2005,Japanese Grand Prix,Takuma Sato,BAR,5,5,20,0.0,2
2005,Japanese Grand Prix,David Coulthard,Red Bull,6,6,6,3.0,1
2005,Japanese Grand Prix,Mark Webber,Williams,7,7,4,5.0,1
2005,Japanese Grand Prix,Jacques Villeneuve,Sauber,8,8,12,0.0,1
2005,Japanese Grand Prix,Rubens Barrichello,Ferrari,9,9,11,0.0,1
2005,Japanese Grand Prix,Felipe Massa,Sauber,10,10,10,0.0,1
2005,Japanese Grand Prix,Narain Karthikeyan,Jordan,11,11,15,0.0,12
2005,Japanese Grand Prix,Antônio Pizzonia,Williams,12,12,17,0.0,3
2005,Japanese Grand Prix,Christijan Albers,Minardi,13,13,16,0.0,14
2005,Japanese Grand Prix,Michael Schumacher,Ferrari,14,14,7,2.0,1
2005,Japanese Grand Prix,Robert Doornbos,Minardi,15,15,14,0.0,12
2005,Japanese Grand Prix,Fernando Alonso,Renault,16,16,3,6.0,1
2005,Japanese Grand Prix,Kimi Räikkönen,McLaren,17,17,1,10.0,1
2005,Japanese Grand Prix,Juan Pablo Montoya,McLaren,18,18,19,0.0,3
2005,Japanese Grand Prix,Jarno Trulli,Toyota,19,19,18,0.0,3
2005,Japanese Grand Prix,Tiago Monteiro,Jordan,20,20,13,0.0,11
2005,Chinese Grand Prix,Fernando Alonso,Renault,1,1,1,10.0,1
2005,Chinese Grand Prix,Giancarlo Fisichella,Renault,2,2,4,5.0,1
2005,Chinese Grand Prix,Kimi Räikkönen,McLaren,3,3,2,8.0,1
2005,Chinese Grand Prix,Jenson Button,BAR,4,4,8,1.0,1
2005,Chinese Grand Prix,Juan Pablo Montoya,McLaren,5,5,19,0.0,5
2005,Chinese Grand Prix,Michael Schumacher,Ferrari,6,6,20,0.0,20
2005,Chinese Grand Prix,David Coulthard,Red Bull,7,7,9,0.0,1
2005,Chinese Grand Prix,Rubens Barrichello,Ferrari,8,8,12,0.0,1
2005,Chinese Grand Prix,Ralf Schumacher,Toyota,9,9,3,6.0,1
2005,Chinese Grand Prix,Mark Webber,Williams,10,10,7,2.0,1
2005,Chinese Grand Prix,Felipe Massa,Sauber,11,11,6,3.0,1
2005,Chinese Grand Prix,Jarno Trulli,Toyota,12,12,15,0.0,11
2005,Chinese Grand Prix,Antônio Pizzonia,Williams,13,13,13,0.0,59
2005,Chinese Grand Prix,Christian Klien,Red Bull,14,14,5,4.0,1
2005,Chinese Grand Prix,Narain Karthikeyan,Jordan,15,15,18,0.0,3
2005,Chinese Grand Prix,Jacques Villeneuve,Sauber,16,16,10,0.0,1
2005,Chinese Grand Prix,Takuma Sato,BAR,17,17,17,0.0,6
2005,Chinese Grand Prix,Christijan Albers,Minardi,18,18,16,0.0,61
2005,Chinese Grand Prix,Tiago Monteiro,Jordan,19,19,11,0.0,1
2005,Chinese Grand Prix,Robert Doornbos,Minardi,20,20,14,0.0,60
2004,Italian Grand Prix,Rubens Barrichello,Ferrari,1,1,1,10.0,1
2004,Italian Grand Prix,Juan Pablo Montoya,Williams,2,2,5,4.0,1
2004,Italian Grand Prix,Michael Schumacher,Ferrari,3,3,2,8.0,1
2004,Italian Grand Prix,Fernando Alonso,Renault,4,4,16,0.0,20
2004,Italian Grand Prix,Takuma Sato,BAR,5,5,4,5.0,1
2004,Italian Grand Prix,Jenson Button,BAR,6,6,3,6.0,1
2004,Italian Grand Prix,Kimi Räikkönen,McLaren,7,7,19,0.0,5
2004,Italian Grand Prix,Antônio Pizzonia,Williams,8,8,7,2.0,1
2004,Italian Grand Prix,Jarno Trulli,Renault,9,9,10,0.0,1
2004,Italian Grand Prix,David Coulthard,McLaren,10,10,6,3.0,1
2004,Italian Grand Prix,Ricardo Zonta,Toyota,11,11,11,0.0,1
2004,Italian Grand Prix,Mark Webber,Jaguar,12,12,9,0.0,1
2004,Italian Grand Prix,Olivier Panis,Toyota,13,13,20,0.0,4
2004,Italian Grand Prix,Christian Klien,Jaguar,14,14,13,0.0,11
2004,Italian Grand Prix,Giancarlo Fisichella,Sauber,15,15,8,1.0,1
2004,Italian Grand Prix,Felipe Massa,Sauber,16,16,12,0.0,11
2004,Italian Grand Prix,Nick Heidfeld,Jordan,17,20,14,0.0,11
2004,Italian Grand Prix,Giorgio Pantano,Jordan,18,17,17,0.0,3
2004,Italian Grand Prix,Zsolt Baumgartner,Minardi,19,19,15,0.0,13
2004,Italian Grand Prix,Gianmaria Bruni,Minardi,20,18,18,0.0,66
2003,Malaysian Grand Prix,Fernando Alonso,Renault,1,1,3,6.0,1
2003,Malaysian Grand Prix,Jarno Trulli,Renault,2,2,5,4.0,11
2003,Malaysian Grand Prix,Michael Schumacher,Ferrari,3,3,6,3.0,11
2003,Malaysian Grand Prix,David Coulthard,McLaren,4,4,18,0.0,10
2003,Malaysian Grand Prix,Rubens Barrichello,Ferrari,5,5,2,8.0,1
2003,Malaysian Grand Prix,Nick Heidfeld,Sauber,6,6,8,1.0,11
2003,Malaysian Grand Prix,Kimi Räikkönen,McLaren,7,7,1,10.0,1
2003,Malaysian Grand Prix,Juan Pablo Montoya,Williams,8,8,12,0.0,13
2003,Malaysian Grand Prix,Jenson Button,BAR,9,9,7,2.0,11
2003,Malaysian Grand Prix,Olivier Panis,Toyota,10,10,17,0.0,32
2003,Malaysian Grand Prix,Cristiano da Matta,Toyota,11,11,11,0.0,11
2003,Malaysian Grand Prix,Jacques Villeneuve,BAR,12,12,20,0.0,10
2003,Malaysian Grand Prix,Heinz-Harald Frentzen,Sauber,13,13,9,0.0,11
2003,Malaysian Grand Prix,Giancarlo Fisichella,Jordan,14,14,19,0.0,10
2003,Malaysian Grand Prix,Antônio Pizzonia,Jaguar,15,15,14,0.0,20
2003,Malaysian Grand Prix,Mark Webber,Jaguar,16,16,16,0.0,5
2003,Malaysian Grand Prix,Ralf Schumacher,Williams,17,17,4,5.0,1
2003,Malaysian Grand Prix,Jos Verstappen,Minardi,18,18,13,0.0,14
2003,Malaysian Grand Prix,Justin Wilson,Minardi,19,19,15,0.0,26
2003,Malaysian Grand Prix,Ralph Firman,Jordan,20,20,10,0.0,11
2002,Malaysian Grand Prix,Michael Schumacher,Ferrari,1,1,3,4.0,1
2002,Malaysian Grand Prix,Juan Pablo Montoya,Williams,2,2,2,6.0,1
2002,Malaysian Grand Prix,Rubens Barrichello,Ferrari,3,3,14,0.0,5
2002,Malaysian Grand Prix,Ralf Schumacher,Williams,4,4,1,10.0,1
2002,Malaysian Grand Prix,Kimi Räikkönen,McLaren,5,5,18,0.0,5
2002,Malaysian Grand Prix,David Coulthard,McLaren,6,6,20,0.0,5
2002,Malaysian Grand Prix,Nick Heidfeld,Sauber,7,7,5,2.0,11
2002,Malaysian Grand Prix,Jenson Button,Renault,8,8,4,3.0,1
2002,Malaysian Grand Prix,Giancarlo Fisichella,Jordan,9,9,13,0.0,13
2002,Malaysian Grand Prix,Mika Salo,Toyota,10,10,12,0.0,13
2002,Malaysian Grand Prix,Heinz-Harald Frentzen,Arrows,11,11,11,0.0,12
2002,Malaysian Grand Prix,Jarno Trulli,Renault,12,12,22,0.0,25
2002,Malaysian Grand Prix,Jacques Villeneuve,BAR,13,13,8,0.0,11
2002,Malaysian Grand Prix,Felipe Massa,Sauber,14,14,6,1.0,11
2002,Malaysian Grand Prix,Takuma Sato,Jordan,15,15,9,0.0,12
2002,Malaysian Grand Prix,Enrique Bernoldi,Arrows,16,16,19,0.0,74
2002,Malaysian Grand Prix,Pedro de la Rosa,Jaguar,17,17,10,0.0,12
2002,Malaysian Grand Prix,Olivier Panis,BAR,18,18,21,0.0,8
2002,Malaysian Grand Prix,Allan McNish,Toyota,19,19,7,0.0,11
2002,Malaysian Grand Prix,Eddie Irvine,Jaguar,20,20,16,0.0,9
2002,Malaysian Grand Prix,Mark Webber,Minardi,21,21,15,0.0,10
2002,Malaysian Grand Prix,Alex Yoong,Minardi,22,22,17,0.0,6
2002,Japanese Grand Prix,Michael Schumacher,Ferrari,1,1,1,10.0,1
2002,Japanese Grand Prix,Rubens Barrichello,Ferrari,2,2,2,6.0,1
2002,Japanese Grand Prix,David Coulthard,McLaren,3,3,18,0.0,37
2002,Japanese Grand Prix,Kimi Räikkönen,McLaren,4,4,3,4.0,1
2002,Japanese Grand Prix,Ralf Schumacher,Williams,5,5,11,0.0,5
2002,Japanese Grand Prix,Juan Pablo Montoya,Williams,6,6,4,3.0,1
2002,Japanese Grand Prix,Takuma Sato,Jordan,7,7,5,2.0,1
2002,Japanese Grand Prix,Giancarlo Fisichella,Jordan,8,8,13,0.0,5
2002,Japanese Grand Prix,Jacques Villeneuve,BAR,9,9,15,0.0,5
2002,Japanese Grand Prix,Jenson Button,Renault,10,10,6,1.0,11
2002,Japanese Grand Prix,Jarno Trulli,Renault,11,11,14,0.0,26
2002,Japanese Grand Prix,Nick Heidfeld,Sauber,12,12,7,0.0,11
2002,Japanese Grand Prix,Mika Salo,Toyota,13,13,8,0.0,11
2002,Japanese Grand Prix,Eddie Irvine,Jaguar,14,14,9,0.0,11
2002,Japanese Grand Prix,Felipe Massa,Sauber,15,15,19,0.0,3
2002,Japanese Grand Prix,Olivier Panis,BAR,16,16,17,0.0,26
2002,Japanese Grand Prix,Pedro de la Rosa,Jaguar,17,17,12,0.0,7
2002,Japanese Grand Prix,Allan McNish,Toyota,18,18,20,0.0,73
2002,Japanese Grand Prix,Mark Webber,Minardi,19,19,10,0.0,12
2002,Japanese Grand Prix,Alex Yoong,Minardi,20,20,16,0.0,20
2001,United States Grand Prix,Michael Schumacher,Ferrari,1,1,2,6.0,1
2001,United States Grand Prix,Ralf Schumacher,Williams,2,2,20,0.0,20
2001,United States Grand Prix,Juan Pablo Montoya,Williams,3,3,18,0.0,9
2001,United States Grand Prix,Mika Häkkinen,McLaren,4,4,1,10.0,1
2001,United States Grand Prix,Rubens Barrichello,Ferrari,5,5,15,0.0,5
2001,United States Grand Prix,Nick Heidfeld,Sauber,6,6,6,1.0,1
2001,United States Grand Prix,David Coulthard,McLaren,7,7,3,4.0,1
2001,United States Grand Prix,Jarno Trulli,Jordan,8,8,4,3.0,1
2001,United States Grand Prix,Jean Alesi,Jordan,9,9,7,0.0,11
2001,United States Grand Prix,Jenson Button,Benetton,10,10,9,0.0,11
2001,United States Grand Prix,Kimi Räikkönen,Sauber,11,11,22,0.0,30
2001,United States Grand Prix,Giancarlo Fisichella,Benetton,12,12,8,0.0,11
2001,United States Grand Prix,Olivier Panis,BAR,13,13,11,0.0,11
2001,United States Grand Prix,Eddie Irvine,Jaguar,14,14,5,2.0,1
2001,United States Grand Prix,Heinz-Harald Frentzen,Prost,15,15,10,0.0,11
2001,United States Grand Prix,Pedro de la Rosa,Jaguar,16,16,12,0.0,11
2001,United States Grand Prix,Fernando Alonso,Minardi,17,17,21,0.0,30
2001,United States Grand Prix,Jacques Villeneuve,BAR,18,18,16,0.0,22
2001,United States Grand Prix,Enrique Bernoldi,Arrows,19,19,13,0.0,11
2001,United States Grand Prix,Jos Verstappen,Arrows,20,20,17,0.0,5
2001,United States Grand Prix,Tomáš Enge,Prost,21,21,14,0.0,11
2001,United States Grand Prix,Alex Yoong,Minardi,22,22,19,0.0,6
2000,Australian Grand Prix,Mika Häkkinen,McLaren,1,1,17,0.0,5
2000,Australian Grand Prix,David Coulthard,McLaren,2,2,19,0.0,5
2000,Australian Grand Prix,Michael Schumacher,Ferrari,3,3,1,10.0,1
2000,Australian Grand Prix,Rubens Barrichello,Ferrari,4,4,2,6.0,1
2000,Australian Grand Prix,Heinz-Harald Frentzen,Jordan,5,5,14,0.0,9
2000,Australian Grand Prix,Jarno Trulli,Jordan,6,6,15,0.0,5
2000,Australian Grand Prix,Eddie Irvine,Jaguar,7,7,21,0.0,20
2000,Australian Grand Prix,Jacques Villeneuve,BAR,8,8,4,3.0,1
2000,Australian Grand Prix,Giancarlo Fisichella,Benetton,9,9,5,2.0,1
2000,Australian Grand Prix,Mika Salo,Sauber,10,10,10,0.0,2
2000,Australian Grand Prix,Ralf Schumacher,Williams,11,11,3,4.0,1
2000,Australian Grand Prix,Pedro de la Rosa,Arrows,12,12,20,0.0,22
2000,Australian Grand Prix,Jos Verstappen,Arrows,13,13,18,0.0,22
2000,Australian Grand Prix,Alexander Wurz,Benetton,14,14,7,0.0,1
2000,Australian Grand Prix,Nick Heidfeld,Prost,15,15,9,0.0,12
2000,Australian Grand Prix,Ricardo Zonta,BAR,16,16,6,1.0,1
2000,Australian Grand Prix,Jean Alesi,Prost,17,17,16,0.0,9
2000,Australian Grand Prix,Marc Gené,Minardi,18,18,8,0.0,11
2000,Australian Grand Prix,Pedro Diniz,Sauber,19,19,12,0.0,7
2000,Australian Grand Prix,Johnny Herbert,Jaguar,20,20,22,0.0,8
2000,Australian Grand Prix,Jenson Button,Williams,21,21,11,0.0,5
2000,Australian Grand Prix,Gastón Mazzacane,Minardi,22,22,13,0.0,6
2000,San Marino Grand Prix,Mika Häkkinen,McLaren,1,1,2,6.0,1
2000,San Marino Grand Prix,Michael Schumacher,Ferrari,2,2,1,10.0,1
2000,San Marino Grand Prix,David Coulthard,McLaren,3,3,3,4.0,1
2000,San Marino Grand Prix,Rubens Barrichello,Ferrari,4,4,4,3.0,1
2000,San Marino Grand Prix,Ralf Schumacher,Williams,5,5,17,0.0,69
2000,San Marino Grand Prix,Heinz-Harald Frentzen,Jordan,6,6,22,0.0,6
2000,San Marino Grand Prix,Eddie Irvine,Jaguar,7,7,7,0.0,11
2000,San Marino Grand Prix,Jarno Trulli,Jordan,8,8,15,0.0,6
2000,San Marino Grand Prix,Jacques Villeneuve,BAR,9,9,5,2.0,11
2000,San Marino Grand Prix,Pedro Diniz,Sauber,10,10,8,0.0,11
2000,San Marino Grand Prix,Alexander Wurz,Benetton,11,11,9,0.0,11
2000,San Marino Grand Prix,Mika Salo,Sauber,12,12,6,1.0,11
2000,San Marino Grand Prix,Pedro de la Rosa,Arrows,13,13,16,0.0,20
2000,San Marino Grand Prix,Ricardo Zonta,BAR,14,14,12,0.0,11
2000,San Marino Grand Prix,Jean Alesi,Prost,15,15,18,0.0,9
2000,San Marino Grand Prix,Jos Verstappen,Arrows,16,16,14,0.0,13
2000,San Marino Grand Prix,Johnny Herbert,Jaguar,17,17,10,0.0,11
2000,San Marino Grand Prix,Jenson Button,Williams,18,18,20,0.0,5
2000,San Marino Grand Prix,Giancarlo Fisichella,Benetton,19,19,11,0.0,11
2000,San Marino Grand Prix,Gastón Mazzacane,Minardi,20,20,13,0.0,12
2000,San Marino Grand Prix,Marc Gené,Minardi,21,21,21,0.0,20
2000,San Marino Grand Prix,Nick Heidfeld,Prost,22,22,19,0.0,9
2000,British Grand Prix,Rubens Barrichello,Ferrari,1,1,20,0.0,9
2000,British Grand Prix,Heinz-Harald Frentzen,Jordan,2,2,17,0.0,16
2000,British Grand Prix,Mika Häkkinen,McLaren,3,3,2,6.0,1
2000,British Grand Prix,David Coulthard,McLaren,4,4,1,10.0,1
2000,British Grand Prix,Michael Schumacher,Ferrari,5,5,3,4.0,1
2000,British Grand Prix,Jenson Button,Williams,6,6,5,2.0,1
2000,British Grand Prix,Ralf Schumacher,Williams,7,7,4,3.0,1
2000,British Grand Prix,Jos Verstappen,Arrows,8,8,22,0.0,10
2000,British Grand Prix,Eddie Irvine,Jaguar,9,9,13,0.0,11
2000,British Grand Prix,Jacques Villeneuve,BAR,10,10,16,0.0,14
2000,British Grand Prix,Jarno Trulli,Jordan,11,11,6,1.0,1
2000,British Grand Prix,Giancarlo Fisichella,Benetton,12,12,7,0.0,11
2000,British Grand Prix,Pedro Diniz,Sauber,13,13,11,0.0,11
2000,British Grand Prix,Johnny Herbert,Jaguar,14,14,12,0.0,11
2000,British Grand Prix,Jean Alesi,Prost,15,15,10,0.0,11
2000,British Grand Prix,Ricardo Zonta,BAR,16,16,19,0.0,20
2000,British Grand Prix,Nick Heidfeld,Prost,17,17,18,0.0,5
2000,British Grand Prix,Mika Salo,Sauber,18,18,8,0.0,11
2000,British Grand Prix,Pedro de la Rosa,Arrows,19,19,21,0.0,10
2000,British Grand Prix,Alexander Wurz,Benetton,20,20,9,0.0,11
2000,British Grand Prix,Marc Gené,Minardi,21,21,14,0.0,11
2000,British Grand Prix,Gastón Mazzacane,Minardi,22,22,15,0.0,11
2000,Japanese Grand Prix,Michael Schumacher,Ferrari,1,1,1,10.0,1
2000,Japanese Grand Prix,Mika Häkkinen,McLaren,2,2,2,6.0,1
2000,Japanese Grand Prix,David Coulthard,McLaren,3,3,3,4.0,1
2000,Japanese Grand Prix,Rubens Barrichello,Ferrari,4,4,4,3.0,1
2000,Japanese Grand Prix,Jenson Button,Williams,5,5,5,2.0,1
2000,Japanese Grand Prix,Ralf Schumacher,Williams,6,6,17,0.0,20
2000,Japanese Grand Prix,Eddie Irvine,Jaguar,7,7,8,0.0,11
2000,Japanese Grand Prix,Heinz-Harald Frentzen,Jordan,8,8,20,0.0,9
2000,Japanese Grand Prix,Jacques Villeneuve,BAR,9,9,6,1.0,11
2000,Japanese Grand Prix,Johnny Herbert,Jaguar,10,10,7,0.0,11
2000,Japanese Grand Prix,Alexander Wurz,Benetton,11,11,19,0.0,20
2000,Japanese Grand Prix,Giancarlo Fisichella,Benetton,12,12,14,0.0,11
2000,Japanese Grand Prix,Pedro de la Rosa,Arrows,13,13,12,0.0,11
2000,Japanese Grand Prix,Jos Verstappen,Arrows,14,14,22,0.0,10
2000,Japanese Grand Prix,Jarno Trulli,Jordan,15,15,13,0.0,11
2000,Japanese Grand Prix,Nick Heidfeld,Prost,16,16,18,0.0,22
2000,Japanese Grand Prix,Jean Alesi,Prost,17,17,21,0.0,5
2000,Japanese Grand Prix,Ricardo Zonta,BAR,18,18,9,0.0,11
2000,Japanese Grand Prix,Mika Salo,Sauber,19,19,10,0.0,11
2000,Japanese Grand Prix,Pedro Diniz,Sauber,20,20,11,0.0,11
2000,Japanese Grand Prix,Marc Gené,Minardi,21,21,16,0.0,5
2000,Japanese Grand Prix,Gastón Mazzacane,Minardi,22,22,15,0.0,12
1999,Australian Grand Prix,Mika Häkkinen,McLaren,1,1,16,0.0,37
1999,Australian Grand Prix,David Coulthard,McLaren,2,2,18,0.0,9
1999,Australian Grand Prix,Michael Schumacher,Ferrari,3,3,8,0.0,11
1999,Australian Grand Prix,Rubens Barrichello,Stewart,4,4,5,2.0,1
1999,Australian Grand Prix,Heinz-Harald Frentzen,Jordan,5,5,2,6.0,1
1999,Australian Grand Prix,Eddie Irvine,Ferrari,6,6,1,10.0,1
1999,Australian Grand Prix,Giancarlo Fisichella,Benetton,7,7,4,3.0,1
1999,Australian Grand Prix,Ralf Schumacher,Williams,8,8,3,4.0,1
1999,Australian Grand Prix,Damon Hill,Jordan,9,9,20,0.0,4
1999,Australian Grand Prix,Alexander Wurz,Benetton,10,10,11,0.0,22
1999,Australian Grand Prix,Jacques Villeneuve,BAR,11,11,19,0.0,65
1999,Australian Grand Prix,Jarno Trulli,Prost,12,12,14,0.0,4
1999,Australian Grand Prix,Johnny Herbert,Stewart,13,13,22,0.0,66
1999,Australian Grand Prix,Pedro Diniz,Sauber,14,14,12,0.0,7
1999,Australian Grand Prix,Alessandro Zanardi,Williams,15,15,17,0.0,20
1999,Australian Grand Prix,Jean Alesi,Sauber,16,16,21,0.0,6
1999,Australian Grand Prix,Toranosuke Takagi,Arrows,17,17,7,0.0,1
1999,Australian Grand Prix,Pedro de la Rosa,Arrows,18,18,6,1.0,1
1999,Australian Grand Prix,Ricardo Zonta,BAR,19,19,9,0.0,6
1999,Australian Grand Prix,Olivier Panis,Prost,20,20,15,0.0,36
1999,Australian Grand Prix,Luca Badoer,Minardi,21,21,10,0.0,6
1999,Australian Grand Prix,Marc Gené,Minardi,22,22,13,0.0,4
1999,Brazilian Grand Prix,Mika Häkkinen,McLaren,1,1,1,10.0,1
1999,Brazilian Grand Prix,David Coulthard,McLaren,2,2,18,0.0,6
1999,Brazilian Grand Prix,Rubens Barrichello,Stewart,3,3,13,0.0,5
1999,Brazilian Grand Prix,Michael Schumacher,Ferrari,4,4,2,6.0,1
1999,Brazilian Grand Prix,Giancarlo Fisichella,Benetton,5,5,15,0.0,8
1999,Brazilian Grand Prix,Eddie Irvine,Ferrari,6,6,5,2.0,11
1999,Brazilian Grand Prix,Damon Hill,Jordan,7,7,21,0.0,4
1999,Brazilian Grand Prix,Heinz-Harald Frentzen,Jordan,8,8,3,4.0,60
1999,Brazilian Grand Prix,Alexander Wurz,Benetton,9,9,7,0.0,12
1999,Brazilian Grand Prix,Johnny Herbert,Stewart,10,10,20,0.0,9
1999,Brazilian Grand Prix,Ralf Schumacher,Williams,11,11,4,3.0,11
1999,Brazilian Grand Prix,Olivier Panis,Prost,12,12,6,1.0,11
1999,Brazilian Grand Prix,Jarno Trulli,Prost,13,13,19,0.0,6
1999,Brazilian Grand Prix,Jean Alesi,Sauber,14,14,17,0.0,6
1999,Brazilian Grand Prix,Pedro Diniz,Sauber,15,15,14,0.0,4
1999,Brazilian Grand Prix,Alessandro Zanardi,Williams,16,16,12,0.0,6
1999,Brazilian Grand Prix,Stéphane Sarrazin,Minardi,17,18,16,0.0,20
1999,Brazilian Grand Prix,Pedro de la Rosa,Arrows,18,17,10,0.0,9
1999,Brazilian Grand Prix,Toranosuke Takagi,Arrows,19,19,8,0.0,13
1999,Brazilian Grand Prix,Marc Gené,Minardi,20,20,9,0.0,13
1999,Brazilian Grand Prix,Jacques Villeneuve,BAR,21,21,11,0.0,9
1999,San Marino Grand Prix,Mika Häkkinen,McLaren,1,1,18,0.0,20
1999,San Marino Grand Prix,David Coulthard,McLaren,2,2,2,6.0,1
1999,San Marino Grand Prix,Michael Schumacher,Ferrari,3,3,1,10.0,1
1999,San Marino Grand Prix,Eddie Irvine,Ferrari,4,4,14,0.0,5
1999,San Marino Grand Prix,Jacques Villeneuve,BAR,5,14,21,0.0,6
1999,San Marino Grand Prix,Rubens Barrichello,Stewart,6,6,3,4.0,11
1999,San Marino Grand Prix,Heinz-Harald Frentzen,Jordan,7,7,15,0.0,20
1999,San Marino Grand Prix,Damon Hill,Jordan,8,8,4,3.0,11
1999,San Marino Grand Prix,Ralf Schumacher,Williams,9,9,17,0.0,37
1999,San Marino Grand Prix,Alessandro Zanardi,Williams,10,10,11,0.0,20
1999,San Marino Grand Prix,Olivier Panis,Prost,11,11,13,0.0,37
1999,San Marino Grand Prix,Johnny Herbert,Stewart,12,12,10,0.0,5
1999,San Marino Grand Prix,Jean Alesi,Sauber,13,13,6,1.0,11
1999,San Marino Grand Prix,Jarno Trulli,Prost,14,5,22,0.0,20
1999,San Marino Grand Prix,Pedro Diniz,Sauber,15,15,12,0.0,20
1999,San Marino Grand Prix,Giancarlo Fisichella,Benetton,16,16,5,2.0,11
1999,San Marino Grand Prix,Alexander Wurz,Benetton,17,17,20,0.0,20
1999,San Marino Grand Prix,Pedro de la Rosa,Arrows,18,18,19,0.0,20
1999,San Marino Grand Prix,Mika Salo,BAR,19,19,7,0.0,13
1999,San Marino Grand Prix,Toranosuke Takagi,Arrows,20,20,16,0.0,32
1999,San Marino Grand Prix,Marc Gené,Minardi,21,21,9,0.0,13
1999,San Marino Grand Prix,Luca Badoer,Minardi,22,22,8,0.0,13
1998,Australian Grand Prix,Mika Häkkinen,McLaren,1,1,1,10.0,1
1998,Australian Grand Prix,David Coulthard,McLaren,2,2,2,6.0,1
1998,Australian Grand Prix,Michael Schumacher,Ferrari,3,3,17,0.0,5
1998,Australian Grand Prix,Jacques Villeneuve,Williams,4,4,5,2.0,11
1998,Australian Grand Prix,Johnny Herbert,Sauber,5,5,6,1.0,11
1998,Australian Grand Prix,Heinz-Harald Frentzen,Williams,6,6,3,4.0,11
1998,Australian Grand Prix,Giancarlo Fisichella,Benetton,7,7,10,0.0,41
1998,Australian Grand Prix,Eddie Irvine,Ferrari,8,8,4,3.0,11
1998,Australian Grand Prix,Ralf Schumacher,Jordan,9,9,19,0.0,4
1998,Australian Grand Prix,Damon Hill,Jordan,10,10,8,0.0,11
1998,Australian Grand Prix,Alexander Wurz,Benetton,11,11,7,0.0,11
1998,Australian Grand Prix,Jean Alesi,Sauber,12,12,11,0.0,5
1998,Australian Grand Prix,Toranosuke Takagi,Tyrrell,13,13,21,0.0,20
1998,Australian Grand Prix,Rubens Barrichello,Stewart,14,14,22,0.0,6
1998,Australian Grand Prix,Jarno Trulli,Prost,15,15,12,0.0,6
1998,Australian Grand Prix,Mika Salo,Arrows,16,16,14,0.0,6
1998,Australian Grand Prix,Esteban Tuero,Minardi,17,17,15,0.0,5
1998,Australian Grand Prix,Jan Magnussen,Stewart,18,18,20,0.0,4
1998,Australian Grand Prix,Ricardo Rosset,Tyrrell,19,19,13,0.0,6
1998,Australian Grand Prix,Pedro Diniz,Arrows,20,20,18,0.0,6
1998,Australian Grand Prix,Olivier Panis,Prost,21,21,9,0.0,11
1998,Australian Grand Prix,Shinji Nakano,Minardi,22,22,16,0.0,86
1998,Brazilian Grand Prix,Mika Häkkinen,McLaren,1,1,1,10.0,1
1998,Brazilian Grand Prix,David Coulthard,McLaren,2,2,2,6.0,1
1998,Brazilian Grand Prix,Heinz-Harald Frentzen,Williams,3,3,5,2.0,11
1998,Brazilian Grand Prix,Michael Schumacher,Ferrari,4,4,3,4.0,1
1998,Brazilian Grand Prix,Alexander Wurz,Benetton,5,5,4,3.0,1
1998,Brazilian Grand Prix,Eddie Irvine,Ferrari,6,6,8,0.0,11
1998,Brazilian Grand Prix,Giancarlo Fisichella,Benetton,7,7,6,1.0,11
1998,Brazilian Grand Prix,Ralf Schumacher,Jordan,8,8,22,0.0,20
1998,Brazilian Grand Prix,Olivier Panis,Prost,9,9,13,0.0,5
1998,Brazilian Grand Prix,Jacques Villeneuve,Williams,10,10,7,0.0,11
1998,Brazilian Grand Prix,Damon Hill,Jordan,11,11,12,0.0,2
1998,Brazilian Grand Prix,Jarno Trulli,Prost,12,12,20,0.0,48
1998,Brazilian Grand Prix,Rubens Barrichello,Stewart,13,13,14,0.0,6
1998,Brazilian Grand Prix,Johnny Herbert,Sauber,14,14,11,0.0,82
1998,Brazilian Grand Prix,Jean Alesi,Sauber,15,15,9,0.0,11
1998,Brazilian Grand Prix,Jan Magnussen,Stewart,16,16,10,0.0,12
1998,Brazilian Grand Prix,Toranosuke Takagi,Tyrrell,17,17,18,0.0,5
1998,Brazilian Grand Prix,Shinji Nakano,Minardi,18,18,21,0.0,20
1998,Brazilian Grand Prix,Esteban Tuero,Minardi,19,19,16,0.0,37
1998,Brazilian Grand Prix,Mika Salo,Arrows,20,20,19,0.0,5
1998,Brazilian Grand Prix,Ricardo Rosset,Tyrrell,21,21,15,0.0,6
1998,Brazilian Grand Prix,Pedro Diniz,Arrows,22,22,17,0.0,6
1998,Argentine Grand Prix,David Coulthard,McLaren,1,1,6,1.0,1
1998,Argentine Grand Prix,Michael Schumacher,Ferrari,2,2,1,10.0,1
1998,Argentine Grand Prix,Mika Häkkinen,McLaren,3,3,2,6.0,1
1998,Argentine Grand Prix,Eddie Irvine,Ferrari,4,4,3,4.0,1
1998,Argentine Grand Prix,Ralf Schumacher,Jordan,5,5,19,0.0,22
1998,Argentine Grand Prix,Heinz-Harald Frentzen,Williams,6,6,9,0.0,11
1998,Argentine Grand Prix,Jacques Villeneuve,Williams,7,7,17,0.0,4
1998,Argentine Grand Prix,Alexander Wurz,Benetton,8,8,4,3.0,1
1998,Argentine Grand Prix,Damon Hill,Jordan,9,9,8,0.0,11
1998,Argentine Grand Prix,Giancarlo Fisichella,Benetton,10,10,7,0.0,1
1998,Argentine Grand Prix,Jean Alesi,Sauber,11,11,5,2.0,1
1998,Argentine Grand Prix,Johnny Herbert,Sauber,12,12,18,0.0,4
1998,Argentine Grand Prix,Toranosuke Takagi,Tyrrell,13,13,12,0.0,12
1998,Argentine Grand Prix,Rubens Barrichello,Stewart,14,14,10,0.0,12
1998,Argentine Grand Prix,Olivier Panis,Prost,15,15,15,0.0,5
1998,Argentine Grand Prix,Jarno Trulli,Prost,16,16,11,0.0,12
1998,Argentine Grand Prix,Mika Salo,Arrows,17,17,20,0.0,6
1998,Argentine Grand Prix,Pedro Diniz,Arrows,18,18,22,0.0,6
1998,Argentine Grand Prix,Shinji Nakano,Minardi,19,19,13,0.0,13
1998,Argentine Grand Prix,Esteban Tuero,Minardi,20,20,16,0.0,20
1998,Argentine Grand Prix,Ricardo Rosset,Tyrrell,21,21,14,0.0,14
1998,Argentine Grand Prix,Jan Magnussen,Stewart,22,22,21,0.0,7
1998,British Grand Prix,Mika Häkkinen,McLaren,1,1,2,6.0,1
1998,British Grand Prix,Michael Schumacher,Ferrari,2,2,1,10.0,1
1998,British Grand Prix,Jacques Villeneuve,Williams,3,3,7,0.0,11
1998,British Grand Prix,David Coulthard,McLaren,4,4,15,0.0,20
1998,British Grand Prix,Eddie Irvine,Ferrari,5,5,3,4.0,1
1998,British Grand Prix,Heinz-Harald Frentzen,Williams,6,6,21,0.0,20
1998,British Grand Prix,Damon Hill,Jordan,7,7,22,0.0,20
1998,British Grand Prix,Jean Alesi,Sauber,8,8,10,0.0,10
1998,British Grand Prix,Johnny Herbert,Sauber,9,9,19,0.0,20
1998,British Grand Prix,Giancarlo Fisichella,Benetton,10,10,5,2.0,11
1998,British Grand Prix,Alexander Wurz,Benetton,11,11,4,3.0,11
1998,British Grand Prix,Pedro Diniz,Arrows,12,12,11,0.0,20
1998,British Grand Prix,Mika Salo,Arrows,13,13,20,0.0,37
1998,British Grand Prix,Jarno Trulli,Prost,14,14,16,0.0,20
1998,British Grand Prix,Jos Verstappen,Stewart,15,15,14,0.0,5
1998,British Grand Prix,Rubens Barrichello,Stewart,16,16,13,0.0,20
1998,British Grand Prix,Toranosuke Takagi,Tyrrell,17,17,9,0.0,14
1998,British Grand Prix,Esteban Tuero,Minardi,18,18,18,0.0,20
1998,British Grand Prix,Shinji Nakano,Minardi,19,19,8,0.0,12
1998,British Grand Prix,Ricardo Rosset,Tyrrell,20,20,17,0.0,20
1998,British Grand Prix,Ralf Schumacher,Jordan,21,21,6,1.0,11
1998,British Grand Prix,Olivier Panis,Prost,22,22,12,0.0,20
1998,Austrian Grand Prix,Giancarlo Fisichella,Benetton,1,1,15,0.0,4
1998,Austrian Grand Prix,Jean Alesi,Sauber,2,2,16,0.0,4
1998,Austrian Grand Prix,Mika Häkkinen,McLaren,3,3,1,10.0,1
1998,Austrian Grand Prix,Michael Schumacher,Ferrari,4,4,3,4.0,1
1998,Austrian Grand Prix,Rubens Barrichello,Stewart,5,5,18,0.0,23
1998,Austrian Grand Prix,Mika Salo,Arrows,6,6,20,0.0,4
1998,Austrian Grand Prix,Heinz-Harald Frentzen,Williams,7,7,17,0.0,5
1998,Austrian Grand Prix,Eddie Irvine,Ferrari,8,8,4,3.0,1
1998,Austrian Grand Prix,Ralf Schumacher,Jordan,9,9,5,2.0,1
1998,Austrian Grand Prix,Olivier Panis,Prost,10,10,21,0.0,8
1998,Austrian Grand Prix,Jacques Villeneuve,Williams,11,11,6,1.0,1
1998,Austrian Grand Prix,Jos Verstappen,Stewart,12,12,13,0.0,5
1998,Austrian Grand Prix,Pedro Diniz,Arrows,13,13,19,0.0,4
1998,Austrian Grand Prix,David Coulthard,McLaren,14,14,2,6.0,1
1998,Austrian Grand Prix,Damon Hill,Jordan,15,15,7,0.0,1
1998,Austrian Grand Prix,Jarno Trulli,Prost,16,16,10,0.0,11
1998,Austrian Grand Prix,Alexander Wurz,Benetton,17,17,9,0.0,11
1998,Austrian Grand Prix,Johnny Herbert,Sauber,18,18,8,0.0,11
1998,Austrian Grand Prix,Esteban Tuero,Minardi,19,19,14,0.0,20
1998,Austrian Grand Prix,Toranosuke Takagi,Tyrrell,20,20,22,0.0,4
1998,Austrian Grand Prix,Shinji Nakano,Minardi,21,21,11,0.0,11
1998,Austrian Grand Prix,Ricardo Rosset,Tyrrell,22,22,12,0.0,12
1998,German Grand Prix,Mika Häkkinen,McLaren,1,1,1,10.0,1
1998,German Grand Prix,David Coulthard,McLaren,2,2,2,6.0,1
1998,German Grand Prix,Jacques Villeneuve,Williams,3,3,3,4.0,1
1998,German Grand Prix,Ralf Schumacher,Jordan,4,4,6,1.0,1
1998,German Grand Prix,Damon Hill,Jordan,5,5,4,3.0,1
1998,German Grand Prix,Eddie Irvine,Ferrari,6,6,8,0.0,1
1998,German Grand Prix,Alexander Wurz,Benetton,7,7,11,0.0,1
1998,German Grand Prix,Giancarlo Fisichella,Benetton,8,8,7,0.0,1
1998,German Grand Prix,Michael Schumacher,Ferrari,9,9,5,2.0,1
1998,German Grand Prix,Heinz-Harald Frentzen,Williams,10,10,9,0.0,1
1998,German Grand Prix,Jean Alesi,Sauber,11,11,10,0.0,1
1998,German Grand Prix,Johnny Herbert,Sauber,12,12,17,0.0,6
1998,German Grand Prix,Rubens Barrichello,Stewart,13,13,19,0.0,6
1998,German Grand Prix,Jarno Trulli,Prost,14,14,12,0.0,11
1998,German Grand Prix,Toranosuke Takagi,Tyrrell,15,15,13,0.0,11
1998,German Grand Prix,Olivier Panis,Prost,16,16,15,0.0,11
1998,German Grand Prix,Mika Salo,Arrows,17,17,14,0.0,11
1998,German Grand Prix,Pedro Diniz,Arrows,18,18,21,0.0,37
1998,German Grand Prix,Jos Verstappen,Stewart,19,19,20,0.0,6
1998,German Grand Prix,Shinji Nakano,Minardi,20,20,18,0.0,6
1998,German Grand Prix,Esteban Tuero,Minardi,21,21,16,0.0,12
1998,Belgian Grand Prix,Mika Häkkinen,McLaren,1,1,16,0.0,4
1998,Belgian Grand Prix,David Coulthard,McLaren,2,2,7,0.0,15
1998,Belgian Grand Prix,Damon Hill,Jordan,3,3,1,10.0,1
1998,Belgian Grand Prix,Michael Schumacher,Ferrari,4,4,10,0.0,4
1998,Belgian Grand Prix,Eddie Irvine,Ferrari,5,5,11,0.0,20
1998,Belgian Grand Prix,Jacques Villeneuve,Williams,6,6,13,0.0,20
1998,Belgian Grand Prix,Giancarlo Fisichella,Benetton,7,7,9,0.0,4
1998,Belgian Grand Prix,Ralf Schumacher,Jordan,8,8,2,6.0,1
1998,Belgian Grand Prix,Heinz-Harald Frentzen,Williams,9,9,4,3.0,1
1998,Belgian Grand Prix,Jean Alesi,Sauber,10,10,3,4.0,1
1998,Belgian Grand Prix,Alexander Wurz,Benetton,11,11,17,0.0,4
1998,Belgian Grand Prix,Johnny Herbert,Sauber,12,12,18,0.0,4
1998,Belgian Grand Prix,Jarno Trulli,Prost,13,13,6,1.0,12
1998,Belgian Grand Prix,Rubens Barrichello,Stewart,14,15,19,0.0,4
1998,Belgian Grand Prix,Olivier Panis,Prost,15,14,20,0.0,4
1998,Belgian Grand Prix,Pedro Diniz,Arrows,16,16,5,2.0,1
1998,Belgian Grand Prix,Jos Verstappen,Stewart,17,17,15,0.0,5
1998,Belgian Grand Prix,Mika Salo,Arrows,18,18,21,0.0,4
1998,Belgian Grand Prix,Toranosuke Takagi,Tyrrell,19,19,14,0.0,20
1998,Belgian Grand Prix,Ricardo Rosset,Tyrrell,20,20,22,0.0,4
1998,Belgian Grand Prix,Shinji Nakano,Minardi,21,21,8,0.0,15
1998,Belgian Grand Prix,Esteban Tuero,Minardi,22,22,12,0.0,6
1997,Australian Grand Prix,Jacques Villeneuve,Williams,1,1,19,0.0,4
1997,Australian Grand Prix,Heinz-Harald Frentzen,Williams,2,2,8,0.0,23
1997,Australian Grand Prix,Michael Schumacher,Ferrari,3,3,2,6.0,1
1997,Australian Grand Prix,David Coulthard,McLaren,4,4,1,10.0,1
1997,Australian Grand Prix,Eddie Irvine,Ferrari,5,5,20,0.0,4
1997,Australian Grand Prix,Mika Häkkinen,McLaren,6,6,3,4.0,1
1997,Australian Grand Prix,Johnny Herbert,Sauber,7,7,21,0.0,4
1997,Australian Grand Prix,Jean Alesi,Benetton,8,8,14,0.0,74
1997,Australian Grand Prix,Olivier Panis,Prost,9,9,5,2.0,1
1997,Australian Grand Prix,Gerhard Berger,Benetton,10,10,4,3.0,1
1997,Australian Grand Prix,Rubens Barrichello,Stewart,11,11,11,0.0,5
1997,Australian Grand Prix,Ralf Schumacher,Jordan,12,12,18,0.0,6
1997,Australian Grand Prix,Nicola Larini,Sauber,13,13,6,1.0,1
1997,Australian Grand Prix,Giancarlo Fisichella,Jordan,14,14,16,0.0,20
1997,Australian Grand Prix,Ukyo Katayama,Minardi,15,15,15,0.0,10
1997,Australian Grand Prix,Shinji Nakano,Prost,16,16,7,0.0,12
1997,Australian Grand Prix,Jarno Trulli,Minardi,17,17,9,0.0,13
1997,Australian Grand Prix,Mika Salo,Tyrrell,18,18,12,0.0,5
1997,Australian Grand Prix,Jan Magnussen,Stewart,19,19,13,0.0,22
1997,Australian Grand Prix,Damon Hill,Arrows,20,20,22,0.0,37
1997,Australian Grand Prix,Jos Verstappen,Tyrrell,21,21,17,0.0,20
1997,Australian Grand Prix,Pedro Diniz,Arrows,22,22,10,0.0,14
1997,Brazilian Grand Prix,Jacques Villeneuve,Williams,1,1,1,10.0,1
1997,Brazilian Grand Prix,Michael Schumacher,Ferrari,2,2,5,2.0,1
1997,Brazilian Grand Prix,Gerhard Berger,Benetton,3,3,2,6.0,1
1997,Brazilian Grand Prix,Mika Häkkinen,McLaren,4,4,4,3.0,1
1997,Brazilian Grand Prix,Olivier Panis,Prost,5,5,3,4.0,1
1997,Brazilian Grand Prix,Jean Alesi,Benetton,6,6,6,1.0,1
1997,Brazilian Grand Prix,Giancarlo Fisichella,Jordan,7,7,8,0.0,1
1997,Brazilian Grand Prix,Heinz-Harald Frentzen,Williams,8,8,9,0.0,1
1997,Brazilian Grand Prix,Damon Hill,Arrows,9,9,17,0.0,5
1997,Brazilian Grand Prix,Ralf Schumacher,Jordan,10,10,19,0.0,10
1997,Brazilian Grand Prix,Rubens Barrichello,Stewart,11,11,20,0.0,22
1997,Brazilian Grand Prix,David Coulthard,McLaren,12,12,10,0.0,11
1997,Brazilian Grand Prix,Johnny Herbert,Sauber,13,13,7,0.0,1
1997,Brazilian Grand Prix,Eddie Irvine,Ferrari,14,14,16,0.0,12
1997,Brazilian Grand Prix,Shinji Nakano,Prost,15,15,14,0.0,11
1997,Brazilian Grand Prix,Pedro Diniz,Arrows,16,16,21,0.0,22
1997,Brazilian Grand Prix,Jarno Trulli,Minardi,17,17,12,0.0,11
1997,Brazilian Grand Prix,Ukyo Katayama,Minardi,18,18,18,0.0,15
1997,Brazilian Grand Prix,Nicola Larini,Sauber,19,19,11,0.0,11
1997,Brazilian Grand Prix,Jan Magnussen,Stewart,20,20,22,0.0,3
1997,Brazilian Grand Prix,Jos Verstappen,Tyrrell,21,21,15,0.0,12
1997,Brazilian Grand Prix,Mika Salo,Tyrrell,22,22,13,0.0,11
1997,Argentine Grand Prix,Jacques Villeneuve,Williams,1,1,1,10.0,1
1997,Argentine Grand Prix,Heinz-Harald Frentzen,Williams,2,2,20,0.0,8
1997,Argentine Grand Prix,Olivier Panis,Prost,3,3,19,0.0,10
1997,Argentine Grand Prix,Michael Schumacher,Ferrari,4,4,21,0.0,4
1997,Argentine Grand Prix,Rubens Barrichello,Stewart,5,5,18,0.0,9
1997,Argentine Grand Prix,Ralf Schumacher,Jordan,6,6,3,4.0,1
1997,Argentine Grand Prix,Eddie Irvine,Ferrari,7,7,2,6.0,1
1997,Argentine Grand Prix,Johnny Herbert,Sauber,8,8,4,3.0,1
1997,Argentine Grand Prix,Giancarlo Fisichella,Jordan,9,9,17,0.0,4
1997,Argentine Grand Prix,David Coulthard,McLaren,10,10,22,0.0,4
1997,Argentine Grand Prix,Jean Alesi,Benetton,11,11,7,0.0,1
1997,Argentine Grand Prix,Gerhard Berger,Benetton,12,12,6,1.0,1
1997,Argentine Grand Prix,Damon Hill,Arrows,13,13,16,0.0,5
1997,Argentine Grand Prix,Nicola Larini,Sauber,14,14,11,0.0,20
1997,Argentine Grand Prix,Jan Magnussen,Stewart,15,15,10,0.0,5
1997,Argentine Grand Prix,Jos Verstappen,Tyrrell,16,16,14,0.0,5
1997,Argentine Grand Prix,Mika Häkkinen,McLaren,17,17,5,2.0,1
1997,Argentine Grand Prix,Jarno Trulli,Minardi,18,18,9,0.0,11
1997,Argentine Grand Prix,Mika Salo,Tyrrell,19,19,8,0.0,11
1997,Argentine Grand Prix,Shinji Nakano,Prost,20,20,13,0.0,5
1997,Argentine Grand Prix,Ukyo Katayama,Minardi,21,21,15,0.0,20
1997,Argentine Grand Prix,Pedro Diniz,Arrows,22,22,12,0.0,5
1997,San Marino Grand Prix,Jacques Villeneuve,Williams,1,1,13,0.0,6
1997,San Marino Grand Prix,Heinz-Harald Frentzen,Williams,2,2,1,10.0,1
1997,San Marino Grand Prix,Michael Schumacher,Ferrari,3,3,2,6.0,1
1997,San Marino Grand Prix,Olivier Panis,Prost,4,4,8,0.0,11
1997,San Marino Grand Prix,Ralf Schumacher,Jordan,5,5,17,0.0,7
1997,San Marino Grand Prix,Giancarlo Fisichella,Jordan,6,6,4,3.0,1
1997,San Marino Grand Prix,Johnny Herbert,Sauber,7,7,16,0.0,10
1997,San Marino Grand Prix,Mika Häkkinen,McLaren,8,8,6,1.0,11
1997,San Marino Grand Prix,Eddie Irvine,Ferrari,9,9,3,4.0,1
1997,San Marino Grand Prix,David Coulthard,McLaren,10,10,14,0.0,5
1997,San Marino Grand Prix,Gerhard Berger,Benetton,11,11,20,0.0,20
1997,San Marino Grand Prix,Nicola Larini,Sauber,12,12,7,0.0,11
1997,San Marino Grand Prix,Rubens Barrichello,Stewart,13,13,15,0.0,5
1997,San Marino Grand Prix,Jean Alesi,Benetton,14,14,5,2.0,11
1997,San Marino Grand Prix,Damon Hill,Arrows,15,15,19,0.0,4
1997,San Marino Grand Prix,Jan Magnussen,Stewart,16,16,21,0.0,20
1997,San Marino Grand Prix,Pedro Diniz,Arrows,17,17,12,0.0,6
1997,San Marino Grand Prix,Shinji Nakano,Prost,18,18,18,0.0,4
1997,San Marino Grand Prix,Mika Salo,Tyrrell,19,19,9,0.0,12
1997,San Marino Grand Prix,Jarno Trulli,Minardi,20,20,22,0.0,6
1997,San Marino Grand Prix,Jos Verstappen,Tyrrell,21,21,10,0.0,12
1997,San Marino Grand Prix,Ukyo Katayama,Minardi,22,22,11,0.0,13
1997,Monaco Grand Prix,Heinz-Harald Frentzen,Williams,1,1,11,0.0,20
1997,Monaco Grand Prix,Michael Schumacher,Ferrari,2,2,1,10.0,1
1997,Monaco Grand Prix,Jacques Villeneuve,Williams,3,3,15,0.0,20
1997,Monaco Grand Prix,Giancarlo Fisichella,Jordan,4,4,6,1.0,11
1997,Monaco Grand Prix,David Coulthard,McLaren,5,5,19,0.0,20
1997,Monaco Grand Prix,Ralf Schumacher,Jordan,6,6,16,0.0,20
1997,Monaco Grand Prix,Johnny Herbert,Sauber,7,7,17,0.0,20
1997,Monaco Grand Prix,Mika Häkkinen,McLaren,8,8,20,0.0,4
1997,Monaco Grand Prix,Jean Alesi,Benetton,9,9,14,0.0,20
1997,Monaco Grand Prix,Rubens Barrichello,Stewart,10,10,2,6.0,1
1997,Monaco Grand Prix,Nicola Larini,Sauber,11,11,13,0.0,20
1997,Monaco Grand Prix,Olivier Panis,Prost,12,12,4,3.0,1
1997,Monaco Grand Prix,Damon Hill,Arrows,13,13,21,0.0,4
1997,Monaco Grand Prix,Mika Salo,Tyrrell,14,14,5,2.0,11
1997,Monaco Grand Prix,Eddie Irvine,Ferrari,15,15,3,4.0,1
1997,Monaco Grand Prix,Pedro Diniz,Arrows,16,16,22,0.0,20
1997,Monaco Grand Prix,Gerhard Berger,Benetton,17,17,9,0.0,12
1997,Monaco Grand Prix,Jarno Trulli,Minardi,18,18,18,0.0,20
1997,Monaco Grand Prix,Jan Magnussen,Stewart,19,19,7,0.0,11
1997,Monaco Grand Prix,Ukyo Katayama,Minardi,20,20,10,0.0,12
1997,Monaco Grand Prix,Shinji Nakano,Prost,21,21,12,0.0,20
1997,Monaco Grand Prix,Jos Verstappen,Tyrrell,22,22,8,0.0,12
1997,Spanish Grand Prix,Jacques Villeneuve,Williams,1,1,1,10.0,1
1997,Spanish Grand Prix,Heinz-Harald Frentzen,Williams,2,2,8,0.0,1
1997,Spanish Grand Prix,David Coulthard,McLaren,3,3,6,1.0,1
1997,Spanish Grand Prix,Jean Alesi,Benetton,4,4,3,4.0,1
1997,Spanish Grand Prix,Mika Häkkinen,McLaren,5,5,7,0.0,1
1997,Spanish Grand Prix,Gerhard Berger,Benetton,6,6,10,0.0,1
1997,Spanish Grand Prix,Michael Schumacher,Ferrari,7,7,4,3.0,1
1997,Spanish Grand Prix,Giancarlo Fisichella,Jordan,8,8,9,0.0,1
1997,Spanish Grand Prix,Ralf Schumacher,Jordan,9,9,17,0.0,5
1997,Spanish Grand Prix,Johnny Herbert,Sauber,10,10,5,2.0,1
1997,Spanish Grand Prix,Eddie Irvine,Ferrari,11,11,12,0.0,11
1997,Spanish Grand Prix,Olivier Panis,Prost,12,12,2,6.0,1
1997,Spanish Grand Prix,Gianni Morbidelli,Sauber,13,13,14,0.0,12
1997,Spanish Grand Prix,Mika Salo,Tyrrell,14,14,19,0.0,29
1997,Spanish Grand Prix,Damon Hill,Arrows,15,15,21,0.0,5
1997,Spanish Grand Prix,Shinji Nakano,Prost,16,16,20,0.0,6
1997,Spanish Grand Prix,Rubens Barrichello,Stewart,17,17,18,0.0,5
1997,Spanish Grand Prix,Jarno Trulli,Minardi,18,18,15,0.0,12
1997,Spanish Grand Prix,Jos Verstappen,Tyrrell,19,19,11,0.0,11
1997,Spanish Grand Prix,Ukyo Katayama,Minardi,20,20,22,0.0,6
1997,Spanish Grand Prix,Pedro Diniz,Arrows,21,21,16,0.0,5
1997,Spanish Grand Prix,Jan Magnussen,Stewart,22,22,13,0.0,11
1997,Canadian Grand Prix,Michael Schumacher,Ferrari,1,1,1,10.0,1
1997,Canadian Grand Prix,Jacques Villeneuve,Williams,2,2,19,0.0,3
1997,Canadian Grand Prix,Rubens Barrichello,Stewart,3,3,15,0.0,6
1997,Canadian Grand Prix,Heinz-Harald Frentzen,Williams,4,4,4,3.0,1
1997,Canadian Grand Prix,David Coulthard,McLaren,5,5,7,0.0,1
1997,Canadian Grand Prix,Giancarlo Fisichella,Jordan,6,6,3,4.0,1
1997,Canadian Grand Prix,Ralf Schumacher,Jordan,7,7,17,0.0,3
1997,Canadian Grand Prix,Jean Alesi,Benetton,8,8,2,6.0,1
1997,Canadian Grand Prix,Mika Häkkinen,McLaren,9,9,20,0.0,5
1997,Canadian Grand Prix,Olivier Panis,Prost,10,10,11,0.0,20
1997,Canadian Grand Prix,Alexander Wurz,Benetton,11,11,14,0.0,7
1997,Canadian Grand Prix,Eddie Irvine,Ferrari,12,12,21,0.0,3
1997,Canadian Grand Prix,Johnny Herbert,Sauber,13,13,5,2.0,1
1997,Canadian Grand Prix,Jos Verstappen,Tyrrell,14,14,13,0.0,6
1997,Canadian Grand Prix,Damon Hill,Arrows,15,15,9,0.0,11
1997,Canadian Grand Prix,Pedro Diniz,Arrows,16,16,8,0.0,11
1997,Canadian Grand Prix,Mika Salo,Tyrrell,17,17,12,0.0,5
1997,Canadian Grand Prix,Gianni Morbidelli,Sauber,18,18,10,0.0,11
1997,Canadian Grand Prix,Shinji Nakano,Prost,19,19,6,1.0,1
1997,Canadian Grand Prix,Jarno Trulli,Minardi,20,20,16,0.0,5
1997,Canadian Grand Prix,Jan Magnussen,Stewart,21,21,22,0.0,20
1997,Canadian Grand Prix,Ukyo Katayama,Minardi,22,22,18,0.0,20
1997,French Grand Prix,Michael Schumacher,Ferrari,1,1,1,10.0,1
1997,French Grand Prix,Heinz-Harald Frentzen,Williams,2,2,2,6.0,1
1997,French Grand Prix,Ralf Schumacher,Jordan,3,3,6,1.0,1
1997,French Grand Prix,Jacques Villeneuve,Williams,4,4,4,3.0,1
1997,French Grand Prix,Eddie Irvine,Ferrari,5,5,3,4.0,1
1997,French Grand Prix,Jarno Trulli,Prost,6,6,10,0.0,12
1997,French Grand Prix,Alexander Wurz,Benetton,7,7,14,0.0,20
1997,French Grand Prix,Jean Alesi,Benetton,8,8,5,2.0,1
1997,French Grand Prix,David Coulthard,McLaren,9,9,7,0.0,4
1997,French Grand Prix,Mika Häkkinen,McLaren,10,10,19,0.0,5
1997,French Grand Prix,Giancarlo Fisichella,Jordan,11,11,9,0.0,11
1997,French Grand Prix,Rubens Barrichello,Stewart,12,13,17,0.0,5
1997,French Grand Prix,Shinji Nakano,Prost,13,12,21,0.0,20
1997,French Grand Prix,Johnny Herbert,Sauber,14,14,8,0.0,11
1997,French Grand Prix,Jan Magnussen,Stewart,15,15,18,0.0,23
1997,French Grand Prix,Pedro Diniz,Arrows,16,16,15,0.0,20
1997,French Grand Prix,Damon Hill,Arrows,17,17,12,0.0,13
1997,French Grand Prix,Jos Verstappen,Tyrrell,18,18,20,0.0,20
1997,French Grand Prix,Mika Salo,Tyrrell,19,19,13,0.0,10
1997,French Grand Prix,Norberto Fontana,Sauber,20,20,16,0.0,20
1997,French Grand Prix,Ukyo Katayama,Minardi,21,21,11,0.0,12
1997,French Grand Prix,Tarso Marques,Minardi,22,22,22,0.0,5
1997,British Grand Prix,Jacques Villeneuve,Williams,1,1,1,10.0,1
1997,British Grand Prix,Heinz-Harald Frentzen,Williams,2,2,21,0.0,4
1997,British Grand Prix,Mika Häkkinen,McLaren,3,3,12,0.0,5
1997,British Grand Prix,Michael Schumacher,Ferrari,4,4,18,0.0,36
1997,British Grand Prix,Ralf Schumacher,Jordan,5,5,5,2.0,1
1997,British Grand Prix,David Coulthard,McLaren,6,6,4,3.0,1
1997,British Grand Prix,Eddie Irvine,Ferrari,7,7,15,0.0,86
1997,British Grand Prix,Alexander Wurz,Benetton,8,8,3,4.0,1
1997,British Grand Prix,Johnny Herbert,Sauber,9,9,17,0.0,10
1997,British Grand Prix,Giancarlo Fisichella,Jordan,10,10,7,0.0,11
1997,British Grand Prix,Jean Alesi,Benetton,11,11,2,6.0,1
1997,British Grand Prix,Damon Hill,Arrows,12,12,6,1.0,1
1997,British Grand Prix,Jarno Trulli,Prost,13,13,8,0.0,11
1997,British Grand Prix,Shinji Nakano,Prost,14,15,11,0.0,5
1997,British Grand Prix,Jan Magnussen,Stewart,15,16,13,0.0,5
1997,British Grand Prix,Pedro Diniz,Arrows,16,17,20,0.0,5
1997,British Grand Prix,Mika Salo,Tyrrell,17,18,16,0.0,5
1997,British Grand Prix,Ukyo Katayama,Minardi,18,19,22,0.0,20
1997,British Grand Prix,Jos Verstappen,Tyrrell,19,20,14,0.0,5
1997,British Grand Prix,Tarso Marques,Minardi,20,21,10,0.0,11
1997,British Grand Prix,Rubens Barrichello,Stewart,21,22,19,0.0,5
1997,British Grand Prix,Norberto Fontana,Sauber,22,14,9,0.0,11
1997,German Grand Prix,Gerhard Berger,Benetton,1,1,1,10.0,1
1997,German Grand Prix,Giancarlo Fisichella,Jordan,2,2,11,0.0,15
1997,German Grand Prix,Mika Häkkinen,McLaren,3,3,3,4.0,1
1997,German Grand Prix,Michael Schumacher,Ferrari,4,4,2,6.0,1
1997,German Grand Prix,Heinz-Harald Frentzen,Williams,5,5,20,0.0,4
1997,German Grand Prix,Jean Alesi,Benetton,6,6,6,1.0,1
1997,German Grand Prix,Ralf Schumacher,Jordan,7,7,5,2.0,1
1997,German Grand Prix,David Coulthard,McLaren,8,8,19,0.0,7
1997,German Grand Prix,Jacques Villeneuve,Williams,9,9,14,0.0,20
1997,German Grand Prix,Eddie Irvine,Ferrari,10,10,21,0.0,4
1997,German Grand Prix,Jarno Trulli,Prost,11,11,4,3.0,1
1997,German Grand Prix,Rubens Barrichello,Stewart,12,12,12,0.0,5
1997,German Grand Prix,Damon Hill,Arrows,13,13,8,0.0,11
1997,German Grand Prix,Johnny Herbert,Sauber,14,14,17,0.0,3
1997,German Grand Prix,Jan Magnussen,Stewart,15,15,15,0.0,5
1997,German Grand Prix,Pedro Diniz,Arrows,16,16,18,0.0,3
1997,German Grand Prix,Shinji Nakano,Prost,17,17,7,0.0,1
1997,German Grand Prix,Norberto Fontana,Sauber,18,18,9,0.0,11
1997,German Grand Prix,Mika Salo,Tyrrell,19,19,13,0.0,8
1997,German Grand Prix,Jos Verstappen,Tyrrell,20,20,10,0.0,11
1997,German Grand Prix,Tarso Marques,Minardi,21,21,22,0.0,6
1997,German Grand Prix,Ukyo Katayama,Minardi,22,22,16,0.0,60
1996,Australian Grand Prix,Jacques Villeneuve,Williams,1,1,2,6.0,1
1996,Australian Grand Prix,Damon Hill,Williams,2,2,1,10.0,1
1996,Australian Grand Prix,Eddie Irvine,Ferrari,3,3,3,4.0,1
1996,Australian Grand Prix,Michael Schumacher,Ferrari,4,4,13,0.0,23
1996,Australian Grand Prix,Mika Häkkinen,McLaren,5,5,5,2.0,1
1996,Australian Grand Prix,Jean Alesi,Benetton,6,6,18,0.0,4
1996,Australian Grand Prix,Gerhard Berger,Benetton,7,7,4,3.0,1
1996,Australian Grand Prix,Rubens Barrichello,Jordan,8,8,15,0.0,5
1996,Australian Grand Prix,Heinz-Harald Frentzen,Sauber,9,9,8,0.0,11
1996,Australian Grand Prix,Mika Salo,Tyrrell,10,10,6,1.0,11
1996,Australian Grand Prix,Olivier Panis,Ligier,11,11,7,0.0,11
1996,Australian Grand Prix,Jos Verstappen,Footwork,12,12,17,0.0,5
1996,Australian Grand Prix,David Coulthard,McLaren,13,13,16,0.0,37
1996,Australian Grand Prix,Johnny Herbert,Sauber,14,14,20,0.0,4
1996,Australian Grand Prix,Ukyo Katayama,Tyrrell,15,15,11,0.0,13
1996,Australian Grand Prix,Giancarlo Fisichella,Minardi,16,16,14,0.0,8
1996,Australian Grand Prix,Pedro Lamy,Minardi,17,17,12,0.0,93
1996,Australian Grand Prix,Ricardo Rosset,Footwork,18,18,9,0.0,12
1996,Australian Grand Prix,Martin Brundle,Jordan,19,19,19,0.0,4
1996,Australian Grand Prix,Pedro Diniz,Ligier,20,20,10,0.0,12
1996,Brazilian Grand Prix,Damon Hill,Williams,1,1,1,10.0,1
1996,Brazilian Grand Prix,Rubens Barrichello,Jordan,2,2,13,0.0,20
1996,Brazilian Grand Prix,Jacques Villeneuve,Williams,3,3,17,0.0,20
1996,Brazilian Grand Prix,Michael Schumacher,Ferrari,4,4,3,4.0,11
1996,Brazilian Grand Prix,Jean Alesi,Benetton,5,5,2,6.0,1
1996,Brazilian Grand Prix,Martin Brundle,Jordan,6,6,12,0.0,20
1996,Brazilian Grand Prix,Mika Häkkinen,McLaren,7,7,4,3.0,11
1996,Brazilian Grand Prix,Gerhard Berger,Benetton,8,8,18,0.0,9
1996,Brazilian Grand Prix,Heinz-Harald Frentzen,Sauber,9,9,14,0.0,5
1996,Brazilian Grand Prix,Eddie Irvine,Ferrari,10,10,7,0.0,11
1996,Brazilian Grand Prix,Mika Salo,Tyrrell,11,11,5,2.0,11
1996,Brazilian Grand Prix,Johnny Herbert,Sauber,12,12,16,0.0,5
1996,Brazilian Grand Prix,Jos Verstappen,Footwork,13,13,21,0.0,5
1996,Brazilian Grand Prix,David Coulthard,McLaren,14,14,15,0.0,20
1996,Brazilian Grand Prix,Olivier Panis,Ligier,15,15,6,1.0,11
1996,Brazilian Grand Prix,Ukyo Katayama,Tyrrell,16,16,9,0.0,12
1996,Brazilian Grand Prix,Ricardo Rosset,Footwork,17,17,20,0.0,20
1996,Brazilian Grand Prix,Pedro Lamy,Minardi,18,18,10,0.0,13
1996,Brazilian Grand Prix,Luca Badoer,Forti,19,19,11,0.0,14
1996,Brazilian Grand Prix,Andrea Montermini,Forti,20,20,19,0.0,20
1996,Brazilian Grand Prix,Tarso Marques,Minardi,21,21,22,0.0,20
1996,Brazilian Grand Prix,Pedro Diniz,Ligier,22,22,8,0.0,12
1996,Argentine Grand Prix,Damon Hill,Williams,1,1,1,10.0,1
1996,Argentine Grand Prix,Michael Schumacher,Ferrari,2,2,12,0.0,41
1996,Argentine Grand Prix,Jacques Villeneuve,Williams,3,3,2,6.0,1
1996,Argentine Grand Prix,Jean Alesi,Benetton,4,4,3,4.0,1
1996,Argentine Grand Prix,Gerhard Berger,Benetton,5,5,11,0.0,22
1996,Argentine Grand Prix,Rubens Barrichello,Jordan,6,6,4,3.0,1
1996,Argentine Grand Prix,Jos Verstappen,Footwork,7,7,6,1.0,1
1996,Argentine Grand Prix,Mika Häkkinen,McLaren,8,8,22,0.0,37
1996,Argentine Grand Prix,David Coulthard,McLaren,9,9,7,0.0,1
1996,Argentine Grand Prix,Eddie Irvine,Ferrari,10,10,5,2.0,1
1996,Argentine Grand Prix,Heinz-Harald Frentzen,Sauber,11,11,17,0.0,20
1996,Argentine Grand Prix,Olivier Panis,Ligier,12,12,8,0.0,1
1996,Argentine Grand Prix,Ukyo Katayama,Tyrrell,13,13,19,0.0,7
1996,Argentine Grand Prix,Tarso Marques,Minardi,14,14,16,0.0,4
1996,Argentine Grand Prix,Martin Brundle,Jordan,15,15,15,0.0,4
1996,Argentine Grand Prix,Mika Salo,Tyrrell,16,16,14,0.0,37
1996,Argentine Grand Prix,Johnny Herbert,Sauber,17,17,9,0.0,11
1996,Argentine Grand Prix,Pedro Diniz,Ligier,18,18,18,0.0,42
1996,Argentine Grand Prix,Pedro Lamy,Minardi,19,19,13,0.0,7
1996,Argentine Grand Prix,Ricardo Rosset,Footwork,20,20,20,0.0,94
1996,Argentine Grand Prix,Luca Badoer,Forti,21,21,21,0.0,4
1996,Argentine Grand Prix,Andrea Montermini,Forti,22,22,10,0.0,13
1996,European Grand Prix,Damon Hill,Williams,1,1,4,3.0,1
1996,European Grand Prix,Jacques Villeneuve,Williams,2,2,1,10.0,1
1996,European Grand Prix,Michael Schumacher,Ferrari,3,3,2,6.0,1
1996,European Grand Prix,Jean Alesi,Benetton,4,4,20,0.0,4
1996,European Grand Prix,Rubens Barrichello,Jordan,5,5,5,2.0,1
1996,European Grand Prix,David Coulthard,McLaren,6,6,3,4.0,1
1996,European Grand Prix,Eddie Irvine,Ferrari,7,7,19,0.0,10
1996,European Grand Prix,Gerhard Berger,Benetton,8,8,9,0.0,1
1996,European Grand Prix,Mika Häkkinen,McLaren,9,9,8,0.0,1
1996,European Grand Prix,Heinz-Harald Frentzen,Sauber,10,10,16,0.0,23
1996,European Grand Prix,Martin Brundle,Jordan,11,11,6,1.0,1
1996,European Grand Prix,Johnny Herbert,Sauber,12,12,7,0.0,1
1996,European Grand Prix,Jos Verstappen,Footwork,13,13,17,0.0,5
1996,European Grand Prix,Mika Salo,Tyrrell,14,14,14,0.0,2
1996,European Grand Prix,Olivier Panis,Ligier,15,15,18,0.0,4
1996,European Grand Prix,Ukyo Katayama,Tyrrell,16,16,15,0.0,2
1996,European Grand Prix,Pedro Diniz,Ligier,17,17,10,0.0,11
1996,European Grand Prix,Giancarlo Fisichella,Minardi,18,18,13,0.0,12
1996,European Grand Prix,Pedro Lamy,Minardi,19,19,12,0.0,12
1996,European Grand Prix,Ricardo Rosset,Footwork,20,20,11,0.0,12
1996,San Marino Grand Prix,Michael Schumacher,Ferrari,1,1,2,6.0,1
1996,San Marino Grand Prix,Damon Hill,Williams,2,2,1,10.0,1
1996,San Marino Grand Prix,Jacques Villeneuve,Williams,3,3,11,0.0,22
1996,San Marino Grand Prix,David Coulthard,McLaren,4,4,14,0.0,9
1996,San Marino Grand Prix,Jean Alesi,Benetton,5,5,6,1.0,11
1996,San Marino Grand Prix,Eddie Irvine,Ferrari,6,6,4,3.0,1
1996,San Marino Grand Prix,Gerhard Berger,Benetton,7,7,3,4.0,1
1996,San Marino Grand Prix,Mika Salo,Tyrrell,8,8,21,0.0,5
1996,San Marino Grand Prix,Rubens Barrichello,Jordan,9,9,5,2.0,1
1996,San Marino Grand Prix,Heinz-Harald Frentzen,Sauber,10,10,18,0.0,23
1996,San Marino Grand Prix,Mika Häkkinen,McLaren,11,11,8,0.0,5
1996,San Marino Grand Prix,Olivier Panis,Ligier,13,13,12,0.0,5
1996,San Marino Grand Prix,Jos Verstappen,Footwork,14,14,16,0.0,9
1996,San Marino Grand Prix,Johnny Herbert,Sauber,15,15,20,0.0,10
1996,San Marino Grand Prix,Ukyo Katayama,Tyrrell,16,16,13,0.0,20
1996,San Marino Grand Prix,Pedro Diniz,Ligier,17,17,7,0.0,11
1996,San Marino Grand Prix,Pedro Lamy,Minardi,18,18,9,0.0,12
1996,San Marino Grand Prix,Giancarlo Fisichella,Minardi,19,19,19,0.0,5
1996,San Marino Grand Prix,Ricardo Rosset,Footwork,20,20,15,0.0,5
1996,San Marino Grand Prix,Luca Badoer,Forti,21,21,10,0.0,14
1996,Monaco Grand Prix,Michael Schumacher,Ferrari,1,1,17,0.0,20
1996,Monaco Grand Prix,Damon Hill,Williams,2,2,11,0.0,5
1996,Monaco Grand Prix,Jean Alesi,Benetton,3,3,9,0.0,22
1996,Monaco Grand Prix,Gerhard Berger,Benetton,4,4,13,0.0,6
1996,Monaco Grand Prix,David Coulthard,McLaren,5,5,2,6.0,1
1996,Monaco Grand Prix,Rubens Barrichello,Jordan,6,6,18,0.0,20
1996,Monaco Grand Prix,Eddie Irvine,Ferrari,7,7,7,0.0,4
1996,Monaco Grand Prix,Mika Häkkinen,McLaren,8,8,6,1.0,4
1996,Monaco Grand Prix,Heinz-Harald Frentzen,Sauber,9,9,4,3.0,54
1996,Monaco Grand Prix,Jacques Villeneuve,Williams,10,10,8,0.0,4
1996,Monaco Grand Prix,Mika Salo,Tyrrell,11,11,5,2.0,4
1996,Monaco Grand Prix,Jos Verstappen,Footwork,12,12,21,0.0,20
1996,Monaco Grand Prix,Johnny Herbert,Sauber,13,13,3,4.0,1
1996,Monaco Grand Prix,Olivier Panis,Ligier,14,14,1,10.0,1
1996,Monaco Grand Prix,Ukyo Katayama,Tyrrell,15,15,16,0.0,20
1996,Monaco Grand Prix,Martin Brundle,Jordan,16,16,12,0.0,20
1996,Monaco Grand Prix,Pedro Diniz,Ligier,17,17,14,0.0,7
1996,Monaco Grand Prix,Giancarlo Fisichella,Minardi,18,18,20,0.0,4
1996,Monaco Grand Prix,Pedro Lamy,Minardi,19,19,19,0.0,4
1996,Monaco Grand Prix,Ricardo Rosset,Footwork,20,20,15,0.0,20
1996,Monaco Grand Prix,Luca Badoer,Forti,21,21,10,0.0,4
1996,Monaco Grand Prix,Andrea Montermini,Forti,22,22,22,0.0,82
1996,Spanish Grand Prix,Damon Hill,Williams,1,1,13,0.0,20
1996,Spanish Grand Prix,Jacques Villeneuve,Williams,2,2,3,4.0,1
1996,Spanish Grand Prix,Michael Schumacher,Ferrari,3,3,1,10.0,1
1996,Spanish Grand Prix,Jean Alesi,Benetton,4,4,2,6.0,1
1996,Spanish Grand Prix,Gerhard Berger,Benetton,5,5,9,0.0,20
1996,Spanish Grand Prix,Eddie Irvine,Ferrari,6,6,15,0.0,20
1996,Spanish Grand Prix,Rubens Barrichello,Jordan,7,7,8,0.0,24
1996,Spanish Grand Prix,Olivier Panis,Ligier,8,8,16,0.0,4
1996,Spanish Grand Prix,Johnny Herbert,Sauber,9,9,10,0.0,20
1996,Spanish Grand Prix,Mika Häkkinen,McLaren,10,10,5,2.0,11
1996,Spanish Grand Prix,Heinz-Harald Frentzen,Sauber,11,11,4,3.0,11
1996,Spanish Grand Prix,Mika Salo,Tyrrell,12,12,12,0.0,2
1996,Spanish Grand Prix,Jos Verstappen,Footwork,13,13,7,0.0,20
1996,Spanish Grand Prix,David Coulthard,McLaren,14,14,18,0.0,4
1996,Spanish Grand Prix,Martin Brundle,Jordan,15,15,11,0.0,24
1996,Spanish Grand Prix,Ukyo Katayama,Tyrrell,16,16,14,0.0,10
1996,Spanish Grand Prix,Pedro Diniz,Ligier,17,17,6,1.0,12
1996,Spanish Grand Prix,Pedro Lamy,Minardi,18,18,20,0.0,4
1996,Spanish Grand Prix,Giancarlo Fisichella,Minardi,19,19,17,0.0,4
1996,Spanish Grand Prix,Ricardo Rosset,Footwork,20,20,19,0.0,4
1995,Brazilian Grand Prix,Damon Hill,Williams,1,1,16,0.0,6
1995,Brazilian Grand Prix,Michael Schumacher,Benetton,2,2,1,10.0,1
1995,Brazilian Grand Prix,David Coulthard,Williams,3,3,2,6.0,1
1995,Brazilian Grand Prix,Johnny Herbert,Benetton,4,4,17,0.0,4
1995,Brazilian Grand Prix,Gerhard Berger,Ferrari,5,5,3,4.0,11
1995,Brazilian Grand Prix,Jean Alesi,Ferrari,6,6,5,2.0,11
1995,Brazilian Grand Prix,Mika Häkkinen,McLaren,7,7,4,3.0,11
1995,Brazilian Grand Prix,Eddie Irvine,Jordan,8,8,22,0.0,8
1995,Brazilian Grand Prix,Mark Blundell,McLaren,9,9,6,1.0,11
1995,Brazilian Grand Prix,Olivier Panis,Ligier,10,10,25,0.0,4
1995,Brazilian Grand Prix,Ukyo Katayama,Tyrrell,11,11,21,0.0,20
1995,Brazilian Grand Prix,Mika Salo,Tyrrell,12,12,7,0.0,12
1995,Brazilian Grand Prix,Gianni Morbidelli,Footwork,13,13,11,0.0,5
1995,Brazilian Grand Prix,Heinz-Harald Frentzen,Sauber,14,14,24,0.0,10
1995,Brazilian Grand Prix,Aguri Suzuki,Ligier,15,15,8,0.0,12
1995,Brazilian Grand Prix,Rubens Barrichello,Jordan,16,16,19,0.0,6
1995,Brazilian Grand Prix,Pierluigi Martini,Minardi,17,17,26,0.0,6
1995,Brazilian Grand Prix,Luca Badoer,Minardi,18,18,13,0.0,5
1995,Brazilian Grand Prix,Karl Wendlinger,Sauber,19,19,15,0.0,10
1995,Brazilian Grand Prix,Bertrand Gachot,Pacific,20,20,18,0.0,6
1995,Brazilian Grand Prix,Taki Inoue,Footwork,21,21,12,0.0,5
1995,Brazilian Grand Prix,Andrea Montermini,Pacific,22,22,9,0.0,16
1995,Brazilian Grand Prix,Roberto Moreno,Forti,23,23,14,0.0,20
1995,Brazilian Grand Prix,Jos Verstappen,Simtek,24,24,20,0.0,6
1995,Brazilian Grand Prix,Pedro Diniz,Forti,25,25,10,0.0,17
1995,Brazilian Grand Prix,Domenico Schiattarella,Simtek,26,26,23,0.0,38
1995,Argentine Grand Prix,David Coulthard,Williams,1,1,19,0.0,10
1995,Argentine Grand Prix,Damon Hill,Williams,2,2,1,10.0,1
1995,Argentine Grand Prix,Michael Schumacher,Benetton,3,3,3,4.0,1
1995,Argentine Grand Prix,Eddie Irvine,Jordan,4,4,21,0.0,5
1995,Argentine Grand Prix,Mika Häkkinen,McLaren,5,5,23,0.0,4
1995,Argentine Grand Prix,Jean Alesi,Ferrari,6,6,2,6.0,1
1995,Argentine Grand Prix,Mika Salo,Tyrrell,7,7,12,0.0,4
1995,Argentine Grand Prix,Gerhard Berger,Ferrari,8,8,6,1.0,12
1995,Argentine Grand Prix,Heinz-Harald Frentzen,Sauber,9,9,5,2.0,12
1995,Argentine Grand Prix,Rubens Barrichello,Jordan,10,10,17,0.0,51
1995,Argentine Grand Prix,Johnny Herbert,Benetton,11,11,4,3.0,11
1995,Argentine Grand Prix,Gianni Morbidelli,Footwork,12,12,15,0.0,10
1995,Argentine Grand Prix,Luca Badoer,Minardi,13,13,26,0.0,4
1995,Argentine Grand Prix,Jos Verstappen,Simtek,14,14,18,0.0,6
1995,Argentine Grand Prix,Ukyo Katayama,Tyrrell,15,15,8,0.0,13
1995,Argentine Grand Prix,Pierluigi Martini,Minardi,16,16,14,0.0,20
1995,Argentine Grand Prix,Mark Blundell,McLaren,17,17,20,0.0,44
1995,Argentine Grand Prix,Olivier Panis,Ligier,18,18,7,0.0,12
1995,Argentine Grand Prix,Aguri Suzuki,Ligier,19,19,13,0.0,4
1995,Argentine Grand Prix,Domenico Schiattarella,Simtek,20,20,9,0.0,14
1995,Argentine Grand Prix,Karl Wendlinger,Sauber,21,21,25,0.0,4
1995,Argentine Grand Prix,Andrea Montermini,Pacific,22,22,22,0.0,4
1995,Argentine Grand Prix,Bertrand Gachot,Pacific,23,23,24,0.0,4
1995,Argentine Grand Prix,Roberto Moreno,Forti,24,24,11,0.0,62
1995,Argentine Grand Prix,Pedro Diniz,Forti,25,25,10,0.0,62
1995,Argentine Grand Prix,Taki Inoue,Footwork,26,26,16,0.0,20
1995,San Marino Grand Prix,Michael Schumacher,Benetton,1,1,26,0.0,20
1995,San Marino Grand Prix,Gerhard Berger,Ferrari,2,2,3,4.0,1
1995,San Marino Grand Prix,David Coulthard,Williams,3,3,4,3.0,1
1995,San Marino Grand Prix,Damon Hill,Williams,4,4,1,10.0,1
1995,San Marino Grand Prix,Jean Alesi,Ferrari,5,5,2,6.0,1
1995,San Marino Grand Prix,Mika Häkkinen,McLaren,6,6,5,2.0,11
1995,San Marino Grand Prix,Eddie Irvine,Jordan,7,7,8,0.0,12
1995,San Marino Grand Prix,Johnny Herbert,Benetton,8,8,7,0.0,12
1995,San Marino Grand Prix,Nigel Mansell,McLaren,9,9,10,0.0,12
1995,San Marino Grand Prix,Rubens Barrichello,Jordan,10,10,20,0.0,7
1995,San Marino Grand Prix,Gianni Morbidelli,Footwork,11,11,13,0.0,14
1995,San Marino Grand Prix,Olivier Panis,Ligier,12,12,9,0.0,12
1995,San Marino Grand Prix,Mika Salo,Tyrrell,13,13,22,0.0,5
1995,San Marino Grand Prix,Heinz-Harald Frentzen,Sauber,14,14,6,1.0,11
1995,San Marino Grand Prix,Ukyo Katayama,Tyrrell,15,15,21,0.0,20
1995,San Marino Grand Prix,Aguri Suzuki,Ligier,16,16,11,0.0,13
1995,San Marino Grand Prix,Jos Verstappen,Simtek,17,17,24,0.0,6
1995,San Marino Grand Prix,Pierluigi Martini,Minardi,18,18,12,0.0,14
1995,San Marino Grand Prix,Taki Inoue,Footwork,19,19,25,0.0,20
1995,San Marino Grand Prix,Luca Badoer,Minardi,20,20,14,0.0,14
1995,San Marino Grand Prix,Karl Wendlinger,Sauber,21,21,17,0.0,36
1995,San Marino Grand Prix,Bertrand Gachot,Pacific,22,22,18,0.0,6
1995,San Marino Grand Prix,Domenico Schiattarella,Simtek,23,23,19,0.0,22
1995,San Marino Grand Prix,Andrea Montermini,Pacific,24,24,23,0.0,6
1995,San Marino Grand Prix,Roberto Moreno,Forti,25,25,16,0.0,62
1995,San Marino Grand Prix,Pedro Diniz,Forti,26,26,15,0.0,62
1995,Spanish Grand Prix,Michael Schumacher,Benetton,1,1,1,10.0,1
1995,Spanish Grand Prix,Jean Alesi,Ferrari,2,2,22,0.0,5
1995,Spanish Grand Prix,Gerhard Berger,Ferrari,3,3,3,4.0,1
1995,Spanish Grand Prix,David Coulthard,Williams,4,4,17,0.0,6
1995,Spanish Grand Prix,Damon Hill,Williams,5,5,4,3.0,1
1995,Spanish Grand Prix,Eddie Irvine,Jordan,6,6,5,2.0,11
1995,Spanish Grand Prix,Johnny Herbert,Benetton,7,7,2,6.0,1
1995,Spanish Grand Prix,Rubens Barrichello,Jordan,8,8,7,0.0,11
1995,Spanish Grand Prix,Mika Häkkinen,McLaren,9,9,18,0.0,69
1995,Spanish Grand Prix,Nigel Mansell,McLaren,10,10,24,0.0,64
1995,Spanish Grand Prix,Martin Brundle,Ligier,11,11,9,0.0,11
1995,Spanish Grand Prix,Heinz-Harald Frentzen,Sauber,12,12,8,0.0,11
1995,Spanish Grand Prix,Mika Salo,Tyrrell,13,13,10,0.0,11
1995,Spanish Grand Prix,Gianni Morbidelli,Footwork,14,14,11,0.0,12
1995,Spanish Grand Prix,Olivier Panis,Ligier,15,15,6,1.0,11
1995,Spanish Grand Prix,Jos Verstappen,Simtek,16,16,12,0.0,12
1995,Spanish Grand Prix,Ukyo Katayama,Tyrrell,17,17,16,0.0,5
1995,Spanish Grand Prix,Taki Inoue,Footwork,18,18,19,0.0,7
1995,Spanish Grand Prix,Pierluigi Martini,Minardi,19,19,14,0.0,13
1995,Spanish Grand Prix,Karl Wendlinger,Sauber,20,20,13,0.0,12
1995,Spanish Grand Prix,Luca Badoer,Minardi,21,21,23,0.0,6
1995,Spanish Grand Prix,Domenico Schiattarella,Simtek,22,22,15,0.0,14
1995,Spanish Grand Prix,Andrea Montermini,Pacific,23,23,26,0.0,54
1995,Spanish Grand Prix,Bertrand Gachot,Pacific,24,24,20,0.0,42
1995,Spanish Grand Prix,Roberto Moreno,Forti,25,25,21,0.0,25
1995,Spanish Grand Prix,Pedro Diniz,Forti,26,26,25,0.0,6
1995,Monaco Grand Prix,Damon Hill,Williams,1,1,2,6.0,1
1995,Monaco Grand Prix,Michael Schumacher,Benetton,2,2,1,10.0,1
1995,Monaco Grand Prix,David Coulthard,Williams,3,3,22,0.0,6
1995,Monaco Grand Prix,Gerhard Berger,Ferrari,4,4,3,4.0,1
1995,Monaco Grand Prix,Jean Alesi,Ferrari,5,5,16,0.0,20
1995,Monaco Grand Prix,Mika Häkkinen,McLaren,6,6,24,0.0,5
1995,Monaco Grand Prix,Johnny Herbert,Benetton,7,7,4,3.0,11
1995,Monaco Grand Prix,Martin Brundle,Ligier,8,8,17,0.0,20
1995,Monaco Grand Prix,Eddie Irvine,Jordan,9,9,21,0.0,20
1995,Monaco Grand Prix,Mark Blundell,McLaren,10,10,5,2.0,11
1995,Monaco Grand Prix,Rubens Barrichello,Jordan,11,11,14,0.0,37
1995,Monaco Grand Prix,Olivier Panis,Ligier,12,12,12,0.0,20
1995,Monaco Grand Prix,Gianni Morbidelli,Footwork,13,13,9,0.0,14
1995,Monaco Grand Prix,Heinz-Harald Frentzen,Sauber,14,14,6,1.0,12
1995,Monaco Grand Prix,Ukyo Katayama,Tyrrell,15,15,19,0.0,20
1995,Monaco Grand Prix,Luca Badoer,Minardi,16,16,11,0.0,22
1995,Monaco Grand Prix,Mika Salo,Tyrrell,17,17,13,0.0,6
1995,Monaco Grand Prix,Pierluigi Martini,Minardi,18,18,7,0.0,12
1995,Monaco Grand Prix,Jean-Christophe Boullion,Sauber,19,19,8,0.0,14
1995,Monaco Grand Prix,Domenico Schiattarella,Simtek,20,20,26,0.0,54
1995,Monaco Grand Prix,Bertrand Gachot,Pacific,21,21,15,0.0,6
1995,Monaco Grand Prix,Pedro Diniz,Forti,22,22,10,0.0,16
1995,Monaco Grand Prix,Jos Verstappen,Simtek,23,23,25,0.0,6
1995,Monaco Grand Prix,Roberto Moreno,Forti,24,24,23,0.0,23
1995,Monaco Grand Prix,Andrea Montermini,Pacific,25,25,20,0.0,2
1995,Monaco Grand Prix,Taki Inoue,Footwork,26,26,18,0.0,6
1995,Canadian Grand Prix,Michael Schumacher,Benetton,1,1,5,2.0,1
1995,Canadian Grand Prix,Damon Hill,Williams,2,2,14,0.0,6
1995,Canadian Grand Prix,David Coulthard,Williams,3,3,22,0.0,20
1995,Canadian Grand Prix,Gerhard Berger,Ferrari,4,4,11,0.0,4
1995,Canadian Grand Prix,Jean Alesi,Ferrari,5,5,1,10.0,1
1995,Canadian Grand Prix,Johnny Herbert,Benetton,6,6,23,0.0,4
1995,Canadian Grand Prix,Mika Häkkinen,McLaren,7,7,24,0.0,4
1995,Canadian Grand Prix,Eddie Irvine,Jordan,8,8,3,4.0,1
1995,Canadian Grand Prix,Rubens Barrichello,Jordan,9,9,2,6.0,1
1995,Canadian Grand Prix,Mark Blundell,McLaren,10,10,15,0.0,5
1995,Canadian Grand Prix,Olivier Panis,Ligier,11,11,4,3.0,1
1995,Canadian Grand Prix,Heinz-Harald Frentzen,Sauber,12,12,18,0.0,5
1995,Canadian Grand Prix,Gianni Morbidelli,Footwork,13,13,6,1.0,11
1995,Canadian Grand Prix,Martin Brundle,Ligier,14,14,10,0.0,4
1995,Canadian Grand Prix,Mika Salo,Tyrrell,15,15,7,0.0,11
1995,Canadian Grand Prix,Ukyo Katayama,Tyrrell,16,16,16,0.0,5
1995,Canadian Grand Prix,Pierluigi Martini,Minardi,17,17,12,0.0,37
1995,Canadian Grand Prix,Jean-Christophe Boullion,Sauber,18,18,20,0.0,20
1995,Canadian Grand Prix,Luca Badoer,Minardi,19,19,8,0.0,11
1995,Canadian Grand Prix,Bertrand Gachot,Pacific,20,20,17,0.0,84
1995,Canadian Grand Prix,Andrea Montermini,Pacific,21,21,21,0.0,6
1995,Canadian Grand Prix,Taki Inoue,Footwork,22,22,9,0.0,12
1995,Canadian Grand Prix,Roberto Moreno,Forti,23,23,13,0.0,69
1995,Canadian Grand Prix,Pedro Diniz,Forti,24,24,19,0.0,6
1995,French Grand Prix,Damon Hill,Williams,1,1,2,6.0,1
1995,French Grand Prix,Michael Schumacher,Benetton,2,2,1,10.0,1
1995,French Grand Prix,David Coulthard,Williams,3,3,3,4.0,1
1995,French Grand Prix,Jean Alesi,Ferrari,4,4,5,2.0,1
1995,French Grand Prix,Rubens Barrichello,Jordan,5,5,6,1.0,11
1995,French Grand Prix,Olivier Panis,Ligier,6,6,8,0.0,11
1995,French Grand Prix,Gerhard Berger,Ferrari,7,7,12,0.0,12
1995,French Grand Prix,Mika Häkkinen,McLaren,8,8,7,0.0,11
1995,French Grand Prix,Martin Brundle,Ligier,9,9,4,3.0,1
1995,French Grand Prix,Johnny Herbert,Benetton,10,10,21,0.0,20
1995,French Grand Prix,Eddie Irvine,Jordan,11,11,9,0.0,11
1995,French Grand Prix,Heinz-Harald Frentzen,Sauber,12,12,10,0.0,11
1995,French Grand Prix,Mark Blundell,McLaren,13,13,11,0.0,12
1995,French Grand Prix,Mika Salo,Tyrrell,14,14,15,0.0,13
1995,French Grand Prix,Jean-Christophe Boullion,Sauber,15,15,18,0.0,6
1995,French Grand Prix,Gianni Morbidelli,Footwork,16,16,14,0.0,13
1995,French Grand Prix,Luca Badoer,Minardi,17,17,13,0.0,13
1995,French Grand Prix,Taki Inoue,Footwork,18,18,22,0.0,4
1995,French Grand Prix,Ukyo Katayama,Tyrrell,19,19,23,0.0,4
1995,French Grand Prix,Pierluigi Martini,Minardi,20,20,20,0.0,6
1995,French Grand Prix,Andrea Montermini,Pacific,21,21,17,0.0,62
1995,French Grand Prix,Bertrand Gachot,Pacific,22,22,19,0.0,6
1995,French Grand Prix,Pedro Diniz,Forti,23,23,24,0.0,20
1995,French Grand Prix,Roberto Moreno,Forti,24,24,16,0.0,16
1995,British Grand Prix,Damon Hill,Williams,1,1,15,0.0,4
1995,British Grand Prix,Michael Schumacher,Benetton,2,2,14,0.0,4
1995,British Grand Prix,David Coulthard,Williams,3,3,3,4.0,1
1995,British Grand Prix,Gerhard Berger,Ferrari,4,4,20,0.0,36
1995,British Grand Prix,Johnny Herbert,Benetton,5,5,1,10.0,1
1995,British Grand Prix,Jean Alesi,Ferrari,6,6,2,6.0,1
1995,British Grand Prix,Eddie Irvine,Jordan,7,7,24,0.0,10
1995,British Grand Prix,Mika Häkkinen,McLaren,8,8,19,0.0,10
1995,British Grand Prix,Rubens Barrichello,Jordan,9,9,11,0.0,4
1995,British Grand Prix,Mark Blundell,McLaren,10,10,5,2.0,1
1995,British Grand Prix,Martin Brundle,Ligier,11,11,21,0.0,20
1995,British Grand Prix,Heinz-Harald Frentzen,Sauber,12,12,6,1.0,11
1995,British Grand Prix,Olivier Panis,Ligier,13,13,4,3.0,1
1995,British Grand Prix,Ukyo Katayama,Tyrrell,14,14,17,0.0,60
1995,British Grand Prix,Pierluigi Martini,Minardi,15,15,7,0.0,11
1995,British Grand Prix,Jean-Christophe Boullion,Sauber,16,16,9,0.0,11
1995,British Grand Prix,Massimiliano Papis,Footwork,17,17,16,0.0,20
1995,British Grand Prix,Luca Badoer,Minardi,18,18,10,0.0,11
1995,British Grand Prix,Taki Inoue,Footwork,19,19,22,0.0,20
1995,British Grand Prix,Pedro Diniz,Forti,20,20,23,0.0,6
1995,British Grand Prix,Bertrand Gachot,Pacific,21,21,12,0.0,13
1995,British Grand Prix,Roberto Moreno,Forti,22,22,13,0.0,5
1995,British Grand Prix,Mika Salo,Tyrrell,23,23,8,0.0,11
1995,British Grand Prix,Andrea Montermini,Pacific,24,24,18,0.0,20
1995,German Grand Prix,Damon Hill,Williams,1,1,22,0.0,20
1995,German Grand Prix,Michael Schumacher,Benetton,2,2,1,10.0,1
1995,German Grand Prix,David Coulthard,Williams,3,3,2,6.0,1
1995,German Grand Prix,Gerhard Berger,Ferrari,4,4,3,4.0,1
1995,German Grand Prix,Rubens Barrichello,Jordan,5,5,15,0.0,5
1995,German Grand Prix,Eddie Irvine,Jordan,6,6,9,0.0,14
1995,German Grand Prix,Mika Häkkinen,McLaren,7,7,10,0.0,5
1995,German Grand Prix,Mark Blundell,McLaren,8,8,16,0.0,5
1995,German Grand Prix,Johnny Herbert,Benetton,9,9,4,3.0,1
1995,German Grand Prix,Jean Alesi,Ferrari,10,10,18,0.0,5
1995,German Grand Prix,Heinz-Harald Frentzen,Sauber,11,11,11,0.0,5
1995,German Grand Prix,Olivier Panis,Ligier,12,12,17,0.0,47
1995,German Grand Prix,Mika Salo,Tyrrell,13,13,23,0.0,8
1995,German Grand Prix,Jean-Christophe Boullion,Sauber,14,14,5,2.0,11
1995,German Grand Prix,Massimiliano Papis,Footwork,15,15,24,0.0,6
1995,German Grand Prix,Luca Badoer,Minardi,16,16,12,0.0,44
1995,German Grand Prix,Ukyo Katayama,Tyrrell,17,17,7,0.0,11
1995,German Grand Prix,Aguri Suzuki,Ligier,18,18,6,1.0,11
1995,German Grand Prix,Taki Inoue,Footwork,19,19,20,0.0,6
1995,German Grand Prix,Pierluigi Martini,Minardi,20,20,19,0.0,5
1995,German Grand Prix,Pedro Diniz,Forti,21,21,21,0.0,23
1995,German Grand Prix,Roberto Moreno,Forti,22,22,14,0.0,86
1995,German Grand Prix,Andrea Montermini,Pacific,23,23,8,0.0,13
1995,German Grand Prix,Giovanni Lavaggi,Pacific,24,24,13,0.0,6
1995,Hungarian Grand Prix,Damon Hill,Williams,1,1,1,10.0,1
1995,Hungarian Grand Prix,David Coulthard,Williams,2,2,2,6.0,1
1995,Hungarian Grand Prix,Michael Schumacher,Benetton,3,3,11,0.0,5
1995,Hungarian Grand Prix,Gerhard Berger,Ferrari,4,4,3,4.0,11
1995,Hungarian Grand Prix,Mika Häkkinen,McLaren,5,5,24,0.0,5
1995,Hungarian Grand Prix,Jean Alesi,Ferrari,6,6,19,0.0,23
1995,Hungarian Grand Prix,Eddie Irvine,Jordan,7,7,13,0.0,8
1995,Hungarian Grand Prix,Martin Brundle,Ligier,8,8,14,0.0,5
1995,Hungarian Grand Prix,Johnny Herbert,Benetton,9,9,4,3.0,11
1995,Hungarian Grand Prix,Olivier Panis,Ligier,10,10,6,1.0,11
1995,Hungarian Grand Prix,Heinz-Harald Frentzen,Sauber,11,11,5,2.0,11
1995,Hungarian Grand Prix,Luca Badoer,Minardi,12,12,8,0.0,12
1995,Hungarian Grand Prix,Mark Blundell,McLaren,13,13,16,0.0,95
1995,Hungarian Grand Prix,Rubens Barrichello,Jordan,14,14,7,0.0,11
1995,Hungarian Grand Prix,Pedro Lamy,Minardi,15,15,9,0.0,13
1995,Hungarian Grand Prix,Mika Salo,Tyrrell,16,16,15,0.0,37
1995,Hungarian Grand Prix,Ukyo Katayama,Tyrrell,17,17,17,0.0,20
1995,Hungarian Grand Prix,Taki Inoue,Footwork,18,18,21,0.0,5
1995,Hungarian Grand Prix,Jean-Christophe Boullion,Sauber,19,19,10,0.0,13
1995,Hungarian Grand Prix,Massimiliano Papis,Footwork,20,20,18,0.0,23
1995,Hungarian Grand Prix,Roberto Moreno,Forti,21,21,22,0.0,6
1995,Hungarian Grand Prix,Andrea Montermini,Pacific,22,22,12,0.0,14
1995,Hungarian Grand Prix,Pedro Diniz,Forti,23,23,20,0.0,5
1995,Hungarian Grand Prix,Giovanni Lavaggi,Pacific,24,24,23,0.0,20
1995,Belgian Grand Prix,Gerhard Berger,Ferrari,1,1,18,0.0,10
1995,Belgian Grand Prix,Jean Alesi,Ferrari,2,2,23,0.0,22
1995,Belgian Grand Prix,Mika Häkkinen,McLaren,3,3,24,0.0,20
1995,Belgian Grand Prix,Johnny Herbert,Benetton,4,4,7,0.0,1
1995,Belgian Grand Prix,David Coulthard,Williams,5,5,22,0.0,6
1995,Belgian Grand Prix,Mark Blundell,McLaren,6,6,5,2.0,1
1995,Belgian Grand Prix,Eddie Irvine,Jordan,7,7,19,0.0,42
1995,Belgian Grand Prix,Damon Hill,Williams,8,8,2,6.0,1
1995,Belgian Grand Prix,Olivier Panis,Ligier,9,9,9,0.0,1
1995,Belgian Grand Prix,Heinz-Harald Frentzen,Sauber,10,10,4,3.0,1
1995,Belgian Grand Prix,Mika Salo,Tyrrell,11,11,8,0.0,1
1995,Belgian Grand Prix,Rubens Barrichello,Jordan,12,12,6,1.0,1
1995,Belgian Grand Prix,Martin Brundle,Ligier,13,13,3,4.0,1
1995,Belgian Grand Prix,Jean-Christophe Boullion,Sauber,14,14,11,0.0,11
1995,Belgian Grand Prix,Ukyo Katayama,Tyrrell,15,15,15,0.0,20
1995,Belgian Grand Prix,Michael Schumacher,Benetton,16,16,1,10.0,1
1995,Belgian Grand Prix,Pedro Lamy,Minardi,17,17,10,0.0,1
1995,Belgian Grand Prix,Taki Inoue,Footwork,18,18,12,0.0,11
1995,Belgian Grand Prix,Luca Badoer,Minardi,19,19,17,0.0,20
1995,Belgian Grand Prix,Massimiliano Papis,Footwork,20,20,20,0.0,20
1995,Belgian Grand Prix,Andrea Montermini,Pacific,21,21,21,0.0,60
1995,Belgian Grand Prix,Roberto Moreno,Forti,22,22,14,0.0,12
1995,Belgian Grand Prix,Giovanni Lavaggi,Pacific,23,23,16,0.0,6
1995,Belgian Grand Prix,Pedro Diniz,Forti,24,24,13,0.0,12
1995,Italian Grand Prix,David Coulthard,Williams,1,1,19,0.0,20
1995,Italian Grand Prix,Michael Schumacher,Benetton,2,2,16,0.0,4
1995,Italian Grand Prix,Gerhard Berger,Ferrari,3,3,14,0.0,22
1995,Italian Grand Prix,Damon Hill,Williams,4,4,17,0.0,4
1995,Italian Grand Prix,Jean Alesi,Ferrari,5,5,11,0.0,67
1995,Italian Grand Prix,Rubens Barrichello,Jordan,6,6,12,0.0,8
1995,Italian Grand Prix,Mika Häkkinen,McLaren,7,7,2,6.0,1
1995,Italian Grand Prix,Johnny Herbert,Benetton,8,8,1,10.0,1
1995,Italian Grand Prix,Mark Blundell,McLaren,9,9,4,3.0,1
1995,Italian Grand Prix,Heinz-Harald Frentzen,Sauber,10,10,3,4.0,1
1995,Italian Grand Prix,Martin Brundle,Ligier,11,11,20,0.0,29
1995,Italian Grand Prix,Eddie Irvine,Jordan,12,12,13,0.0,5
1995,Italian Grand Prix,Olivier Panis,Ligier,13,13,18,0.0,20
1995,Italian Grand Prix,Jean-Christophe Boullion,Sauber,14,14,6,1.0,11
1995,Italian Grand Prix,Massimiliano Papis,Footwork,15,15,7,0.0,11
1995,Italian Grand Prix,Mika Salo,Tyrrell,16,16,5,2.0,11
1995,Italian Grand Prix,Ukyo Katayama,Tyrrell,17,17,10,0.0,16
1995,Italian Grand Prix,Luca Badoer,Minardi,18,18,15,0.0,20
1995,Italian Grand Prix,Pedro Lamy,Minardi,19,19,22,0.0,7
1995,Italian Grand Prix,Taki Inoue,Footwork,20,20,8,0.0,11
1995,Italian Grand Prix,Andrea Montermini,Pacific,21,21,23,0.0,3
1995,Italian Grand Prix,Roberto Moreno,Forti,22,22,24,0.0,3
1995,Italian Grand Prix,Pedro Diniz,Forti,23,23,9,0.0,13
1995,Italian Grand Prix,Giovanni Lavaggi,Pacific,24,24,21,0.0,20
1995,Portuguese Grand Prix,David Coulthard,Williams,1,1,1,10.0,1
1995,Portuguese Grand Prix,Damon Hill,Williams,2,2,3,4.0,1
1995,Portuguese Grand Prix,Michael Schumacher,Benetton,3,3,2,6.0,1
1995,Portuguese Grand Prix,Gerhard Berger,Ferrari,4,4,4,3.0,1
1995,Portuguese Grand Prix,Heinz-Harald Frentzen,Sauber,5,5,6,1.0,11
1995,Portuguese Grand Prix,Johnny Herbert,Benetton,6,6,7,0.0,11
1995,Portuguese Grand Prix,Jean Alesi,Ferrari,7,7,5,2.0,1
1995,Portuguese Grand Prix,Rubens Barrichello,Jordan,8,8,11,0.0,11
1995,Portuguese Grand Prix,Martin Brundle,Ligier,9,9,8,0.0,11
1995,Portuguese Grand Prix,Eddie Irvine,Jordan,10,10,10,0.0,11
1995,Portuguese Grand Prix,Olivier Panis,Ligier,11,11,21,0.0,20
1995,Portuguese Grand Prix,Mark Blundell,McLaren,12,12,9,0.0,11
1995,Portuguese Grand Prix,Mika Häkkinen,McLaren,13,13,19,0.0,5
1995,Portuguese Grand Prix,Jean-Christophe Boullion,Sauber,14,14,12,0.0,11
1995,Portuguese Grand Prix,Mika Salo,Tyrrell,15,15,13,0.0,12
1995,Portuguese Grand Prix,Ukyo Katayama,Tyrrell,16,16,23,0.0,4
1995,Portuguese Grand Prix,Pedro Lamy,Minardi,17,17,22,0.0,6
1995,Portuguese Grand Prix,Luca Badoer,Minardi,18,18,14,0.0,13
1995,Portuguese Grand Prix,Taki Inoue,Footwork,19,19,15,0.0,13
1995,Portuguese Grand Prix,Massimiliano Papis,Footwork,20,20,24,0.0,6
1995,Portuguese Grand Prix,Andrea Montermini,Pacific,21,21,18,0.0,6
1995,Portuguese Grand Prix,Pedro Diniz,Forti,22,22,16,0.0,15
1995,Portuguese Grand Prix,Roberto Moreno,Forti,23,23,17,0.0,17
1995,Portuguese Grand Prix,Jean-Denis Délétraz,Pacific,24,24,20,0.0,68
1995,European Grand Prix,David Coulthard,Williams,1,1,3,4.0,1
1995,European Grand Prix,Damon Hill,Williams,2,2,16,0.0,20
1995,European Grand Prix,Michael Schumacher,Benetton,3,3,1,10.0,1
1995,European Grand Prix,Gerhard Berger,Ferrari,4,4,19,0.0,10
1995,European Grand Prix,Eddie Irvine,Jordan,5,5,6,1.0,11
1995,European Grand Prix,Jean Alesi,Ferrari,6,6,2,6.0,1
1995,European Grand Prix,Johnny Herbert,Benetton,7,7,5,2.0,11
1995,European Grand Prix,Heinz-Harald Frentzen,Sauber,8,8,21,0.0,20
1995,European Grand Prix,Mika Häkkinen,McLaren,9,9,8,0.0,12
1995,European Grand Prix,Mark Blundell,McLaren,10,10,23,0.0,3
1995,European Grand Prix,Rubens Barrichello,Jordan,11,11,4,3.0,11
1995,European Grand Prix,Martin Brundle,Ligier,12,12,7,0.0,11
1995,European Grand Prix,Jean-Christophe Boullion,Sauber,13,13,18,0.0,4
1995,European Grand Prix,Olivier Panis,Ligier,14,14,22,0.0,20
1995,European Grand Prix,Mika Salo,Tyrrell,15,15,10,0.0,13
1995,European Grand Prix,Pedro Lamy,Minardi,16,16,9,0.0,13
1995,European Grand Prix,Massimiliano Papis,Footwork,17,17,12,0.0,13
1995,European Grand Prix,Luca Badoer,Minardi,18,18,11,0.0,13
1995,European Grand Prix,Gabriele Tarquini,Tyrrell,19,19,14,0.0,16
1995,European Grand Prix,Andrea Montermini,Pacific,20,20,17,0.0,60
1995,European Grand Prix,Taki Inoue,Footwork,21,21,24,0.0,10
1995,European Grand Prix,Pedro Diniz,Forti,22,22,13,0.0,15
1995,European Grand Prix,Roberto Moreno,Forti,23,23,20,0.0,86
1995,European Grand Prix,Jean-Denis Délétraz,Pacific,24,24,15,0.0,17
1995,Pacific Grand Prix,David Coulthard,Williams,1,1,2,6.0,1
1995,Pacific Grand Prix,Damon Hill,Williams,2,2,3,4.0,1
1995,Pacific Grand Prix,Michael Schumacher,Benetton,3,3,1,10.0,1
1995,Pacific Grand Prix,Jean Alesi,Ferrari,4,4,5,2.0,11
1995,Pacific Grand Prix,Gerhard Berger,Ferrari,5,5,4,3.0,11
1995,Pacific Grand Prix,Eddie Irvine,Jordan,6,6,11,0.0,12
1995,Pacific Grand Prix,Johnny Herbert,Benetton,7,7,6,1.0,11
1995,Pacific Grand Prix,Heinz-Harald Frentzen,Sauber,8,8,7,0.0,11
1995,Pacific Grand Prix,Olivier Panis,Ligier,9,9,8,0.0,12
1995,Pacific Grand Prix,Mark Blundell,McLaren,10,10,9,0.0,12
1995,Pacific Grand Prix,Rubens Barrichello,Jordan,11,11,18,0.0,10
1995,Pacific Grand Prix,Jan Magnussen,McLaren,12,12,10,0.0,12
1995,Pacific Grand Prix,Aguri Suzuki,Ligier,13,13,22,0.0,20
1995,Pacific Grand Prix,Pedro Lamy,Minardi,14,14,13,0.0,13
1995,Pacific Grand Prix,Jean-Christophe Boullion,Sauber,15,15,23,0.0,20
1995,Pacific Grand Prix,Luca Badoer,Minardi,16,16,15,0.0,13
1995,Pacific Grand Prix,Ukyo Katayama,Tyrrell,17,17,14,0.0,13
1995,Pacific Grand Prix,Mika Salo,Tyrrell,18,18,12,0.0,13
1995,Pacific Grand Prix,Gianni Morbidelli,Footwork,19,19,19,0.0,5
1995,Pacific Grand Prix,Taki Inoue,Footwork,20,20,20,0.0,10
1995,Pacific Grand Prix,Pedro Diniz,Forti,21,21,17,0.0,16
1995,Pacific Grand Prix,Roberto Moreno,Forti,22,22,16,0.0,15
1995,Pacific Grand Prix,Andrea Montermini,Pacific,23,23,21,0.0,6
1995,Pacific Grand Prix,Bertrand Gachot,Pacific,24,24,24,0.0,6
1995,Japanese Grand Prix,Michael Schumacher,Benetton,1,1,1,10.0,1
1995,Japanese Grand Prix,Jean Alesi,Ferrari,2,2,16,0.0,5
1995,Japanese Grand Prix,Mika Häkkinen,McLaren,3,3,2,6.0,1
1995,Japanese Grand Prix,Damon Hill,Williams,4,4,13,0.0,20
1995,Japanese Grand Prix,Gerhard Berger,Ferrari,5,5,18,0.0,10
1995,Japanese Grand Prix,David Coulthard,Williams,6,6,14,0.0,20
1995,Japanese Grand Prix,Eddie Irvine,Jordan,7,7,4,3.0,1
1995,Japanese Grand Prix,Heinz-Harald Frentzen,Sauber,8,8,8,0.0,11
1995,Japanese Grand Prix,Johnny Herbert,Benetton,9,9,3,4.0,1
1995,Japanese Grand Prix,Rubens Barrichello,Jordan,10,10,19,0.0,20
1995,Japanese Grand Prix,Olivier Panis,Ligier,11,11,5,2.0,11
1995,Japanese Grand Prix,Mika Salo,Tyrrell,12,12,6,1.0,11
1995,Japanese Grand Prix,Aguri Suzuki,Ligier,13,0,24,0.0,3
1995,Japanese Grand Prix,Ukyo Katayama,Tyrrell,14,13,20,0.0,20
1995,Japanese Grand Prix,Gianni Morbidelli,Footwork,15,14,23,0.0,20
1995,Japanese Grand Prix,Karl Wendlinger,Sauber,16,15,10,0.0,12
1995,Japanese Grand Prix,Pedro Lamy,Minardi,17,16,11,0.0,12
1995,Japanese Grand Prix,Luca Badoer,Minardi,18,17,9,0.0,12
1995,Japanese Grand Prix,Taki Inoue,Footwork,19,18,12,0.0,12
1995,Japanese Grand Prix,Andrea Montermini,Pacific,20,19,17,0.0,20
1995,Japanese Grand Prix,Pedro Diniz,Forti,21,20,15,0.0,20
1995,Japanese Grand Prix,Roberto Moreno,Forti,22,21,22,0.0,6
1995,Japanese Grand Prix,Bertrand Gachot,Pacific,23,22,21,0.0,86
1995,Japanese Grand Prix,Mark Blundell,McLaren,24,23,7,0.0,11
1995,Australian Grand Prix,Damon Hill,Williams,1,1,1,10.0,1
1995,Australian Grand Prix,David Coulthard,Williams,2,2,19,0.0,3
1995,Australian Grand Prix,Michael Schumacher,Benetton,3,3,15,0.0,4
1995,Australian Grand Prix,Gerhard Berger,Ferrari,4,4,13,0.0,5
1995,Australian Grand Prix,Jean Alesi,Ferrari,5,5,16,0.0,4
1995,Australian Grand Prix,Heinz-Harald Frentzen,Sauber,6,6,12,0.0,6
1995,Australian Grand Prix,Rubens Barrichello,Jordan,7,7,18,0.0,20
1995,Australian Grand Prix,Johnny Herbert,Benetton,8,8,10,0.0,7
1995,Australian Grand Prix,Eddie Irvine,Jordan,9,9,11,0.0,5
1995,Australian Grand Prix,Mark Blundell,McLaren,10,10,4,3.0,12
1995,Australian Grand Prix,Martin Brundle,Ligier,11,11,14,0.0,20
1995,Australian Grand Prix,Olivier Panis,Ligier,12,12,2,6.0,12
1995,Australian Grand Prix,Gianni Morbidelli,Footwork,13,13,3,4.0,12
1995,Australian Grand Prix,Mika Salo,Tyrrell,14,14,5,2.0,13
1995,Australian Grand Prix,Luca Badoer,Minardi,15,15,23,0.0,10
1995,Australian Grand Prix,Ukyo Katayama,Tyrrell,16,16,9,0.0,5
1995,Australian Grand Prix,Pedro Lamy,Minardi,17,17,6,1.0,13
1995,Australian Grand Prix,Karl Wendlinger,Sauber,18,18,21,0.0,68
1995,Australian Grand Prix,Taki Inoue,Footwork,19,19,20,0.0,20
1995,Australian Grand Prix,Roberto Moreno,Forti,20,20,17,0.0,20
1995,Australian Grand Prix,Pedro Diniz,Forti,21,21,7,0.0,14
1995,Australian Grand Prix,Andrea Montermini,Pacific,22,22,22,0.0,6
1995,Australian Grand Prix,Bertrand Gachot,Pacific,23,23,8,0.0,15
1995,Australian Grand Prix,Mika Häkkinen,McLaren,24,24,24,0.0,73
1994,Brazilian Grand Prix,Ayrton Senna,Williams,1,1,13,0.0,20
1994,Brazilian Grand Prix,Michael Schumacher,Benetton,2,2,1,10.0,1
1994,Brazilian Grand Prix,Jean Alesi,Ferrari,3,3,3,4.0,11
1994,Brazilian Grand Prix,Damon Hill,Williams,4,4,2,6.0,11
1994,Brazilian Grand Prix,Heinz-Harald Frentzen,Sauber,5,5,20,0.0,20
1994,Brazilian Grand Prix,Gianni Morbidelli,Footwork,6,6,23,0.0,6
1994,Brazilian Grand Prix,Karl Wendlinger,Sauber,7,7,6,1.0,12
1994,Brazilian Grand Prix,Mika Häkkinen,McLaren,8,8,21,0.0,5
1994,Brazilian Grand Prix,Jos Verstappen,Benetton,9,9,16,0.0,4
1994,Brazilian Grand Prix,Ukyo Katayama,Tyrrell,10,10,5,2.0,12
1994,Brazilian Grand Prix,Christian Fittipaldi,Footwork,11,11,19,0.0,6
1994,Brazilian Grand Prix,Mark Blundell,Tyrrell,12,12,18,0.0,20
1994,Brazilian Grand Prix,Érik Comas,Larrousse,13,13,9,0.0,13
1994,Brazilian Grand Prix,Rubens Barrichello,Jordan,14,14,4,3.0,11
1994,Brazilian Grand Prix,Pierluigi Martini,Minardi,15,15,8,0.0,12
1994,Brazilian Grand Prix,Eddie Irvine,Jordan,16,16,15,0.0,4
1994,Brazilian Grand Prix,Gerhard Berger,Ferrari,17,17,24,0.0,5
1994,Brazilian Grand Prix,Martin Brundle,McLaren,18,18,14,0.0,4
1994,Brazilian Grand Prix,Olivier Panis,Ligier,19,19,11,0.0,13
1994,Brazilian Grand Prix,Éric Bernard,Ligier,20,20,17,0.0,4
1994,Brazilian Grand Prix,Johnny Herbert,Team Lotus,21,21,7,0.0,12
1994,Brazilian Grand Prix,Michele Alboreto,Minardi,22,22,22,0.0,5
1994,Brazilian Grand Prix,Olivier Beretta,Larrousse,23,23,25,0.0,3
1994,Brazilian Grand Prix,Pedro Lamy,Team Lotus,24,24,10,0.0,13
1994,Brazilian Grand Prix,Bertrand Gachot,Pacific,25,25,26,0.0,3
1994,Brazilian Grand Prix,David Brabham,Simtek,26,26,12,0.0,14
1994,Pacific Grand Prix,Ayrton Senna,Williams,1,1,24,0.0,4
1994,Pacific Grand Prix,Michael Schumacher,Benetton,2,2,1,10.0,1
1994,Pacific Grand Prix,Damon Hill,Williams,3,3,18,0.0,7
1994,Pacific Grand Prix,Mika Häkkinen,McLaren,4,4,21,0.0,6
1994,Pacific Grand Prix,Gerhard Berger,Ferrari,5,5,2,6.0,1
1994,Pacific Grand Prix,Martin Brundle,McLaren,6,6,15,0.0,25
1994,Pacific Grand Prix,Nicola Larini,Ferrari,7,7,25,0.0,4
1994,Pacific Grand Prix,Rubens Barrichello,Jordan,8,8,3,4.0,11
1994,Pacific Grand Prix,Christian Fittipaldi,Footwork,9,9,4,3.0,11
1994,Pacific Grand Prix,Jos Verstappen,Benetton,10,10,17,0.0,20
1994,Pacific Grand Prix,Heinz-Harald Frentzen,Sauber,11,11,5,2.0,11
1994,Pacific Grand Prix,Mark Blundell,Tyrrell,12,12,26,0.0,4
1994,Pacific Grand Prix,Gianni Morbidelli,Footwork,13,13,12,0.0,5
1994,Pacific Grand Prix,Ukyo Katayama,Tyrrell,14,14,20,0.0,5
1994,Pacific Grand Prix,Michele Alboreto,Minardi,15,15,14,0.0,4
1994,Pacific Grand Prix,Érik Comas,Larrousse,16,16,6,1.0,13
1994,Pacific Grand Prix,Pierluigi Martini,Minardi,17,17,16,0.0,20
1994,Pacific Grand Prix,Éric Bernard,Ligier,18,18,10,0.0,15
1994,Pacific Grand Prix,Karl Wendlinger,Sauber,19,19,13,0.0,4
1994,Pacific Grand Prix,Aguri Suzuki,Jordan,20,20,19,0.0,38
1994,Pacific Grand Prix,Olivier Beretta,Larrousse,21,21,22,0.0,10
1994,Pacific Grand Prix,Olivier Panis,Ligier,22,22,9,0.0,15
1994,Pacific Grand Prix,Johnny Herbert,Team Lotus,23,23,7,0.0,13
1994,Pacific Grand Prix,Pedro Lamy,Team Lotus,24,24,8,0.0,14
1994,Pacific Grand Prix,David Brabham,Simtek,25,25,23,0.0,10
1994,Pacific Grand Prix,Roland Ratzenberger,Simtek,26,26,11,0.0,15
1994,San Marino Grand Prix,Ayrton Senna,Williams,1,1,22,0.0,3
1994,San Marino Grand Prix,Michael Schumacher,Benetton,2,2,1,10.0,1
1994,San Marino Grand Prix,Gerhard Berger,Ferrari,3,3,21,0.0,22
1994,San Marino Grand Prix,Damon Hill,Williams,4,4,6,1.0,11
1994,San Marino Grand Prix,Jyrki Järvilehto,Benetton,5,5,24,0.0,4
1994,San Marino Grand Prix,Nicola Larini,Ferrari,6,6,2,6.0,1
1994,San Marino Grand Prix,Heinz-Harald Frentzen,Sauber,7,7,7,0.0,11
1994,San Marino Grand Prix,Mika Häkkinen,McLaren,8,8,3,4.0,1
1994,San Marino Grand Prix,Ukyo Katayama,Tyrrell,9,9,5,2.0,11
1994,San Marino Grand Prix,Karl Wendlinger,Sauber,10,10,4,3.0,1
1994,San Marino Grand Prix,Gianni Morbidelli,Footwork,11,11,16,0.0,5
1994,San Marino Grand Prix,Mark Blundell,Tyrrell,12,12,9,0.0,12
1994,San Marino Grand Prix,Martin Brundle,McLaren,13,13,8,0.0,11
1994,San Marino Grand Prix,Pierluigi Martini,Minardi,14,14,17,0.0,20
1994,San Marino Grand Prix,Michele Alboreto,Minardi,15,15,15,0.0,36
1994,San Marino Grand Prix,Christian Fittipaldi,Footwork,16,16,13,0.0,20
1994,San Marino Grand Prix,Éric Bernard,Ligier,17,17,12,0.0,13
1994,San Marino Grand Prix,Érik Comas,Larrousse,18,18,23,0.0,54
1994,San Marino Grand Prix,Olivier Panis,Ligier,19,19,11,0.0,12
1994,San Marino Grand Prix,Johnny Herbert,Team Lotus,20,20,10,0.0,12
1994,San Marino Grand Prix,Andrea de Cesaris,Jordan,21,21,14,0.0,20
1994,San Marino Grand Prix,Pedro Lamy,Team Lotus,22,22,25,0.0,4
1994,San Marino Grand Prix,Olivier Beretta,Larrousse,23,23,20,0.0,5
1994,San Marino Grand Prix,David Brabham,Simtek,24,24,18,0.0,20
1994,San Marino Grand Prix,Bertrand Gachot,Pacific,25,25,19,0.0,5
1994,San Marino Grand Prix,Roland Ratzenberger,Simtek,26,0,26,0.0,3
1994,San Marino Grand Prix,Paul Belmondo,Pacific,27,0,28,0.0,81
1994,San Marino Grand Prix,Rubens Barrichello,Jordan,28,0,27,0.0,82
1994,Spanish Grand Prix,Michael Schumacher,Benetton,1,1,2,6.0,1
1994,Spanish Grand Prix,Damon Hill,Williams,2,2,1,10.0,1
1994,Spanish Grand Prix,Mika Häkkinen,McLaren,3,3,13,0.0,5
1994,Spanish Grand Prix,Jyrki Järvilehto,Benetton,4,4,12,0.0,5
1994,Spanish Grand Prix,Rubens Barrichello,Jordan,5,5,15,0.0,20
1994,Spanish Grand Prix,Jean Alesi,Ferrari,6,6,4,3.0,11
1994,Spanish Grand Prix,Gerhard Berger,Ferrari,7,7,19,0.0,6
1994,Spanish Grand Prix,Martin Brundle,McLaren,8,8,11,0.0,7
1994,Spanish Grand Prix,David Coulthard,Williams,9,9,17,0.0,10
1994,Spanish Grand Prix,Ukyo Katayama,Tyrrell,10,10,23,0.0,5
1994,Spanish Grand Prix,Mark Blundell,Tyrrell,11,11,3,4.0,1
1994,Spanish Grand Prix,Heinz-Harald Frentzen,Sauber,12,12,21,0.0,6
1994,Spanish Grand Prix,Eddie Irvine,Jordan,13,13,6,1.0,11
1994,Spanish Grand Prix,Michele Alboreto,Minardi,14,14,24,0.0,5
1994,Spanish Grand Prix,Gianni Morbidelli,Footwork,15,15,20,0.0,69
1994,Spanish Grand Prix,Érik Comas,Larrousse,16,16,22,0.0,21
1994,Spanish Grand Prix,Olivier Beretta,Larrousse,17,17,26,0.0,5
1994,Spanish Grand Prix,Pierluigi Martini,Minardi,18,18,5,2.0,11
1994,Spanish Grand Prix,Olivier Panis,Ligier,19,19,7,0.0,12
1994,Spanish Grand Prix,Éric Bernard,Ligier,20,20,8,0.0,13
1994,Spanish Grand Prix,Christian Fittipaldi,Footwork,21,21,16,0.0,5
1994,Spanish Grand Prix,Johnny Herbert,Team Lotus,22,22,14,0.0,20
1994,Spanish Grand Prix,Alessandro Zanardi,Team Lotus,23,23,9,0.0,13
1994,Spanish Grand Prix,David Brabham,Simtek,24,24,10,0.0,14
1994,Spanish Grand Prix,Bertrand Gachot,Pacific,25,25,18,0.0,41
1994,Spanish Grand Prix,Paul Belmondo,Pacific,26,26,25,0.0,20
1994,Canadian Grand Prix,Michael Schumacher,Benetton,1,1,1,10.0,1
1994,Canadian Grand Prix,Jean Alesi,Ferrari,2,2,3,4.0,1
1994,Canadian Grand Prix,Gerhard Berger,Ferrari,3,3,4,3.0,1
1994,Canadian Grand Prix,Damon Hill,Williams,4,4,2,6.0,1
1994,Canadian Grand Prix,David Coulthard,Williams,5,5,5,2.0,11
1994,Canadian Grand Prix,Rubens Barrichello,Jordan,6,6,7,0.0,11
1994,Canadian Grand Prix,Mika Häkkinen,McLaren,7,7,17,0.0,5
1994,Canadian Grand Prix,Eddie Irvine,Jordan,8,8,23,0.0,20
1994,Canadian Grand Prix,Ukyo Katayama,Tyrrell,9,9,22,0.0,3
1994,Canadian Grand Prix,Heinz-Harald Frentzen,Sauber,10,10,25,0.0,20
1994,Canadian Grand Prix,Gianni Morbidelli,Footwork,11,11,19,0.0,7
1994,Canadian Grand Prix,Martin Brundle,McLaren,12,12,26,0.0,10
1994,Canadian Grand Prix,Mark Blundell,Tyrrell,13,13,10,0.0,20
1994,Canadian Grand Prix,Andrea de Cesaris,Sauber,14,14,24,0.0,51
1994,Canadian Grand Prix,Pierluigi Martini,Minardi,15,15,9,0.0,11
1994,Canadian Grand Prix,Christian Fittipaldi,Footwork,16,16,16,0.0,2
1994,Canadian Grand Prix,Johnny Herbert,Team Lotus,17,17,8,0.0,11
1994,Canadian Grand Prix,Michele Alboreto,Minardi,18,18,11,0.0,12
1994,Canadian Grand Prix,Olivier Panis,Ligier,19,19,12,0.0,12
1994,Canadian Grand Prix,Jyrki Järvilehto,Benetton,20,20,6,1.0,11
1994,Canadian Grand Prix,Érik Comas,Larrousse,21,21,21,0.0,8
1994,Canadian Grand Prix,Olivier Beretta,Larrousse,22,22,18,0.0,5
1994,Canadian Grand Prix,Alessandro Zanardi,Team Lotus,23,23,15,0.0,17
1994,Canadian Grand Prix,Éric Bernard,Ligier,24,24,13,0.0,13
1994,Canadian Grand Prix,David Brabham,Simtek,25,25,14,0.0,14
1994,Canadian Grand Prix,Bertrand Gachot,Pacific,26,26,20,0.0,51
1994,French Grand Prix,Damon Hill,Williams,1,1,2,6.0,1
1994,French Grand Prix,Nigel Mansell,Williams,2,2,14,0.0,6
1994,French Grand Prix,Michael Schumacher,Benetton,3,3,1,10.0,1
1994,French Grand Prix,Jean Alesi,Ferrari,4,4,15,0.0,4
1994,French Grand Prix,Gerhard Berger,Ferrari,5,5,3,4.0,1
1994,French Grand Prix,Eddie Irvine,Jordan,6,6,24,0.0,6
1994,French Grand Prix,Rubens Barrichello,Jordan,7,7,16,0.0,4
1994,French Grand Prix,Jos Verstappen,Benetton,8,8,23,0.0,20
1994,French Grand Prix,Mika Häkkinen,McLaren,9,9,13,0.0,5
1994,French Grand Prix,Heinz-Harald Frentzen,Sauber,10,10,4,3.0,11
1994,French Grand Prix,Andrea de Cesaris,Sauber,11,11,6,1.0,12
1994,French Grand Prix,Martin Brundle,McLaren,12,12,19,0.0,5
1994,French Grand Prix,Olivier Panis,Ligier,13,13,21,0.0,4
1994,French Grand Prix,Ukyo Katayama,Tyrrell,14,14,12,0.0,20
1994,French Grand Prix,Éric Bernard,Ligier,15,15,17,0.0,6
1994,French Grand Prix,Pierluigi Martini,Minardi,16,16,5,2.0,12
1994,French Grand Prix,Mark Blundell,Tyrrell,17,17,10,0.0,15
1994,French Grand Prix,Christian Fittipaldi,Footwork,18,18,8,0.0,12
1994,French Grand Prix,Johnny Herbert,Team Lotus,19,19,7,0.0,12
1994,French Grand Prix,Érik Comas,Larrousse,20,20,11,0.0,5
1994,French Grand Prix,Michele Alboreto,Minardi,21,21,25,0.0,5
1994,French Grand Prix,Gianni Morbidelli,Footwork,22,22,20,0.0,4
1994,French Grand Prix,Alessandro Zanardi,Team Lotus,23,23,26,0.0,5
1994,French Grand Prix,David Brabham,Simtek,24,24,22,0.0,7
1994,French Grand Prix,Olivier Beretta,Larrousse,25,25,18,0.0,5
1994,French Grand Prix,Jean-Marc Gounon,Simtek,26,26,9,0.0,14
1994,British Grand Prix,Damon Hill,Williams,1,1,1,10.0,1
1994,British Grand Prix,Michael Schumacher,Benetton,2,2,17,0.0,2
1994,British Grand Prix,Gerhard Berger,Ferrari,3,3,19,0.0,5
1994,British Grand Prix,Jean Alesi,Ferrari,4,4,2,6.0,1
1994,British Grand Prix,Mika Häkkinen,McLaren,5,5,3,4.0,1
1994,British Grand Prix,Rubens Barrichello,Jordan,6,6,4,3.0,1
1994,British Grand Prix,David Coulthard,Williams,7,7,5,2.0,11
1994,British Grand Prix,Ukyo Katayama,Tyrrell,8,8,6,1.0,11
1994,British Grand Prix,Martin Brundle,McLaren,9,9,25,0.0,5
1994,British Grand Prix,Jos Verstappen,Benetton,10,10,8,0.0,11
1994,British Grand Prix,Mark Blundell,Tyrrell,11,11,20,0.0,6
1994,British Grand Prix,Eddie Irvine,Jordan,12,12,26,0.0,5
1994,British Grand Prix,Heinz-Harald Frentzen,Sauber,13,13,7,0.0,11
1994,British Grand Prix,Pierluigi Martini,Minardi,14,14,10,0.0,12
1994,British Grand Prix,Olivier Panis,Ligier,15,15,12,0.0,12
1994,British Grand Prix,Gianni Morbidelli,Footwork,16,16,23,0.0,5
1994,British Grand Prix,Michele Alboreto,Minardi,17,17,18,0.0,5
1994,British Grand Prix,Andrea de Cesaris,Sauber,18,18,22,0.0,5
1994,British Grand Prix,Alessandro Zanardi,Team Lotus,19,19,24,0.0,5
1994,British Grand Prix,Christian Fittipaldi,Footwork,20,20,9,0.0,12
1994,British Grand Prix,Johnny Herbert,Team Lotus,21,21,11,0.0,12
1994,British Grand Prix,Érik Comas,Larrousse,22,22,21,0.0,5
1994,British Grand Prix,Éric Bernard,Ligier,23,23,13,0.0,12
1994,British Grand Prix,Olivier Beretta,Larrousse,24,24,14,0.0,12
1994,British Grand Prix,David Brabham,Simtek,25,25,15,0.0,13
1994,British Grand Prix,Jean-Marc Gounon,Simtek,26,26,16,0.0,13
1994,German Grand Prix,Gerhard Berger,Ferrari,1,1,1,10.0,1
1994,German Grand Prix,Jean Alesi,Ferrari,2,2,16,0.0,10
1994,German Grand Prix,Damon Hill,Williams,3,3,8,0.0,11
1994,German Grand Prix,Michael Schumacher,Benetton,4,4,11,0.0,5
1994,German Grand Prix,Ukyo Katayama,Tyrrell,5,5,15,0.0,37
1994,German Grand Prix,David Coulthard,Williams,6,6,13,0.0,10
1994,German Grand Prix,Mark Blundell,Tyrrell,7,7,17,0.0,4
1994,German Grand Prix,Mika Häkkinen,McLaren,8,8,18,0.0,4
1994,German Grand Prix,Heinz-Harald Frentzen,Sauber,9,9,19,0.0,4
1994,German Grand Prix,Eddie Irvine,Jordan,10,10,20,0.0,4
1994,German Grand Prix,Rubens Barrichello,Jordan,11,11,21,0.0,4
1994,German Grand Prix,Olivier Panis,Ligier,12,12,2,6.0,1
1994,German Grand Prix,Martin Brundle,McLaren,13,13,12,0.0,5
1994,German Grand Prix,Éric Bernard,Ligier,14,14,3,4.0,1
1994,German Grand Prix,Johnny Herbert,Team Lotus,15,15,22,0.0,4
1994,German Grand Prix,Gianni Morbidelli,Footwork,16,16,5,2.0,1
1994,German Grand Prix,Christian Fittipaldi,Footwork,17,17,4,3.0,1
1994,German Grand Prix,Andrea de Cesaris,Sauber,18,18,23,0.0,4
1994,German Grand Prix,Jos Verstappen,Benetton,19,19,14,0.0,42
1994,German Grand Prix,Pierluigi Martini,Minardi,20,20,24,0.0,4
1994,German Grand Prix,Alessandro Zanardi,Team Lotus,21,21,25,0.0,4
1994,German Grand Prix,Érik Comas,Larrousse,22,22,6,1.0,1
1994,German Grand Prix,Michele Alboreto,Minardi,23,23,26,0.0,4
1994,German Grand Prix,Olivier Beretta,Larrousse,24,24,7,0.0,11
1994,German Grand Prix,David Brabham,Simtek,25,25,10,0.0,8
1994,German Grand Prix,Jean-Marc Gounon,Simtek,26,26,9,0.0,5
1994,Hungarian Grand Prix,Michael Schumacher,Benetton,1,1,1,10.0,1
1994,Hungarian Grand Prix,Damon Hill,Williams,2,2,2,6.0,1
1994,Hungarian Grand Prix,David Coulthard,Williams,3,3,15,0.0,20
1994,Hungarian Grand Prix,Gerhard Berger,Ferrari,4,4,12,0.0,5
1994,Hungarian Grand Prix,Ukyo Katayama,Tyrrell,5,5,24,0.0,4
1994,Hungarian Grand Prix,Martin Brundle,McLaren,6,6,4,3.0,10
1994,Hungarian Grand Prix,Eddie Irvine,Jordan,7,7,25,0.0,4
1994,Hungarian Grand Prix,Heinz-Harald Frentzen,Sauber,8,8,18,0.0,6
1994,Hungarian Grand Prix,Olivier Panis,Ligier,9,9,6,1.0,11
1994,Hungarian Grand Prix,Rubens Barrichello,Jordan,10,10,26,0.0,4
1994,Hungarian Grand Prix,Mark Blundell,Tyrrell,11,11,5,2.0,11
1994,Hungarian Grand Prix,Jos Verstappen,Benetton,12,12,3,4.0,1
1994,Hungarian Grand Prix,Jean Alesi,Ferrari,13,13,16,0.0,6
1994,Hungarian Grand Prix,Philippe Alliot,McLaren,14,14,22,0.0,47
1994,Hungarian Grand Prix,Pierluigi Martini,Minardi,15,15,17,0.0,20
1994,Hungarian Grand Prix,Christian Fittipaldi,Footwork,16,16,14,0.0,7
1994,Hungarian Grand Prix,Andrea de Cesaris,Sauber,17,17,20,0.0,4
1994,Hungarian Grand Prix,Éric Bernard,Ligier,18,18,10,0.0,12
1994,Hungarian Grand Prix,Gianni Morbidelli,Footwork,19,19,21,0.0,4
1994,Hungarian Grand Prix,Michele Alboreto,Minardi,20,20,7,0.0,12
1994,Hungarian Grand Prix,Érik Comas,Larrousse,21,21,8,0.0,12
1994,Hungarian Grand Prix,Alessandro Zanardi,Team Lotus,22,22,13,0.0,15
1994,Hungarian Grand Prix,David Brabham,Simtek,23,23,11,0.0,13
1994,Hungarian Grand Prix,Johnny Herbert,Team Lotus,24,24,19,0.0,10
1994,Hungarian Grand Prix,Olivier Beretta,Larrousse,25,25,9,0.0,12
1994,Hungarian Grand Prix,Jean-Marc Gounon,Simtek,26,26,23,0.0,64
1994,Belgian Grand Prix,Rubens Barrichello,Jordan,1,1,19,0.0,20
1994,Belgian Grand Prix,Michael Schumacher,Benetton,2,2,14,0.0,2
1994,Belgian Grand Prix,Damon Hill,Williams,3,3,1,10.0,1
1994,Belgian Grand Prix,Eddie Irvine,Jordan,4,4,13,0.0,91
1994,Belgian Grand Prix,Jean Alesi,Ferrari,5,5,26,0.0,5
1994,Belgian Grand Prix,Jos Verstappen,Benetton,6,6,3,4.0,1
1994,Belgian Grand Prix,David Coulthard,Williams,7,7,4,3.0,1
1994,Belgian Grand Prix,Mika Häkkinen,McLaren,8,8,2,6.0,1
1994,Belgian Grand Prix,Heinz-Harald Frentzen,Sauber,9,9,24,0.0,86
1994,Belgian Grand Prix,Pierluigi Martini,Minardi,10,10,8,0.0,11
1994,Belgian Grand Prix,Gerhard Berger,Ferrari,11,11,22,0.0,5
1994,Belgian Grand Prix,Mark Blundell,Tyrrell,12,12,5,2.0,11
1994,Belgian Grand Prix,Martin Brundle,McLaren,13,13,18,0.0,20
1994,Belgian Grand Prix,Gianni Morbidelli,Footwork,14,14,6,1.0,11
1994,Belgian Grand Prix,Andrea de Cesaris,Sauber,15,15,17,0.0,37
1994,Belgian Grand Prix,Éric Bernard,Ligier,16,16,10,0.0,12
1994,Belgian Grand Prix,Olivier Panis,Ligier,17,17,7,0.0,11
1994,Belgian Grand Prix,Michele Alboreto,Minardi,18,18,9,0.0,11
1994,Belgian Grand Prix,Philippe Alliot,Larrousse,19,19,23,0.0,5
1994,Belgian Grand Prix,Johnny Herbert,Team Lotus,20,20,12,0.0,13
1994,Belgian Grand Prix,David Brabham,Simtek,21,21,16,0.0,36
1994,Belgian Grand Prix,Érik Comas,Larrousse,22,22,25,0.0,5
1994,Belgian Grand Prix,Ukyo Katayama,Tyrrell,23,23,20,0.0,5
1994,Belgian Grand Prix,Christian Fittipaldi,Footwork,24,24,15,0.0,5
1994,Belgian Grand Prix,Jean-Marc Gounon,Simtek,25,25,11,0.0,12
1994,Belgian Grand Prix,Philippe Adams,Team Lotus,26,26,21,0.0,20
1994,Italian Grand Prix,Jean Alesi,Ferrari,1,1,22,0.0,6
1994,Italian Grand Prix,Gerhard Berger,Ferrari,2,2,2,6.0,1
1994,Italian Grand Prix,Damon Hill,Williams,3,3,1,10.0,1
1994,Italian Grand Prix,Johnny Herbert,Team Lotus,4,4,23,0.0,91
1994,Italian Grand Prix,David Coulthard,Williams,5,5,6,1.0,60
1994,Italian Grand Prix,Olivier Panis,Ligier,6,6,10,0.0,12
1994,Italian Grand Prix,Mika Häkkinen,McLaren,7,7,3,4.0,1
1994,Italian Grand Prix,Andrea de Cesaris,Sauber,8,8,19,0.0,5
1994,Italian Grand Prix,Eddie Irvine,Jordan,9,9,14,0.0,5
1994,Italian Grand Prix,Jos Verstappen,Benetton,10,10,24,0.0,4
1994,Italian Grand Prix,Heinz-Harald Frentzen,Sauber,11,11,18,0.0,5
1994,Italian Grand Prix,Éric Bernard,Ligier,12,12,7,0.0,11
1994,Italian Grand Prix,Alessandro Zanardi,Team Lotus,13,13,25,0.0,4
1994,Italian Grand Prix,Ukyo Katayama,Tyrrell,14,14,12,0.0,20
1994,Italian Grand Prix,Martin Brundle,McLaren,15,15,5,2.0,1
1994,Italian Grand Prix,Rubens Barrichello,Jordan,16,16,4,3.0,1
1994,Italian Grand Prix,Gianni Morbidelli,Footwork,17,17,26,0.0,4
1994,Italian Grand Prix,Pierluigi Martini,Minardi,18,18,16,0.0,20
1994,Italian Grand Prix,Christian Fittipaldi,Footwork,19,19,13,0.0,5
1994,Italian Grand Prix,Jyrki Järvilehto,Benetton,20,20,9,0.0,11
1994,Italian Grand Prix,Mark Blundell,Tyrrell,21,21,15,0.0,20
1994,Italian Grand Prix,Michele Alboreto,Minardi,22,22,17,0.0,6
1994,Italian Grand Prix,Yannick Dalmas,Larrousse,23,23,21,0.0,20
1994,Italian Grand Prix,Érik Comas,Larrousse,24,24,8,0.0,11
1994,Italian Grand Prix,Jean-Marc Gounon,Simtek,25,25,20,0.0,6
1994,Italian Grand Prix,David Brabham,Simtek,26,26,11,0.0,29
1994,Portuguese Grand Prix,Gerhard Berger,Ferrari,1,1,26,0.0,6
1994,Portuguese Grand Prix,Damon Hill,Williams,2,2,1,10.0,1
1994,Portuguese Grand Prix,David Coulthard,Williams,3,3,2,6.0,1
1994,Portuguese Grand Prix,Mika Häkkinen,McLaren,4,4,3,4.0,1
1994,Portuguese Grand Prix,Jean Alesi,Ferrari,5,5,21,0.0,4
1994,Portuguese Grand Prix,Ukyo Katayama,Tyrrell,6,6,25,0.0,6
1994,Portuguese Grand Prix,Martin Brundle,McLaren,7,7,6,1.0,1
1994,Portuguese Grand Prix,Rubens Barrichello,Jordan,8,8,4,3.0,1
1994,Portuguese Grand Prix,Heinz-Harald Frentzen,Sauber,9,9,23,0.0,24
1994,Portuguese Grand Prix,Jos Verstappen,Benetton,10,10,5,2.0,1
1994,Portuguese Grand Prix,Christian Fittipaldi,Footwork,11,11,8,0.0,11
1994,Portuguese Grand Prix,Mark Blundell,Tyrrell,12,12,18,0.0,5
1994,Portuguese Grand Prix,Eddie Irvine,Jordan,13,13,7,0.0,11
1994,Portuguese Grand Prix,Jyrki Järvilehto,Benetton,14,14,19,0.0,20
1994,Portuguese Grand Prix,Olivier Panis,Ligier,15,15,17,0.0,2
1994,Portuguese Grand Prix,Gianni Morbidelli,Footwork,16,16,9,0.0,11
1994,Portuguese Grand Prix,Andrea de Cesaris,Sauber,17,17,20,0.0,20
1994,Portuguese Grand Prix,Pierluigi Martini,Minardi,18,18,12,0.0,12
1994,Portuguese Grand Prix,Michele Alboreto,Minardi,19,19,13,0.0,12
1994,Portuguese Grand Prix,Johnny Herbert,Team Lotus,20,20,11,0.0,11
1994,Portuguese Grand Prix,Éric Bernard,Ligier,21,21,10,0.0,11
1994,Portuguese Grand Prix,Érik Comas,Larrousse,22,22,24,0.0,22
1994,Portuguese Grand Prix,Yannick Dalmas,Larrousse,23,23,14,0.0,12
1994,Portuguese Grand Prix,David Brabham,Simtek,24,24,22,0.0,4
1994,Portuguese Grand Prix,Philippe Adams,Team Lotus,25,25,16,0.0,14
1994,Portuguese Grand Prix,Jean-Marc Gounon,Simtek,26,26,15,0.0,14
1994,European Grand Prix,Michael Schumacher,Benetton,1,1,1,10.0,1
1994,European Grand Prix,Damon Hill,Williams,2,2,2,6.0,1
1994,European Grand Prix,Nigel Mansell,Williams,3,3,20,0.0,20
1994,European Grand Prix,Heinz-Harald Frentzen,Sauber,4,4,6,1.0,11
1994,European Grand Prix,Rubens Barrichello,Jordan,5,5,12,0.0,11
1994,European Grand Prix,Gerhard Berger,Ferrari,6,6,5,2.0,11
1994,European Grand Prix,Johnny Herbert,Ligier,7,7,8,0.0,11
1994,European Grand Prix,Gianni Morbidelli,Footwork,8,8,11,0.0,11
1994,European Grand Prix,Mika Häkkinen,McLaren,9,9,3,4.0,1
1994,European Grand Prix,Eddie Irvine,Jordan,10,10,4,3.0,1
1994,European Grand Prix,Olivier Panis,Ligier,11,11,9,0.0,11
1994,European Grand Prix,Jos Verstappen,Benetton,12,12,24,0.0,20
1994,European Grand Prix,Ukyo Katayama,Tyrrell,13,13,7,0.0,11
1994,European Grand Prix,Mark Blundell,Tyrrell,14,14,13,0.0,11
1994,European Grand Prix,Martin Brundle,McLaren,15,15,26,0.0,5
1994,European Grand Prix,Jean Alesi,Ferrari,16,16,10,0.0,11
1994,European Grand Prix,Pierluigi Martini,Minardi,17,17,15,0.0,12
1994,European Grand Prix,Andrea de Cesaris,Sauber,18,18,22,0.0,37
1994,European Grand Prix,Christian Fittipaldi,Footwork,19,19,17,0.0,13
1994,European Grand Prix,Michele Alboreto,Minardi,20,20,14,0.0,12
1994,European Grand Prix,Alessandro Zanardi,Team Lotus,21,21,16,0.0,12
1994,European Grand Prix,Éric Bernard,Team Lotus,22,22,18,0.0,13
1994,European Grand Prix,Érik Comas,Larrousse,23,23,23,0.0,91
1994,European Grand Prix,Hideki Noda,Larrousse,24,24,25,0.0,6
1994,European Grand Prix,David Brabham,Simtek,25,25,21,0.0,5
1994,European Grand Prix,Domenico Schiattarella,Simtek,26,26,19,0.0,15
1994,Japanese Grand Prix,Michael Schumacher,Benetton,1,1,2,6.0,1
1994,Japanese Grand Prix,Damon Hill,Williams,2,2,1,10.0,1
1994,Japanese Grand Prix,Heinz-Harald Frentzen,Sauber,3,3,6,1.0,1
1994,Japanese Grand Prix,Nigel Mansell,Williams,4,4,4,3.0,1
1994,Japanese Grand Prix,Johnny Herbert,Benetton,5,5,22,0.0,20
1994,Japanese Grand Prix,Eddie Irvine,Jordan,6,6,5,2.0,1
1994,Japanese Grand Prix,Jean Alesi,Ferrari,7,7,3,4.0,1
1994,Japanese Grand Prix,Mika Häkkinen,McLaren,8,8,7,0.0,1
1994,Japanese Grand Prix,Martin Brundle,McLaren,9,9,16,0.0,20
1994,Japanese Grand Prix,Rubens Barrichello,Jordan,10,10,15,0.0,6
1994,Japanese Grand Prix,Gerhard Berger,Ferrari,11,11,18,0.0,80
1994,Japanese Grand Prix,Gianni Morbidelli,Footwork,12,12,17,0.0,20
1994,Japanese Grand Prix,Mark Blundell,Tyrrell,13,13,14,0.0,5
1994,Japanese Grand Prix,Ukyo Katayama,Tyrrell,14,14,23,0.0,20
1994,Japanese Grand Prix,Jyrki Järvilehto,Sauber,15,15,25,0.0,5
1994,Japanese Grand Prix,Pierluigi Martini,Minardi,16,16,20,0.0,4
1994,Japanese Grand Prix,Alessandro Zanardi,Team Lotus,17,17,13,0.0,12
1994,Japanese Grand Prix,Christian Fittipaldi,Footwork,18,18,8,0.0,11
1994,Japanese Grand Prix,Olivier Panis,Ligier,19,19,11,0.0,11
1994,Japanese Grand Prix,Franck Lagorce,Ligier,20,20,19,0.0,4
1994,Japanese Grand Prix,Michele Alboreto,Minardi,21,21,21,0.0,20
1994,Japanese Grand Prix,Érik Comas,Larrousse,22,22,9,0.0,11
1994,Japanese Grand Prix,Hideki Noda,Larrousse,23,23,26,0.0,20
1994,Japanese Grand Prix,David Brabham,Simtek,24,24,12,0.0,12
1994,Japanese Grand Prix,Mika Salo,Team Lotus,25,25,10,0.0,11
1994,Japanese Grand Prix,Taki Inoue,Simtek,26,26,24,0.0,20
1994,Australian Grand Prix,Nigel Mansell,Williams,1,1,1,10.0,1
1994,Australian Grand Prix,Michael Schumacher,Benetton,2,2,20,0.0,4
1994,Australian Grand Prix,Damon Hill,Williams,3,3,19,0.0,4
1994,Australian Grand Prix,Mika Häkkinen,McLaren,4,4,12,0.0,23
1994,Australian Grand Prix,Rubens Barrichello,Jordan,5,5,4,3.0,1
1994,Australian Grand Prix,Eddie Irvine,Jordan,6,6,25,0.0,20
1994,Australian Grand Prix,Johnny Herbert,Benetton,7,7,26,0.0,6
1994,Australian Grand Prix,Jean Alesi,Ferrari,8,8,6,1.0,11
1994,Australian Grand Prix,Martin Brundle,McLaren,9,9,3,4.0,1
1994,Australian Grand Prix,Heinz-Harald Frentzen,Sauber,10,10,7,0.0,11
1994,Australian Grand Prix,Gerhard Berger,Ferrari,11,11,2,6.0,1
1994,Australian Grand Prix,Olivier Panis,Ligier,12,12,5,2.0,11
1994,Australian Grand Prix,Mark Blundell,Tyrrell,13,13,14,0.0,3
1994,Australian Grand Prix,Alessandro Zanardi,Team Lotus,14,14,18,0.0,37
1994,Australian Grand Prix,Ukyo Katayama,Tyrrell,15,15,22,0.0,20
1994,Australian Grand Prix,Michele Alboreto,Minardi,16,16,13,0.0,22
1994,Australian Grand Prix,Jyrki Järvilehto,Sauber,17,17,10,0.0,12
1994,Australian Grand Prix,Pierluigi Martini,Minardi,18,18,9,0.0,12
1994,Australian Grand Prix,Christian Fittipaldi,Footwork,19,19,8,0.0,11
1994,Australian Grand Prix,Franck Lagorce,Ligier,20,20,11,0.0,12
1994,Australian Grand Prix,Gianni Morbidelli,Footwork,21,21,24,0.0,44
1994,Australian Grand Prix,Mika Salo,Team Lotus,22,22,16,0.0,10
1994,Australian Grand Prix,Hideki Noda,Larrousse,23,23,23,0.0,44
1994,Australian Grand Prix,David Brabham,Simtek,24,24,17,0.0,5
1994,Australian Grand Prix,Jean-Denis Délétraz,Larrousse,25,25,15,0.0,6
1994,Australian Grand Prix,Domenico Schiattarella,Simtek,26,26,21,0.0,6
2009,Australian Grand Prix,Jenson Button,Brawn,1,1,1,10.0,1
2009,Australian Grand Prix,Rubens Barrichello,Brawn,2,2,2,8.0,1
2009,Australian Grand Prix,Sebastian Vettel,Red Bull,3,3,13,0.0,4
2009,Australian Grand Prix,Robert Kubica,BMW Sauber,4,4,14,0.0,4
2009,Australian Grand Prix,Nico Rosberg,Williams,5,5,6,3.0,1
2009,Australian Grand Prix,Timo Glock,Toyota,6,19,4,5.0,1
2009,Australian Grand Prix,Felipe Massa,Ferrari,7,6,16,0.0,22
2009,Australian Grand Prix,Jarno Trulli,Toyota,8,20,3,6.0,1
2009,Australian Grand Prix,Kimi Räikkönen,Ferrari,9,7,15,0.0,24
2009,Australian Grand Prix,Mark Webber,Red Bull,10,8,12,0.0,11
2009,Australian Grand Prix,Nick Heidfeld,BMW Sauber,11,9,10,0.0,1
2009,Australian Grand Prix,Fernando Alonso,Renault,12,10,5,4.0,1
2009,Australian Grand Prix,Kazuki Nakajima,Williams,13,11,18,0.0,3
2009,Australian Grand Prix,Heikki Kovalainen,McLaren,14,12,19,0.0,4
2009,Australian Grand Prix,Lewis Hamilton,McLaren,15,18,20,0.0,2
2009,Australian Grand Prix,Sébastien Buemi,Toro Rosso,16,13,7,2.0,1
2009,Australian Grand Prix,Nelson Piquet Jr.,Renault,17,14,17,0.0,20
2009,Australian Grand Prix,Giancarlo Fisichella,Force India,18,15,11,0.0,1
2009,Australian Grand Prix,Adrian Sutil,Force India,19,16,9,0.0,1
2009,Australian Grand Prix,Sébastien Bourdais,Toro Rosso,20,17,8,1.0,1
2009,Malaysian Grand Prix,Jenson Button,Brawn,1,1,1,5.0,1
2009,Malaysian Grand Prix,Jarno Trulli,Toyota,2,2,4,2.5,1
2009,Malaysian Grand Prix,Sebastian Vettel,Red Bull,3,13,15,0.0,20
2009,Malaysian Grand Prix,Rubens Barrichello,Brawn,4,8,5,2.0,1
2009,Malaysian Grand Prix,Timo Glock,Toyota,5,3,3,3.0,1
2009,Malaysian Grand Prix,Nico Rosberg,Williams,6,4,8,0.5,1
2009,Malaysian Grand Prix,Mark Webber,Red Bull,7,5,6,1.5,1
2009,Malaysian Grand Prix,Robert Kubica,BMW Sauber,8,6,19,0.0,5
2009,Malaysian Grand Prix,Kimi Räikkönen,Ferrari,9,7,14,0.0,11
2009,Malaysian Grand Prix,Fernando Alonso,Renault,10,9,11,0.0,11
2009,Malaysian Grand Prix,Nick Heidfeld,BMW Sauber,11,10,2,4.0,1
2009,Malaysian Grand Prix,Kazuki Nakajima,Williams,12,11,12,0.0,11
2009,Malaysian Grand Prix,Lewis Hamilton,McLaren,13,12,7,1.0,1
2009,Malaysian Grand Prix,Heikki Kovalainen,McLaren,14,14,20,0.0,20
2009,Malaysian Grand Prix,Sébastien Bourdais,Toro Rosso,15,15,10,0.0,1
2009,Malaysian Grand Prix,Felipe Massa,Ferrari,16,16,9,0.0,1
2009,Malaysian Grand Prix,Nelson Piquet Jr.,Renault,17,17,13,0.0,11
2009,Malaysian Grand Prix,Giancarlo Fisichella,Force India,18,18,18,0.0,20
2009,Malaysian Grand Prix,Adrian Sutil,Force India,19,19,17,0.0,11
2009,Malaysian Grand Prix,Sébastien Buemi,Toro Rosso,20,20,16,0.0,20
2009,Chinese Grand Prix,Sebastian Vettel,Red Bull,1,1,1,10.0,1
2009,Chinese Grand Prix,Fernando Alonso,Renault,2,2,9,0.0,1
2009,Chinese Grand Prix,Mark Webber,Red Bull,3,3,2,8.0,1
2009,Chinese Grand Prix,Rubens Barrichello,Brawn,4,4,4,5.0,1
2009,Chinese Grand Prix,Jenson Button,Brawn,5,5,3,6.0,1
2009,Chinese Grand Prix,Jarno Trulli,Toyota,6,6,20,0.0,4
2009,Chinese Grand Prix,Nico Rosberg,Williams,7,7,15,0.0,11
2009,Chinese Grand Prix,Kimi Räikkönen,Ferrari,8,8,10,0.0,1
2009,Chinese Grand Prix,Lewis Hamilton,McLaren,9,9,6,3.0,1
2009,Chinese Grand Prix,Sébastien Buemi,Toro Rosso,10,10,8,1.0,1
2009,Chinese Grand Prix,Nick Heidfeld,BMW Sauber,11,11,12,0.0,1
2009,Chinese Grand Prix,Heikki Kovalainen,McLaren,12,12,5,4.0,1
2009,Chinese Grand Prix,Felipe Massa,Ferrari,13,13,19,0.0,40
2009,Chinese Grand Prix,Timo Glock,Toyota,14,19,7,2.0,1
2009,Chinese Grand Prix,Kazuki Nakajima,Williams,15,14,18,0.0,31
2009,Chinese Grand Prix,Sébastien Bourdais,Toro Rosso,16,15,11,0.0,1
2009,Chinese Grand Prix,Nelson Piquet Jr.,Renault,17,16,16,0.0,12
2009,Chinese Grand Prix,Robert Kubica,BMW Sauber,18,17,13,0.0,1
2009,Chinese Grand Prix,Adrian Sutil,Force India,19,18,17,0.0,20
2009,Chinese Grand Prix,Giancarlo Fisichella,Force India,20,20,14,0.0,11
2009,Bahrain Grand Prix,Jarno Trulli,Toyota,1,1,3,6.0,1
2009,Bahrain Grand Prix,Timo Glock,Toyota,2,2,7,2.0,1
2009,Bahrain Grand Prix,Sebastian Vettel,Red Bull,3,3,2,8.0,1
2009,Bahrain Grand Prix,Jenson Button,Brawn,4,4,1,10.0,1
2009,Bahrain Grand Prix,Lewis Hamilton,McLaren,5,5,4,5.0,1
2009,Bahrain Grand Prix,Rubens Barrichello,Brawn,6,6,5,4.0,1
2009,Bahrain Grand Prix,Fernando Alonso,Renault,7,7,8,1.0,1
2009,Bahrain Grand Prix,Felipe Massa,Ferrari,8,8,14,0.0,11
2009,Bahrain Grand Prix,Nico Rosberg,Williams,9,9,9,0.0,1
2009,Bahrain Grand Prix,Kimi Räikkönen,Ferrari,10,10,6,3.0,1
2009,Bahrain Grand Prix,Heikki Kovalainen,McLaren,11,11,12,0.0,1
2009,Bahrain Grand Prix,Kazuki Nakajima,Williams,12,12,20,0.0,51
2009,Bahrain Grand Prix,Robert Kubica,BMW Sauber,13,13,18,0.0,11
2009,Bahrain Grand Prix,Nick Heidfeld,BMW Sauber,14,14,19,0.0,11
2009,Bahrain Grand Prix,Nelson Piquet Jr.,Renault,15,15,10,0.0,1
2009,Bahrain Grand Prix,Adrian Sutil,Force India,16,19,16,0.0,11
2009,Bahrain Grand Prix,Sébastien Buemi,Toro Rosso,17,16,17,0.0,11
2009,Bahrain Grand Prix,Giancarlo Fisichella,Force India,18,17,15,0.0,11
2009,Bahrain Grand Prix,Mark Webber,Red Bull,19,18,11,0.0,1
2009,Bahrain Grand Prix,Sébastien Bourdais,Toro Rosso,20,20,13,0.0,1
2009,Spanish Grand Prix,Jenson Button,Brawn,1,1,1,10.0,1
2009,Spanish Grand Prix,Sebastian Vettel,Red Bull,2,2,4,5.0,1
2009,Spanish Grand Prix,Rubens Barrichello,Brawn,3,3,2,8.0,1
2009,Spanish Grand Prix,Felipe Massa,Ferrari,4,4,6,3.0,1
2009,Spanish Grand Prix,Mark Webber,Red Bull,5,5,3,6.0,1
2009,Spanish Grand Prix,Timo Glock,Toyota,6,6,10,0.0,11
2009,Spanish Grand Prix,Jarno Trulli,Toyota,7,7,17,0.0,4
2009,Spanish Grand Prix,Fernando Alonso,Renault,8,8,5,4.0,1
2009,Spanish Grand Prix,Nico Rosberg,Williams,9,9,8,1.0,1
2009,Spanish Grand Prix,Robert Kubica,BMW Sauber,10,10,11,0.0,11
2009,Spanish Grand Prix,Kazuki Nakajima,Williams,11,11,13,0.0,11
2009,Spanish Grand Prix,Nelson Piquet Jr.,Renault,12,12,12,0.0,11
2009,Spanish Grand Prix,Nick Heidfeld,BMW Sauber,13,13,7,2.0,1
2009,Spanish Grand Prix,Lewis Hamilton,McLaren,14,14,9,0.0,11
2009,Spanish Grand Prix,Sébastien Buemi,Toro Rosso,15,15,18,0.0,4
2009,Spanish Grand Prix,Kimi Räikkönen,Ferrari,16,16,15,0.0,9
2009,Spanish Grand Prix,Sébastien Bourdais,Toro Rosso,17,17,19,0.0,4
2009,Spanish Grand Prix,Heikki Kovalainen,McLaren,18,18,16,0.0,6
2009,Spanish Grand Prix,Adrian Sutil,Force India,19,19,20,0.0,4
2009,Spanish Grand Prix,Giancarlo Fisichella,Force India,20,20,14,0.0,11
2009,Monaco Grand Prix,Jenson Button,Brawn,1,1,1,10.0,1
2009,Monaco Grand Prix,Kimi Räikkönen,Ferrari,2,2,3,6.0,1
2009,Monaco Grand Prix,Rubens Barrichello,Brawn,3,3,2,8.0,1
2009,Monaco Grand Prix,Sebastian Vettel,Red Bull,4,4,18,0.0,3
2009,Monaco Grand Prix,Felipe Massa,Ferrari,5,5,4,5.0,1
2009,Monaco Grand Prix,Nico Rosberg,Williams,6,6,6,3.0,1
2009,Monaco Grand Prix,Heikki Kovalainen,McLaren,7,7,16,0.0,3
2009,Monaco Grand Prix,Mark Webber,Red Bull,8,8,5,4.0,1
2009,Monaco Grand Prix,Fernando Alonso,Renault,9,9,7,2.0,1
2009,Monaco Grand Prix,Kazuki Nakajima,Williams,10,10,15,0.0,3
2009,Monaco Grand Prix,Sébastien Buemi,Toro Rosso,11,11,20,0.0,4
2009,Monaco Grand Prix,Nelson Piquet Jr.,Renault,12,12,19,0.0,4
2009,Monaco Grand Prix,Giancarlo Fisichella,Force India,13,13,9,0.0,1
2009,Monaco Grand Prix,Sébastien Bourdais,Toro Rosso,14,14,8,1.0,1
2009,Monaco Grand Prix,Adrian Sutil,Force India,15,15,14,0.0,11
2009,Monaco Grand Prix,Lewis Hamilton,McLaren,16,19,12,0.0,11
2009,Monaco Grand Prix,Nick Heidfeld,BMW Sauber,17,16,11,0.0,11
2009,Monaco Grand Prix,Robert Kubica,BMW Sauber,18,17,17,0.0,23
2009,Monaco Grand Prix,Jarno Trulli,Toyota,19,18,13,0.0,11
2009,Monaco Grand Prix,Timo Glock,Toyota,20,20,10,0.0,11
2009,Turkish Grand Prix,Sebastian Vettel,Red Bull,1,1,3,6.0,1
2009,Turkish Grand Prix,Jenson Button,Brawn,2,2,1,10.0,1
2009,Turkish Grand Prix,Rubens Barrichello,Brawn,3,3,19,0.0,6
2009,Turkish Grand Prix,Mark Webber,Red Bull,4,4,2,8.0,1
2009,Turkish Grand Prix,Jarno Trulli,Toyota,5,5,4,5.0,1
2009,Turkish Grand Prix,Kimi Räikkönen,Ferrari,6,6,9,0.0,1
2009,Turkish Grand Prix,Felipe Massa,Ferrari,7,7,6,3.0,1
2009,Turkish Grand Prix,Fernando Alonso,Renault,8,8,10,0.0,1
2009,Turkish Grand Prix,Nico Rosberg,Williams,9,9,5,4.0,1
2009,Turkish Grand Prix,Robert Kubica,BMW Sauber,10,10,7,2.0,1
2009,Turkish Grand Prix,Nick Heidfeld,BMW Sauber,11,11,11,0.0,1
2009,Turkish Grand Prix,Kazuki Nakajima,Williams,12,12,12,0.0,1
2009,Turkish Grand Prix,Timo Glock,Toyota,13,13,8,1.0,1
2009,Turkish Grand Prix,Heikki Kovalainen,McLaren,14,14,14,0.0,11
2009,Turkish Grand Prix,Adrian Sutil,Force India,15,15,17,0.0,11
2009,Turkish Grand Prix,Lewis Hamilton,McLaren,16,16,13,0.0,1
2009,Turkish Grand Prix,Nelson Piquet Jr.,Renault,17,17,16,0.0,11
2009,Turkish Grand Prix,Sébastien Buemi,Toro Rosso,18,18,15,0.0,11
2009,Turkish Grand Prix,Giancarlo Fisichella,Force India,19,19,20,0.0,23
2009,Turkish Grand Prix,Sébastien Bourdais,Toro Rosso,20,20,18,0.0,11
2009,British Grand Prix,Sebastian Vettel,Red Bull,1,1,1,10.0,1
2009,British Grand Prix,Rubens Barrichello,Brawn,2,2,3,6.0,1
2009,British Grand Prix,Mark Webber,Red Bull,3,3,2,8.0,1
2009,British Grand Prix,Jarno Trulli,Toyota,4,4,7,2.0,1
2009,British Grand Prix,Kazuki Nakajima,Williams,5,5,11,0.0,1
2009,British Grand Prix,Jenson Button,Brawn,6,6,6,3.0,1
2009,British Grand Prix,Nico Rosberg,Williams,7,7,5,4.0,1
2009,British Grand Prix,Timo Glock,Toyota,8,8,9,0.0,1
2009,British Grand Prix,Kimi Räikkönen,Ferrari,9,9,8,1.0,1
2009,British Grand Prix,Fernando Alonso,Renault,10,10,14,0.0,11
2009,British Grand Prix,Felipe Massa,Ferrari,11,11,4,5.0,1
2009,British Grand Prix,Robert Kubica,BMW Sauber,12,12,13,0.0,11
2009,British Grand Prix,Heikki Kovalainen,McLaren,13,13,20,0.0,4
2009,British Grand Prix,Nelson Piquet Jr.,Renault,14,14,12,0.0,11
2009,British Grand Prix,Nick Heidfeld,BMW Sauber,15,15,15,0.0,11
2009,British Grand Prix,Giancarlo Fisichella,Force India,16,16,10,0.0,1
2009,British Grand Prix,Sébastien Bourdais,Toro Rosso,17,17,19,0.0,4
2009,British Grand Prix,Adrian Sutil,Force India,18,20,17,0.0,11
2009,British Grand Prix,Lewis Hamilton,McLaren,19,18,16,0.0,11
2009,British Grand Prix,Sébastien Buemi,Toro Rosso,20,19,18,0.0,11
2009,German Grand Prix,Mark Webber,Red Bull,1,1,1,10.0,1
2009,German Grand Prix,Rubens Barrichello,Brawn,2,2,6,3.0,1
2009,German Grand Prix,Jenson Button,Brawn,3,3,5,4.0,1
2009,German Grand Prix,Sebastian Vettel,Red Bull,4,4,2,8.0,1
2009,German Grand Prix,Lewis Hamilton,McLaren,5,5,18,0.0,11
2009,German Grand Prix,Heikki Kovalainen,McLaren,6,6,8,1.0,1
2009,German Grand Prix,Adrian Sutil,Force India,7,7,15,0.0,1
2009,German Grand Prix,Felipe Massa,Ferrari,8,8,3,6.0,1
2009,German Grand Prix,Kimi Räikkönen,Ferrari,9,9,19,0.0,5
2009,German Grand Prix,Nelson Piquet Jr.,Renault,10,10,13,0.0,1
2009,German Grand Prix,Nick Heidfeld,BMW Sauber,11,11,10,0.0,1
2009,German Grand Prix,Fernando Alonso,Renault,12,12,7,2.0,1
2009,German Grand Prix,Kazuki Nakajima,Williams,13,13,12,0.0,1
2009,German Grand Prix,Jarno Trulli,Toyota,14,14,17,0.0,1
2009,German Grand Prix,Nico Rosberg,Williams,15,15,4,5.0,1
2009,German Grand Prix,Robert Kubica,BMW Sauber,16,16,14,0.0,1
2009,German Grand Prix,Sébastien Buemi,Toro Rosso,17,17,16,0.0,1
2009,German Grand Prix,Giancarlo Fisichella,Force India,18,18,11,0.0,1
2009,German Grand Prix,Timo Glock,Toyota,19,20,9,0.0,1
2009,German Grand Prix,Sébastien Bourdais,Toro Rosso,20,19,20,0.0,9
2009,Hungarian Grand Prix,Fernando Alonso,Renault,1,1,18,0.0,36
2009,Hungarian Grand Prix,Sebastian Vettel,Red Bull,2,2,17,0.0,22
2009,Hungarian Grand Prix,Mark Webber,Red Bull,3,3,3,6.0,1
2009,Hungarian Grand Prix,Lewis Hamilton,McLaren,4,4,1,10.0,1
2009,Hungarian Grand Prix,Nico Rosberg,Williams,5,5,4,5.0,1
2009,Hungarian Grand Prix,Heikki Kovalainen,McLaren,6,6,5,4.0,1
2009,Hungarian Grand Prix,Kimi Räikkönen,Ferrari,7,7,2,8.0,1
2009,Hungarian Grand Prix,Jenson Button,Brawn,8,8,7,2.0,1
2009,Hungarian Grand Prix,Kazuki Nakajima,Williams,9,9,9,0.0,1
2009,Hungarian Grand Prix,Felipe Massa,Ferrari,10,0,20,0.0,54
2009,Hungarian Grand Prix,Sébastien Buemi,Toro Rosso,11,10,16,0.0,11
2009,Hungarian Grand Prix,Jarno Trulli,Toyota,12,11,8,1.0,1
2009,Hungarian Grand Prix,Rubens Barrichello,Brawn,13,12,10,0.0,1
2009,Hungarian Grand Prix,Timo Glock,Toyota,14,13,6,3.0,1
2009,Hungarian Grand Prix,Nelson Piquet Jr.,Renault,15,14,12,0.0,1
2009,Hungarian Grand Prix,Nick Heidfeld,BMW Sauber,16,15,11,0.0,1
2009,Hungarian Grand Prix,Giancarlo Fisichella,Force India,17,16,14,0.0,11
2009,Hungarian Grand Prix,Adrian Sutil,Force India,18,17,19,0.0,25
2009,Hungarian Grand Prix,Robert Kubica,BMW Sauber,19,18,13,0.0,1
2009,Hungarian Grand Prix,Jaime Alguersuari,Toro Rosso,20,19,15,0.0,11
2009,European Grand Prix,Lewis Hamilton,McLaren,1,1,2,8.0,1
2009,European Grand Prix,Heikki Kovalainen,McLaren,2,2,4,5.0,1
2009,European Grand Prix,Rubens Barrichello,Brawn,3,3,1,10.0,1
2009,European Grand Prix,Sebastian Vettel,Red Bull,4,4,20,0.0,5
2009,European Grand Prix,Jenson Button,Brawn,5,5,7,2.0,1
2009,European Grand Prix,Kimi Räikkönen,Ferrari,6,6,3,6.0,1
2009,European Grand Prix,Nico Rosberg,Williams,7,7,5,4.0,1
2009,European Grand Prix,Fernando Alonso,Renault,8,8,6,3.0,1
2009,European Grand Prix,Mark Webber,Red Bull,9,9,9,0.0,1
2009,European Grand Prix,Robert Kubica,BMW Sauber,10,10,8,1.0,1
2009,European Grand Prix,Nick Heidfeld,BMW Sauber,11,11,11,0.0,1
2009,European Grand Prix,Adrian Sutil,Force India,12,12,10,0.0,1
2009,European Grand Prix,Timo Glock,Toyota,13,13,14,0.0,1
2009,European Grand Prix,Romain Grosjean,Renault,14,14,15,0.0,1
2009,European Grand Prix,Sébastien Buemi,Toro Rosso,15,15,19,0.0,23
2009,European Grand Prix,Giancarlo Fisichella,Force India,16,16,12,0.0,1
2009,European Grand Prix,Kazuki Nakajima,Williams,17,17,18,0.0,13
2009,European Grand Prix,Jarno Trulli,Toyota,18,18,13,0.0,1
2009,European Grand Prix,Jaime Alguersuari,Toro Rosso,19,19,16,0.0,11
2009,European Grand Prix,Luca Badoer,Ferrari,20,20,17,0.0,11
2009,Belgian Grand Prix,Giancarlo Fisichella,Force India,1,1,2,8.0,1
2009,Belgian Grand Prix,Jarno Trulli,Toyota,2,2,16,0.0,23
2009,Belgian Grand Prix,Nick Heidfeld,BMW Sauber,3,3,5,4.0,1
2009,Belgian Grand Prix,Rubens Barrichello,Brawn,4,4,7,2.0,1
2009,Belgian Grand Prix,Robert Kubica,BMW Sauber,5,5,4,5.0,1
2009,Belgian Grand Prix,Kimi Räikkönen,Ferrari,6,6,1,10.0,1
2009,Belgian Grand Prix,Timo Glock,Toyota,7,7,10,0.0,1
2009,Belgian Grand Prix,Sebastian Vettel,Red Bull,8,8,3,6.0,1
2009,Belgian Grand Prix,Mark Webber,Red Bull,9,9,9,0.0,1
2009,Belgian Grand Prix,Nico Rosberg,Williams,10,10,8,1.0,1
2009,Belgian Grand Prix,Adrian Sutil,Force India,11,11,11,0.0,1
2009,Belgian Grand Prix,Lewis Hamilton,McLaren,12,12,19,0.0,4
2009,Belgian Grand Prix,Fernando Alonso,Renault,13,13,15,0.0,31
2009,Belgian Grand Prix,Jenson Button,Brawn,14,14,17,0.0,4
2009,Belgian Grand Prix,Heikki Kovalainen,McLaren,15,15,6,3.0,1
2009,Belgian Grand Prix,Sébastien Buemi,Toro Rosso,16,16,12,0.0,1
2009,Belgian Grand Prix,Jaime Alguersuari,Toro Rosso,17,17,20,0.0,4
2009,Belgian Grand Prix,Kazuki Nakajima,Williams,18,18,13,0.0,1
2009,Belgian Grand Prix,Romain Grosjean,Renault,19,19,18,0.0,4
2009,Belgian Grand Prix,Luca Badoer,Ferrari,20,20,14,0.0,1
2009,Italian Grand Prix,Lewis Hamilton,McLaren,1,1,12,0.0,3
2009,Italian Grand Prix,Adrian Sutil,Force India,2,2,4,5.0,1
2009,Italian Grand Prix,Kimi Räikkönen,Ferrari,3,3,3,6.0,1
2009,Italian Grand Prix,Heikki Kovalainen,McLaren,4,4,6,3.0,1
2009,Italian Grand Prix,Rubens Barrichello,Brawn,5,5,1,10.0,1
2009,Italian Grand Prix,Jenson Button,Brawn,6,6,2,8.0,1
2009,Italian Grand Prix,Vitantonio Liuzzi,Force India,7,7,17,0.0,7
2009,Italian Grand Prix,Fernando Alonso,Renault,8,8,5,4.0,1
2009,Italian Grand Prix,Sebastian Vettel,Red Bull,9,9,8,1.0,1
2009,Italian Grand Prix,Mark Webber,Red Bull,10,10,20,0.0,4
2009,Italian Grand Prix,Jarno Trulli,Toyota,11,11,14,0.0,11
2009,Italian Grand Prix,Romain Grosjean,Renault,12,12,15,0.0,11
2009,Italian Grand Prix,Robert Kubica,BMW Sauber,13,13,19,0.0,44
2009,Italian Grand Prix,Giancarlo Fisichella,Ferrari,14,14,9,0.0,1
2009,Italian Grand Prix,Nick Heidfeld,BMW Sauber,15,15,7,2.0,1
2009,Italian Grand Prix,Timo Glock,Toyota,16,16,11,0.0,1
2009,Italian Grand Prix,Kazuki Nakajima,Williams,17,17,10,0.0,1
2009,Italian Grand Prix,Nico Rosberg,Williams,18,18,16,0.0,12
2009,Italian Grand Prix,Sébastien Buemi,Toro Rosso,19,19,13,0.0,11
2009,Italian Grand Prix,Jaime Alguersuari,Toro Rosso,20,20,18,0.0,31
2009,Singapore Grand Prix,Lewis Hamilton,McLaren,1,1,1,10.0,1
2009,Singapore Grand Prix,Sebastian Vettel,Red Bull,2,2,4,5.0,1
2009,Singapore Grand Prix,Nico Rosberg,Williams,3,3,11,0.0,1
2009,Singapore Grand Prix,Mark Webber,Red Bull,4,4,17,0.0,23
2009,Singapore Grand Prix,Rubens Barrichello,Brawn,5,9,6,3.0,1
2009,Singapore Grand Prix,Fernando Alonso,Renault,6,5,3,6.0,1
2009,Singapore Grand Prix,Timo Glock,Toyota,7,6,2,8.0,1
2009,Singapore Grand Prix,Nick Heidfeld,BMW Sauber,8,20,19,0.0,4
2009,Singapore Grand Prix,Robert Kubica,BMW Sauber,9,7,8,1.0,1
2009,Singapore Grand Prix,Heikki Kovalainen,McLaren,10,8,7,2.0,1
2009,Singapore Grand Prix,Kazuki Nakajima,Williams,11,10,9,0.0,1
2009,Singapore Grand Prix,Jenson Button,Brawn,12,11,5,4.0,1
2009,Singapore Grand Prix,Kimi Räikkönen,Ferrari,13,12,10,0.0,1
2009,Singapore Grand Prix,Sébastien Buemi,Toro Rosso,14,13,16,0.0,6
2009,Singapore Grand Prix,Jarno Trulli,Toyota,15,14,12,0.0,1
2009,Singapore Grand Prix,Adrian Sutil,Force India,16,15,18,0.0,4
2009,Singapore Grand Prix,Jaime Alguersuari,Toro Rosso,17,16,15,0.0,23
2009,Singapore Grand Prix,Giancarlo Fisichella,Ferrari,18,17,13,0.0,1
2009,Singapore Grand Prix,Romain Grosjean,Renault,19,18,20,0.0,23
2009,Singapore Grand Prix,Vitantonio Liuzzi,Force India,20,19,14,0.0,1
2009,Japanese Grand Prix,Sebastian Vettel,Red Bull,1,1,1,10.0,1
2009,Japanese Grand Prix,Jarno Trulli,Toyota,2,2,2,8.0,1
2009,Japanese Grand Prix,Lewis Hamilton,McLaren,3,3,3,6.0,1
2009,Japanese Grand Prix,Adrian Sutil,Force India,4,8,13,0.0,1
2009,Japanese Grand Prix,Rubens Barrichello,Brawn,5,6,7,2.0,1
2009,Japanese Grand Prix,Nick Heidfeld,BMW Sauber,6,4,6,3.0,1
2009,Japanese Grand Prix,Jenson Button,Brawn,7,10,8,1.0,1
2009,Japanese Grand Prix,Kimi Räikkönen,Ferrari,8,5,4,5.0,1
2009,Japanese Grand Prix,Heikki Kovalainen,McLaren,9,11,11,0.0,1
2009,Japanese Grand Prix,Sébastien Buemi,Toro Rosso,10,13,19,0.0,8
2009,Japanese Grand Prix,Nico Rosberg,Williams,11,7,5,4.0,1
2009,Japanese Grand Prix,Fernando Alonso,Renault,12,16,10,0.0,1
2009,Japanese Grand Prix,Robert Kubica,BMW Sauber,13,9,9,0.0,1
2009,Japanese Grand Prix,Timo Glock,Toyota,14,20,20,0.0,73
2009,Japanese Grand Prix,Jaime Alguersuari,Toro Rosso,15,12,18,0.0,3
2009,Japanese Grand Prix,Giancarlo Fisichella,Ferrari,16,14,12,0.0,1
2009,Japanese Grand Prix,Kazuki Nakajima,Williams,17,15,15,0.0,1
2009,Japanese Grand Prix,Romain Grosjean,Renault,18,17,16,0.0,11
2009,Japanese Grand Prix,Vitantonio Liuzzi,Force India,19,18,14,0.0,1
2009,Japanese Grand Prix,Mark Webber,Red Bull,20,19,17,0.0,12
2009,Brazilian Grand Prix,Rubens Barrichello,Brawn,1,1,8,1.0,1
2009,Brazilian Grand Prix,Mark Webber,Red Bull,2,2,1,10.0,1
2009,Brazilian Grand Prix,Adrian Sutil,Force India,3,3,18,0.0,3
2009,Brazilian Grand Prix,Jarno Trulli,Toyota,4,4,19,0.0,3
2009,Brazilian Grand Prix,Kimi Räikkönen,Ferrari,5,5,6,3.0,1
2009,Brazilian Grand Prix,Sébastien Buemi,Toro Rosso,6,6,7,2.0,1
2009,Brazilian Grand Prix,Nico Rosberg,Williams,7,7,16,0.0,6
2009,Brazilian Grand Prix,Robert Kubica,BMW Sauber,8,8,2,8.0,1
2009,Brazilian Grand Prix,Kazuki Nakajima,Williams,9,9,15,0.0,3
2009,Brazilian Grand Prix,Fernando Alonso,Renault,10,10,20,0.0,3
2009,Brazilian Grand Prix,Kamui Kobayashi,Toyota,11,11,10,0.0,1
2009,Brazilian Grand Prix,Jaime Alguersuari,Toro Rosso,12,12,14,0.0,11
2009,Brazilian Grand Prix,Romain Grosjean,Renault,13,13,13,0.0,11
2009,Brazilian Grand Prix,Jenson Button,Brawn,14,14,5,4.0,1
2009,Brazilian Grand Prix,Vitantonio Liuzzi,Force India,15,20,12,0.0,1
2009,Brazilian Grand Prix,Sebastian Vettel,Red Bull,16,15,4,5.0,1
2009,Brazilian Grand Prix,Heikki Kovalainen,McLaren,17,16,9,0.0,1
2009,Brazilian Grand Prix,Lewis Hamilton,McLaren,18,17,3,6.0,1
2009,Brazilian Grand Prix,Nick Heidfeld,BMW Sauber,19,18,17,0.0,60
2009,Brazilian Grand Prix,Giancarlo Fisichella,Ferrari,20,19,11,0.0,1
2009,Abu Dhabi Grand Prix,Lewis Hamilton,McLaren,1,1,19,0.0,23
2009,Abu Dhabi Grand Prix,Sebastian Vettel,Red Bull,2,2,1,10.0,1
2009,Abu Dhabi Grand Prix,Mark Webber,Red Bull,3,3,2,8.0,1
2009,Abu Dhabi Grand Prix,Rubens Barrichello,Brawn,4,4,4,5.0,1
2009,Abu Dhabi Grand Prix,Jenson Button,Brawn,5,5,3,6.0,1
2009,Abu Dhabi Grand Prix,Jarno Trulli,Toyota,6,6,7,2.0,1
2009,Abu Dhabi Grand Prix,Robert Kubica,BMW Sauber,7,7,10,0.0,1
2009,Abu Dhabi Grand Prix,Nick Heidfeld,BMW Sauber,8,8,5,4.0,1
2009,Abu Dhabi Grand Prix,Nico Rosberg,Williams,9,9,9,0.0,1
2009,Abu Dhabi Grand Prix,Sébastien Buemi,Toro Rosso,10,10,8,1.0,1
2009,Abu Dhabi Grand Prix,Kimi Räikkönen,Ferrari,11,11,12,0.0,1
2009,Abu Dhabi Grand Prix,Kamui Kobayashi,Toyota,12,12,6,3.0,1
2009,Abu Dhabi Grand Prix,Heikki Kovalainen,McLaren,13,18,11,0.0,1
2009,Abu Dhabi Grand Prix,Kazuki Nakajima,Williams,14,13,13,0.0,1
2009,Abu Dhabi Grand Prix,Jaime Alguersuari,Toro Rosso,15,14,20,0.0,6
2009,Abu Dhabi Grand Prix,Fernando Alonso,Renault,16,15,14,0.0,1
2009,Abu Dhabi Grand Prix,Vitantonio Liuzzi,Force India,17,16,15,0.0,1
2009,Abu Dhabi Grand Prix,Adrian Sutil,Force India,18,17,17,0.0,11
2009,Abu Dhabi Grand Prix,Romain Grosjean,Renault,19,19,18,0.0,11
2009,Abu Dhabi Grand Prix,Giancarlo Fisichella,Ferrari,20,20,16,0.0,11
2010,Bahrain Grand Prix,Sebastian Vettel,Red Bull,1,1,4,12.0,1
2010,Bahrain Grand Prix,Felipe Massa,Ferrari,2,2,2,18.0,1
2010,Bahrain Grand Prix,Fernando Alonso,Ferrari,3,3,1,25.0,1
2010,Bahrain Grand Prix,Lewis Hamilton,McLaren,4,4,3,15.0,1
2010,Bahrain Grand Prix,Nico Rosberg,Mercedes,5,5,5,10.0,1
2010,Bahrain Grand Prix,Mark Webber,Red Bull,6,6,8,4.0,1
2010,Bahrain Grand Prix,Michael Schumacher,Mercedes,7,7,6,8.0,1
2010,Bahrain Grand Prix,Jenson Button,McLaren,8,8,7,6.0,1
2010,Bahrain Grand Prix,Robert Kubica,Renault,9,9,11,0.0,1
2010,Bahrain Grand Prix,Adrian Sutil,Force India,10,10,12,0.0,1
2010,Bahrain Grand Prix,Rubens Barrichello,Williams,11,11,10,1.0,1
2010,Bahrain Grand Prix,Vitantonio Liuzzi,Force India,12,12,9,2.0,1
2010,Bahrain Grand Prix,Nico Hülkenberg,Williams,13,13,14,0.0,11
2010,Bahrain Grand Prix,Pedro de la Rosa,Sauber,14,14,18,0.0,9
2010,Bahrain Grand Prix,Sébastien Buemi,Toro Rosso,15,15,16,0.0,10
2010,Bahrain Grand Prix,Kamui Kobayashi,Sauber,16,16,22,0.0,9
2010,Bahrain Grand Prix,Vitaly Petrov,Renault,17,17,21,0.0,22
2010,Bahrain Grand Prix,Jaime Alguersuari,Toro Rosso,18,18,13,0.0,1
2010,Bahrain Grand Prix,Timo Glock,Virgin,19,19,20,0.0,6
2010,Bahrain Grand Prix,Jarno Trulli,Lotus,20,20,17,0.0,9
2010,Bahrain Grand Prix,Heikki Kovalainen,Lotus,21,21,15,0.0,12
2010,Bahrain Grand Prix,Lucas di Grassi,Virgin,22,22,23,0.0,9
2010,Bahrain Grand Prix,Bruno Senna,HRT,23,23,19,0.0,25
2010,Bahrain Grand Prix,Karun Chandhok,HRT,24,24,24,0.0,3
2010,Australian Grand Prix,Sebastian Vettel,Red Bull,1,1,17,0.0,36
2010,Australian Grand Prix,Mark Webber,Red Bull,2,2,9,2.0,1
2010,Australian Grand Prix,Fernando Alonso,Ferrari,3,3,4,12.0,1
2010,Australian Grand Prix,Jenson Button,McLaren,4,4,1,25.0,1
2010,Australian Grand Prix,Felipe Massa,Ferrari,5,5,3,15.0,1
2010,Australian Grand Prix,Nico Rosberg,Mercedes,6,6,5,10.0,1
2010,Australian Grand Prix,Michael Schumacher,Mercedes,7,7,10,1.0,1
2010,Australian Grand Prix,Rubens Barrichello,Williams,8,8,8,4.0,1
2010,Australian Grand Prix,Robert Kubica,Renault,9,9,2,18.0,1
2010,Australian Grand Prix,Adrian Sutil,Force India,10,10,18,0.0,5
2010,Australian Grand Prix,Lewis Hamilton,McLaren,11,11,6,8.0,1
2010,Australian Grand Prix,Sébastien Buemi,Toro Rosso,12,12,21,0.0,4
2010,Australian Grand Prix,Vitantonio Liuzzi,Force India,13,13,7,6.0,1
2010,Australian Grand Prix,Pedro de la Rosa,Sauber,14,14,12,0.0,1
2010,Australian Grand Prix,Nico Hülkenberg,Williams,15,15,22,0.0,4
2010,Australian Grand Prix,Kamui Kobayashi,Sauber,16,16,23,0.0,4
2010,Australian Grand Prix,Jaime Alguersuari,Toro Rosso,17,17,11,0.0,1
2010,Australian Grand Prix,Vitaly Petrov,Renault,18,18,19,0.0,20
2010,Australian Grand Prix,Heikki Kovalainen,Lotus,19,19,13,0.0,12
2010,Australian Grand Prix,Jarno Trulli,Lotus,20,20,24,0.0,9
2010,Australian Grand Prix,Timo Glock,Virgin,21,23,15,0.0,22
2010,Australian Grand Prix,Lucas di Grassi,Virgin,22,24,16,0.0,9
2010,Australian Grand Prix,Bruno Senna,HRT,23,21,20,0.0,9
2010,Australian Grand Prix,Karun Chandhok,HRT,24,22,14,0.0,15
2010,Malaysian Grand Prix,Mark Webber,Red Bull,1,1,2,18.0,1
2010,Malaysian Grand Prix,Nico Rosberg,Mercedes,2,2,3,15.0,1
2010,Malaysian Grand Prix,Sebastian Vettel,Red Bull,3,3,1,25.0,1
2010,Malaysian Grand Prix,Adrian Sutil,Force India,4,4,5,10.0,1
2010,Malaysian Grand Prix,Nico Hülkenberg,Williams,5,5,10,1.0,1
2010,Malaysian Grand Prix,Robert Kubica,Renault,6,6,4,12.0,1
2010,Malaysian Grand Prix,Rubens Barrichello,Williams,7,7,12,0.0,11
2010,Malaysian Grand Prix,Michael Schumacher,Mercedes,8,8,21,0.0,36
2010,Malaysian Grand Prix,Kamui Kobayashi,Sauber,9,9,22,0.0,5
2010,Malaysian Grand Prix,Vitantonio Liuzzi,Force India,10,10,20,0.0,37
2010,Malaysian Grand Prix,Vitaly Petrov,Renault,11,11,19,0.0,6
2010,Malaysian Grand Prix,Pedro de la Rosa,Sauber,12,12,24,0.0,5
2010,Malaysian Grand Prix,Sébastien Buemi,Toro Rosso,13,13,11,0.0,1
2010,Malaysian Grand Prix,Jaime Alguersuari,Toro Rosso,14,14,9,2.0,1
2010,Malaysian Grand Prix,Heikki Kovalainen,Lotus,15,15,18,0.0,88
2010,Malaysian Grand Prix,Timo Glock,Virgin,16,16,23,0.0,20
2010,Malaysian Grand Prix,Jenson Button,McLaren,17,17,8,4.0,1
2010,Malaysian Grand Prix,Jarno Trulli,Lotus,18,18,17,0.0,15
2010,Malaysian Grand Prix,Fernando Alonso,Ferrari,19,19,13,0.0,5
2010,Malaysian Grand Prix,Lewis Hamilton,McLaren,20,20,6,8.0,1
2010,Malaysian Grand Prix,Felipe Massa,Ferrari,21,21,7,6.0,1
2010,Malaysian Grand Prix,Karun Chandhok,HRT,22,22,15,0.0,13
2010,Malaysian Grand Prix,Bruno Senna,HRT,23,23,16,0.0,14
2010,Malaysian Grand Prix,Lucas di Grassi,Virgin,24,24,14,0.0,13
2010,Chinese Grand Prix,Sebastian Vettel,Red Bull,1,1,6,8.0,1
2010,Chinese Grand Prix,Mark Webber,Red Bull,2,2,8,4.0,1
2010,Chinese Grand Prix,Fernando Alonso,Ferrari,3,3,4,12.0,1
2010,Chinese Grand Prix,Nico Rosberg,Mercedes,4,4,3,15.0,1
2010,Chinese Grand Prix,Jenson Button,McLaren,5,5,1,25.0,1
2010,Chinese Grand Prix,Lewis Hamilton,McLaren,6,6,2,18.0,1
2010,Chinese Grand Prix,Felipe Massa,Ferrari,7,7,9,2.0,1
2010,Chinese Grand Prix,Robert Kubica,Renault,8,8,5,10.0,1
2010,Chinese Grand Prix,Michael Schumacher,Mercedes,9,9,10,1.0,1
2010,Chinese Grand Prix,Adrian Sutil,Force India,10,10,11,0.0,1
2010,Chinese Grand Prix,Rubens Barrichello,Williams,11,11,12,0.0,1
2010,Chinese Grand Prix,Jaime Alguersuari,Toro Rosso,12,12,13,0.0,1
2010,Chinese Grand Prix,Sébastien Buemi,Toro Rosso,13,13,21,0.0,3
2010,Chinese Grand Prix,Vitaly Petrov,Renault,14,14,7,6.0,1
2010,Chinese Grand Prix,Kamui Kobayashi,Sauber,15,15,22,0.0,3
2010,Chinese Grand Prix,Nico Hülkenberg,Williams,16,16,15,0.0,11
2010,Chinese Grand Prix,Pedro de la Rosa,Sauber,17,17,20,0.0,39
2010,Chinese Grand Prix,Vitantonio Liuzzi,Force India,18,18,23,0.0,3
2010,Chinese Grand Prix,Timo Glock,Virgin,19,19,24,0.0,5
2010,Chinese Grand Prix,Jarno Trulli,Lotus,20,20,18,0.0,9
2010,Chinese Grand Prix,Heikki Kovalainen,Lotus,21,21,14,0.0,11
2010,Chinese Grand Prix,Lucas di Grassi,Virgin,22,22,19,0.0,8
2010,Chinese Grand Prix,Bruno Senna,HRT,23,23,16,0.0,12
2010,Chinese Grand Prix,Karun Chandhok,HRT,24,24,17,0.0,14
2010,Spanish Grand Prix,Mark Webber,Red Bull,1,1,1,25.0,1
2010,Spanish Grand Prix,Sebastian Vettel,Red Bull,2,2,3,15.0,1
2010,Spanish Grand Prix,Lewis Hamilton,McLaren,3,3,14,0.0,29
2010,Spanish Grand Prix,Fernando Alonso,Ferrari,4,4,2,18.0,1
2010,Spanish Grand Prix,Jenson Button,McLaren,5,5,5,10.0,1
2010,Spanish Grand Prix,Michael Schumacher,Mercedes,6,6,4,12.0,1
2010,Spanish Grand Prix,Robert Kubica,Renault,7,7,8,4.0,1
2010,Spanish Grand Prix,Nico Rosberg,Mercedes,8,8,13,0.0,11
2010,Spanish Grand Prix,Felipe Massa,Ferrari,9,9,6,8.0,1
2010,Spanish Grand Prix,Kamui Kobayashi,Sauber,10,10,12,0.0,11
2010,Spanish Grand Prix,Adrian Sutil,Force India,11,11,7,6.0,1
2010,Spanish Grand Prix,Pedro de la Rosa,Sauber,12,12,22,0.0,4
2010,Spanish Grand Prix,Nico Hülkenberg,Williams,13,13,16,0.0,12
2010,Spanish Grand Prix,Vitaly Petrov,Renault,14,19,11,0.0,11
2010,Spanish Grand Prix,Sébastien Buemi,Toro Rosso,15,14,20,0.0,9
2010,Spanish Grand Prix,Jaime Alguersuari,Toro Rosso,16,15,10,1.0,11
2010,Spanish Grand Prix,Vitantonio Liuzzi,Force India,17,16,15,0.0,5
2010,Spanish Grand Prix,Rubens Barrichello,Williams,18,17,9,2.0,11
2010,Spanish Grand Prix,Jarno Trulli,Lotus,19,18,17,0.0,13
2010,Spanish Grand Prix,Heikki Kovalainen,Lotus,20,20,24,0.0,6
2010,Spanish Grand Prix,Timo Glock,Virgin,21,22,18,0.0,13
2010,Spanish Grand Prix,Lucas di Grassi,Virgin,22,23,19,0.0,14
2010,Spanish Grand Prix,Karun Chandhok,HRT,23,24,21,0.0,22
2010,Spanish Grand Prix,Bruno Senna,HRT,24,21,23,0.0,3
2010,Monaco Grand Prix,Mark Webber,Red Bull,1,1,1,25.0,1
2010,Monaco Grand Prix,Robert Kubica,Renault,2,2,3,15.0,1
2010,Monaco Grand Prix,Sebastian Vettel,Red Bull,3,3,2,18.0,1
2010,Monaco Grand Prix,Felipe Massa,Ferrari,4,4,4,12.0,1
2010,Monaco Grand Prix,Lewis Hamilton,McLaren,5,5,5,10.0,1
2010,Monaco Grand Prix,Nico Rosberg,Mercedes,6,6,7,6.0,1
2010,Monaco Grand Prix,Michael Schumacher,Mercedes,7,7,12,0.0,1
2010,Monaco Grand Prix,Jenson Button,McLaren,8,8,23,0.0,5
2010,Monaco Grand Prix,Rubens Barrichello,Williams,9,9,18,0.0,22
2010,Monaco Grand Prix,Vitantonio Liuzzi,Force India,10,10,9,2.0,1
2010,Monaco Grand Prix,Nico Hülkenberg,Williams,11,11,24,0.0,33
2010,Monaco Grand Prix,Adrian Sutil,Force India,12,12,8,4.0,1
2010,Monaco Grand Prix,Sébastien Buemi,Toro Rosso,13,13,10,1.0,1
2010,Monaco Grand Prix,Vitaly Petrov,Renault,14,14,13,0.0,23
2010,Monaco Grand Prix,Pedro de la Rosa,Sauber,15,15,22,0.0,9
2010,Monaco Grand Prix,Kamui Kobayashi,Sauber,16,16,19,0.0,6
2010,Monaco Grand Prix,Jaime Alguersuari,Toro Rosso,17,17,11,0.0,1
2010,Monaco Grand Prix,Heikki Kovalainen,Lotus,18,18,16,0.0,38
2010,Monaco Grand Prix,Jarno Trulli,Lotus,19,19,15,0.0,4
2010,Monaco Grand Prix,Timo Glock,Virgin,20,20,21,0.0,49
2010,Monaco Grand Prix,Lucas di Grassi,Virgin,21,21,20,0.0,36
2010,Monaco Grand Prix,Bruno Senna,HRT,22,22,17,0.0,9
2010,Monaco Grand Prix,Karun Chandhok,HRT,23,23,14,0.0,4
2010,Monaco Grand Prix,Fernando Alonso,Ferrari,24,24,6,8.0,1
2010,Turkish Grand Prix,Mark Webber,Red Bull,1,1,3,15.0,1
2010,Turkish Grand Prix,Lewis Hamilton,McLaren,2,2,1,25.0,1
2010,Turkish Grand Prix,Sebastian Vettel,Red Bull,3,3,22,0.0,4
2010,Turkish Grand Prix,Jenson Button,McLaren,4,4,2,18.0,1
2010,Turkish Grand Prix,Michael Schumacher,Mercedes,5,5,4,12.0,1
2010,Turkish Grand Prix,Nico Rosberg,Mercedes,6,6,5,10.0,1
2010,Turkish Grand Prix,Robert Kubica,Renault,7,7,6,8.0,1
2010,Turkish Grand Prix,Felipe Massa,Ferrari,8,8,7,6.0,1
2010,Turkish Grand Prix,Vitaly Petrov,Renault,9,9,15,0.0,11
2010,Turkish Grand Prix,Kamui Kobayashi,Sauber,10,10,10,1.0,1
2010,Turkish Grand Prix,Adrian Sutil,Force India,11,11,9,2.0,1
2010,Turkish Grand Prix,Fernando Alonso,Ferrari,12,12,8,4.0,1
2010,Turkish Grand Prix,Pedro de la Rosa,Sauber,13,13,11,0.0,1
2010,Turkish Grand Prix,Sébastien Buemi,Toro Rosso,14,14,16,0.0,11
2010,Turkish Grand Prix,Rubens Barrichello,Williams,15,15,14,0.0,11
2010,Turkish Grand Prix,Jaime Alguersuari,Toro Rosso,16,16,12,0.0,1
2010,Turkish Grand Prix,Nico Hülkenberg,Williams,17,17,17,0.0,11
2010,Turkish Grand Prix,Vitantonio Liuzzi,Force India,18,18,13,0.0,11
2010,Turkish Grand Prix,Jarno Trulli,Lotus,19,19,24,0.0,9
2010,Turkish Grand Prix,Heikki Kovalainen,Lotus,20,20,23,0.0,9
2010,Turkish Grand Prix,Timo Glock,Virgin,21,21,18,0.0,13
2010,Turkish Grand Prix,Bruno Senna,HRT,22,22,21,0.0,32
2010,Turkish Grand Prix,Lucas di Grassi,Virgin,23,23,19,0.0,13
2010,Turkish Grand Prix,Karun Chandhok,HRT,24,24,20,0.0,48
2010,Canadian Grand Prix,Lewis Hamilton,McLaren,1,1,1,25.0,1
2010,Canadian Grand Prix,Mark Webber,Red Bull,2,7,5,10.0,1
2010,Canadian Grand Prix,Sebastian Vettel,Red Bull,3,2,4,12.0,1
2010,Canadian Grand Prix,Fernando Alonso,Ferrari,4,3,3,15.0,1
2010,Canadian Grand Prix,Jenson Button,McLaren,5,4,2,18.0,1
2010,Canadian Grand Prix,Vitantonio Liuzzi,Force India,6,5,9,2.0,11
2010,Canadian Grand Prix,Felipe Massa,Ferrari,7,6,15,0.0,11
2010,Canadian Grand Prix,Robert Kubica,Renault,8,8,7,6.0,1
2010,Canadian Grand Prix,Adrian Sutil,Force India,9,9,10,1.0,11
2010,Canadian Grand Prix,Nico Rosberg,Mercedes,10,10,6,8.0,1
2010,Canadian Grand Prix,Rubens Barrichello,Williams,11,11,14,0.0,11
2010,Canadian Grand Prix,Nico Hülkenberg,Williams,12,12,13,0.0,11
2010,Canadian Grand Prix,Michael Schumacher,Mercedes,13,13,11,0.0,11
2010,Canadian Grand Prix,Vitaly Petrov,Renault,14,14,17,0.0,12
2010,Canadian Grand Prix,Sébastien Buemi,Toro Rosso,15,15,8,4.0,11
2010,Canadian Grand Prix,Jaime Alguersuari,Toro Rosso,16,16,12,0.0,11
2010,Canadian Grand Prix,Pedro de la Rosa,Sauber,17,17,22,0.0,5
2010,Canadian Grand Prix,Kamui Kobayashi,Sauber,18,18,24,0.0,3
2010,Canadian Grand Prix,Heikki Kovalainen,Lotus,19,19,16,0.0,12
2010,Canadian Grand Prix,Jarno Trulli,Lotus,20,20,21,0.0,23
2010,Canadian Grand Prix,Timo Glock,Virgin,21,21,20,0.0,26
2010,Canadian Grand Prix,Bruno Senna,HRT,22,22,23,0.0,9
2010,Canadian Grand Prix,Lucas di Grassi,Virgin,23,23,19,0.0,15
2010,Canadian Grand Prix,Karun Chandhok,HRT,24,24,18,0.0,14
2010,European Grand Prix,Sebastian Vettel,Red Bull,1,1,1,25.0,1
2010,European Grand Prix,Mark Webber,Red Bull,2,2,24,0.0,4
2010,European Grand Prix,Lewis Hamilton,McLaren,3,3,2,18.0,1
2010,European Grand Prix,Fernando Alonso,Ferrari,4,4,8,4.0,1
2010,European Grand Prix,Felipe Massa,Ferrari,5,5,11,0.0,1
2010,European Grand Prix,Robert Kubica,Renault,6,6,5,10.0,1
2010,European Grand Prix,Jenson Button,McLaren,7,7,3,15.0,1
2010,European Grand Prix,Nico Hülkenberg,Williams,8,8,22,0.0,43
2010,European Grand Prix,Rubens Barrichello,Williams,9,9,4,12.0,1
2010,European Grand Prix,Vitaly Petrov,Renault,10,10,14,0.0,1
2010,European Grand Prix,Sébastien Buemi,Toro Rosso,11,11,9,2.0,1
2010,European Grand Prix,Nico Rosberg,Mercedes,12,12,10,1.0,1
2010,European Grand Prix,Adrian Sutil,Force India,13,13,6,8.0,1
2010,European Grand Prix,Vitantonio Liuzzi,Force India,14,14,16,0.0,1
2010,European Grand Prix,Michael Schumacher,Mercedes,15,15,15,0.0,1
2010,European Grand Prix,Pedro de la Rosa,Sauber,16,16,12,0.0,1
2010,European Grand Prix,Jaime Alguersuari,Toro Rosso,17,17,13,0.0,1
2010,European Grand Prix,Kamui Kobayashi,Sauber,18,18,7,6.0,1
2010,European Grand Prix,Jarno Trulli,Lotus,19,19,21,0.0,14
2010,European Grand Prix,Heikki Kovalainen,Lotus,20,20,23,0.0,4
2010,European Grand Prix,Lucas di Grassi,Virgin,21,21,17,0.0,11
2010,European Grand Prix,Timo Glock,Virgin,22,22,19,0.0,12
2010,European Grand Prix,Karun Chandhok,HRT,23,23,18,0.0,12
2010,European Grand Prix,Bruno Senna,HRT,24,24,20,0.0,12
2010,British Grand Prix,Sebastian Vettel,Red Bull,1,1,7,6.0,1
2010,British Grand Prix,Mark Webber,Red Bull,2,2,1,25.0,1
2010,British Grand Prix,Fernando Alonso,Ferrari,3,3,14,0.0,1
2010,British Grand Prix,Lewis Hamilton,McLaren,4,4,2,18.0,1
2010,British Grand Prix,Nico Rosberg,Mercedes,5,5,3,15.0,1
2010,British Grand Prix,Robert Kubica,Renault,6,6,23,0.0,30
2010,British Grand Prix,Felipe Massa,Ferrari,7,7,15,0.0,1
2010,British Grand Prix,Rubens Barrichello,Williams,8,8,5,10.0,1
2010,British Grand Prix,Pedro de la Rosa,Sauber,9,9,22,0.0,4
2010,British Grand Prix,Michael Schumacher,Mercedes,10,10,9,2.0,1
2010,British Grand Prix,Adrian Sutil,Force India,11,11,8,4.0,1
2010,British Grand Prix,Kamui Kobayashi,Sauber,12,12,6,8.0,1
2010,British Grand Prix,Nico Hülkenberg,Williams,13,13,10,1.0,1
2010,British Grand Prix,Jenson Button,McLaren,14,14,4,12.0,1
2010,British Grand Prix,Vitantonio Liuzzi,Force India,15,20,11,0.0,1
2010,British Grand Prix,Vitaly Petrov,Renault,16,15,13,0.0,1
2010,British Grand Prix,Sébastien Buemi,Toro Rosso,17,16,12,0.0,1
2010,British Grand Prix,Jaime Alguersuari,Toro Rosso,18,17,21,0.0,23
2010,British Grand Prix,Heikki Kovalainen,Lotus,19,18,17,0.0,11
2010,British Grand Prix,Timo Glock,Virgin,20,19,18,0.0,12
2010,British Grand Prix,Jarno Trulli,Lotus,21,21,16,0.0,11
2010,British Grand Prix,Lucas di Grassi,Virgin,22,22,24,0.0,9
2010,British Grand Prix,Karun Chandhok,HRT,23,23,19,0.0,12
2010,British Grand Prix,Sakon Yamamoto,HRT,24,24,20,0.0,12
2010,German Grand Prix,Sebastian Vettel,Red Bull,1,1,3,15.0,1
2010,German Grand Prix,Fernando Alonso,Ferrari,2,2,1,25.0,1
2010,German Grand Prix,Felipe Massa,Ferrari,3,3,2,18.0,1
2010,German Grand Prix,Mark Webber,Red Bull,4,4,6,8.0,1
2010,German Grand Prix,Jenson Button,McLaren,5,5,5,10.0,1
2010,German Grand Prix,Lewis Hamilton,McLaren,6,6,4,12.0,1
2010,German Grand Prix,Robert Kubica,Renault,7,7,7,6.0,11
2010,German Grand Prix,Rubens Barrichello,Williams,8,8,12,0.0,11
2010,German Grand Prix,Nico Rosberg,Mercedes,9,9,8,4.0,11
2010,German Grand Prix,Nico Hülkenberg,Williams,10,10,13,0.0,11
2010,German Grand Prix,Michael Schumacher,Mercedes,11,11,9,2.0,11
2010,German Grand Prix,Kamui Kobayashi,Sauber,12,12,11,0.0,11
2010,German Grand Prix,Vitaly Petrov,Renault,13,13,10,1.0,11
2010,German Grand Prix,Adrian Sutil,Force India,14,19,17,0.0,12
2010,German Grand Prix,Pedro de la Rosa,Sauber,15,14,14,0.0,11
2010,German Grand Prix,Jaime Alguersuari,Toro Rosso,16,15,15,0.0,11
2010,German Grand Prix,Sébastien Buemi,Toro Rosso,17,16,24,0.0,4
2010,German Grand Prix,Jarno Trulli,Lotus,18,17,23,0.0,6
2010,German Grand Prix,Heikki Kovalainen,Lotus,19,18,20,0.0,4
2010,German Grand Prix,Timo Glock,Virgin,20,23,18,0.0,13
2010,German Grand Prix,Bruno Senna,HRT,21,20,19,0.0,14
2010,German Grand Prix,Vitantonio Liuzzi,Force India,22,21,16,0.0,12
2010,German Grand Prix,Sakon Yamamoto,HRT,23,22,22,0.0,5
2010,German Grand Prix,Lucas di Grassi,Virgin,24,24,21,0.0,6
2010,Hungarian Grand Prix,Sebastian Vettel,Red Bull,1,1,3,15.0,1
2010,Hungarian Grand Prix,Mark Webber,Red Bull,2,2,1,25.0,1
2010,Hungarian Grand Prix,Fernando Alonso,Ferrari,3,3,2,18.0,1
2010,Hungarian Grand Prix,Felipe Massa,Ferrari,4,4,4,12.0,1
2010,Hungarian Grand Prix,Lewis Hamilton,McLaren,5,5,20,0.0,6
2010,Hungarian Grand Prix,Nico Rosberg,Mercedes,6,6,22,0.0,36
2010,Hungarian Grand Prix,Vitaly Petrov,Renault,7,7,5,10.0,1
2010,Hungarian Grand Prix,Robert Kubica,Renault,8,8,21,0.0,31
2010,Hungarian Grand Prix,Pedro de la Rosa,Sauber,9,9,7,6.0,11
2010,Hungarian Grand Prix,Nico Hülkenberg,Williams,10,10,6,8.0,1
2010,Hungarian Grand Prix,Jenson Button,McLaren,11,11,8,4.0,11
2010,Hungarian Grand Prix,Rubens Barrichello,Williams,12,12,10,1.0,11
2010,Hungarian Grand Prix,Adrian Sutil,Force India,13,13,23,0.0,4
2010,Hungarian Grand Prix,Michael Schumacher,Mercedes,14,14,11,0.0,11
2010,Hungarian Grand Prix,Sébastien Buemi,Toro Rosso,15,15,12,0.0,11
2010,Hungarian Grand Prix,Vitantonio Liuzzi,Force India,16,16,13,0.0,11
2010,Hungarian Grand Prix,Jaime Alguersuari,Toro Rosso,17,17,24,0.0,5
2010,Hungarian Grand Prix,Kamui Kobayashi,Sauber,18,23,9,2.0,11
2010,Hungarian Grand Prix,Timo Glock,Virgin,19,18,16,0.0,13
2010,Hungarian Grand Prix,Heikki Kovalainen,Lotus,20,19,14,0.0,13
2010,Hungarian Grand Prix,Jarno Trulli,Lotus,21,20,15,0.0,13
2010,Hungarian Grand Prix,Lucas di Grassi,Virgin,22,21,18,0.0,14
2010,Hungarian Grand Prix,Bruno Senna,HRT,23,22,17,0.0,13
2010,Hungarian Grand Prix,Sakon Yamamoto,HRT,24,24,19,0.0,14
2010,Belgian Grand Prix,Mark Webber,Red Bull,1,1,2,18.0,1
2010,Belgian Grand Prix,Lewis Hamilton,McLaren,2,2,1,25.0,1
2010,Belgian Grand Prix,Robert Kubica,Renault,3,3,3,15.0,1
2010,Belgian Grand Prix,Sebastian Vettel,Red Bull,4,4,15,0.0,11
2010,Belgian Grand Prix,Jenson Button,McLaren,5,5,22,0.0,4
2010,Belgian Grand Prix,Felipe Massa,Ferrari,6,6,4,12.0,1
2010,Belgian Grand Prix,Rubens Barrichello,Williams,7,7,24,0.0,4
2010,Belgian Grand Prix,Adrian Sutil,Force India,8,8,5,10.0,1
2010,Belgian Grand Prix,Nico Hülkenberg,Williams,9,9,14,0.0,11
2010,Belgian Grand Prix,Fernando Alonso,Ferrari,10,10,21,0.0,3
2010,Belgian Grand Prix,Michael Schumacher,Mercedes,11,21,7,6.0,1
2010,Belgian Grand Prix,Nico Rosberg,Mercedes,12,14,6,8.0,1
2010,Belgian Grand Prix,Jaime Alguersuari,Toro Rosso,13,11,13,0.0,1
2010,Belgian Grand Prix,Vitantonio Liuzzi,Force India,14,12,10,1.0,1
2010,Belgian Grand Prix,Sébastien Buemi,Toro Rosso,15,16,12,0.0,1
2010,Belgian Grand Prix,Heikki Kovalainen,Lotus,16,13,16,0.0,11
2010,Belgian Grand Prix,Timo Glock,Virgin,17,20,18,0.0,11
2010,Belgian Grand Prix,Jarno Trulli,Lotus,18,15,19,0.0,11
2010,Belgian Grand Prix,Kamui Kobayashi,Sauber,19,17,8,4.0,1
2010,Belgian Grand Prix,Bruno Senna,HRT,20,18,23,0.0,31
2010,Belgian Grand Prix,Sakon Yamamoto,HRT,21,19,20,0.0,12
2010,Belgian Grand Prix,Pedro de la Rosa,Sauber,22,24,11,0.0,1
2010,Belgian Grand Prix,Lucas di Grassi,Virgin,23,22,17,0.0,11
2010,Belgian Grand Prix,Vitaly Petrov,Renault,24,23,9,2.0,1
2010,Italian Grand Prix,Fernando Alonso,Ferrari,1,1,1,25.0,1
2010,Italian Grand Prix,Jenson Button,McLaren,2,2,2,18.0,1
2010,Italian Grand Prix,Felipe Massa,Ferrari,3,3,3,15.0,1
2010,Italian Grand Prix,Mark Webber,Red Bull,4,4,6,8.0,1
2010,Italian Grand Prix,Lewis Hamilton,McLaren,5,5,23,0.0,4
2010,Italian Grand Prix,Sebastian Vettel,Red Bull,6,6,4,12.0,1
2010,Italian Grand Prix,Nico Rosberg,Mercedes,7,7,5,10.0,1
2010,Italian Grand Prix,Nico Hülkenberg,Williams,8,8,7,6.0,1
2010,Italian Grand Prix,Robert Kubica,Renault,9,9,8,4.0,1
2010,Italian Grand Prix,Rubens Barrichello,Williams,10,10,10,1.0,1
2010,Italian Grand Prix,Adrian Sutil,Force India,11,11,16,0.0,11
2010,Italian Grand Prix,Michael Schumacher,Mercedes,12,12,9,2.0,1
2010,Italian Grand Prix,Kamui Kobayashi,Sauber,13,13,24,0.0,6
2010,Italian Grand Prix,Sébastien Buemi,Toro Rosso,14,14,11,0.0,1
2010,Italian Grand Prix,Vitaly Petrov,Renault,15,20,13,0.0,1
2010,Italian Grand Prix,Jaime Alguersuari,Toro Rosso,16,15,15,0.0,11
2010,Italian Grand Prix,Pedro de la Rosa,Sauber,17,16,14,0.0,11
2010,Italian Grand Prix,Jarno Trulli,Lotus,18,17,21,0.0,5
2010,Italian Grand Prix,Heikki Kovalainen,Lotus,19,18,18,0.0,12
2010,Italian Grand Prix,Vitantonio Liuzzi,Force India,20,19,12,0.0,1
2010,Italian Grand Prix,Timo Glock,Virgin,21,24,17,0.0,12
2010,Italian Grand Prix,Lucas di Grassi,Virgin,22,21,20,0.0,13
2010,Italian Grand Prix,Bruno Senna,HRT,23,22,22,0.0,31
2010,Italian Grand Prix,Sakon Yamamoto,HRT,24,23,19,0.0,12
2010,Singapore Grand Prix,Fernando Alonso,Ferrari,1,1,1,25.0,1
2010,Singapore Grand Prix,Sebastian Vettel,Red Bull,2,2,2,18.0,1
2010,Singapore Grand Prix,Lewis Hamilton,McLaren,3,3,19,0.0,4
2010,Singapore Grand Prix,Jenson Button,McLaren,4,4,4,12.0,1
2010,Singapore Grand Prix,Mark Webber,Red Bull,5,5,3,15.0,1
2010,Singapore Grand Prix,Rubens Barrichello,Williams,6,6,6,8.0,1
2010,Singapore Grand Prix,Nico Rosberg,Mercedes,7,7,5,10.0,1
2010,Singapore Grand Prix,Robert Kubica,Renault,8,8,7,6.0,1
2010,Singapore Grand Prix,Michael Schumacher,Mercedes,9,9,13,0.0,11
2010,Singapore Grand Prix,Kamui Kobayashi,Sauber,10,10,21,0.0,3
2010,Singapore Grand Prix,Jaime Alguersuari,Toro Rosso,11,11,12,0.0,11
2010,Singapore Grand Prix,Nico Hülkenberg,Williams,12,17,10,1.0,1
2010,Singapore Grand Prix,Vitaly Petrov,Renault,13,12,11,0.0,11
2010,Singapore Grand Prix,Sébastien Buemi,Toro Rosso,14,13,14,0.0,11
2010,Singapore Grand Prix,Nick Heidfeld,Sauber,15,14,18,0.0,4
2010,Singapore Grand Prix,Adrian Sutil,Force India,16,15,9,2.0,1
2010,Singapore Grand Prix,Vitantonio Liuzzi,Force India,17,16,24,0.0,4
2010,Singapore Grand Prix,Timo Glock,Virgin,18,18,17,0.0,9
2010,Singapore Grand Prix,Heikki Kovalainen,Lotus,19,19,16,0.0,5
2010,Singapore Grand Prix,Lucas di Grassi,Virgin,20,20,15,0.0,12
2010,Singapore Grand Prix,Jarno Trulli,Lotus,21,21,23,0.0,9
2010,Singapore Grand Prix,Christian Klien,HRT,22,22,20,0.0,9
2010,Singapore Grand Prix,Bruno Senna,HRT,23,23,22,0.0,3
2010,Singapore Grand Prix,Felipe Massa,Ferrari,24,24,8,4.0,1
2010,Japanese Grand Prix,Sebastian Vettel,Red Bull,1,1,1,25.0,1
2010,Japanese Grand Prix,Mark Webber,Red Bull,2,2,2,18.0,1
2010,Japanese Grand Prix,Lewis Hamilton,McLaren,3,8,5,10.0,1
2010,Japanese Grand Prix,Robert Kubica,Renault,4,3,19,0.0,36
2010,Japanese Grand Prix,Fernando Alonso,Ferrari,5,4,3,15.0,1
2010,Japanese Grand Prix,Jenson Button,McLaren,6,5,4,12.0,1
2010,Japanese Grand Prix,Nico Rosberg,Mercedes,7,6,17,0.0,22
2010,Japanese Grand Prix,Rubens Barrichello,Williams,8,7,9,2.0,1
2010,Japanese Grand Prix,Nico Hülkenberg,Williams,9,9,20,0.0,3
2010,Japanese Grand Prix,Michael Schumacher,Mercedes,10,10,6,8.0,1
2010,Japanese Grand Prix,Nick Heidfeld,Sauber,11,11,8,4.0,1
2010,Japanese Grand Prix,Felipe Massa,Ferrari,12,12,21,0.0,3
2010,Japanese Grand Prix,Vitaly Petrov,Renault,13,13,22,0.0,3
2010,Japanese Grand Prix,Kamui Kobayashi,Sauber,14,14,7,6.0,1
2010,Japanese Grand Prix,Adrian Sutil,Force India,15,15,18,0.0,44
2010,Japanese Grand Prix,Jaime Alguersuari,Toro Rosso,16,16,11,0.0,11
2010,Japanese Grand Prix,Vitantonio Liuzzi,Force India,17,17,23,0.0,3
2010,Japanese Grand Prix,Sébastien Buemi,Toro Rosso,18,18,10,1.0,1
2010,Japanese Grand Prix,Jarno Trulli,Lotus,19,19,13,0.0,12
2010,Japanese Grand Prix,Heikki Kovalainen,Lotus,20,20,12,0.0,11
2010,Japanese Grand Prix,Lucas di Grassi,Virgin,21,21,24,0.0,22
2010,Japanese Grand Prix,Timo Glock,Virgin,22,22,14,0.0,12
2010,Japanese Grand Prix,Bruno Senna,HRT,23,23,15,0.0,12
2010,Japanese Grand Prix,Sakon Yamamoto,HRT,24,24,16,0.0,13
2010,Korean Grand Prix,Sebastian Vettel,Red Bull,1,1,17,0.0,5
2010,Korean Grand Prix,Mark Webber,Red Bull,2,2,23,0.0,3
2010,Korean Grand Prix,Fernando Alonso,Ferrari,3,3,1,25.0,1
2010,Korean Grand Prix,Lewis Hamilton,McLaren,4,4,2,18.0,1
2010,Korean Grand Prix,Nico Rosberg,Mercedes,5,5,24,0.0,4
2010,Korean Grand Prix,Felipe Massa,Ferrari,6,6,3,15.0,1
2010,Korean Grand Prix,Jenson Button,McLaren,7,7,12,0.0,1
2010,Korean Grand Prix,Robert Kubica,Renault,8,8,5,10.0,1
2010,Korean Grand Prix,Michael Schumacher,Mercedes,9,9,4,12.0,1
2010,Korean Grand Prix,Rubens Barrichello,Williams,10,10,7,6.0,1
2010,Korean Grand Prix,Nico Hülkenberg,Williams,11,11,10,1.0,1
2010,Korean Grand Prix,Kamui Kobayashi,Sauber,12,12,8,4.0,1
2010,Korean Grand Prix,Nick Heidfeld,Sauber,13,13,9,2.0,1
2010,Korean Grand Prix,Adrian Sutil,Force India,14,14,16,0.0,4
2010,Korean Grand Prix,Vitaly Petrov,Renault,15,20,18,0.0,3
2010,Korean Grand Prix,Jaime Alguersuari,Toro Rosso,16,15,11,0.0,1
2010,Korean Grand Prix,Sébastien Buemi,Toro Rosso,17,16,20,0.0,4
2010,Korean Grand Prix,Vitantonio Liuzzi,Force India,18,17,6,8.0,1
2010,Korean Grand Prix,Jarno Trulli,Lotus,19,18,22,0.0,9
2010,Korean Grand Prix,Timo Glock,Virgin,20,19,19,0.0,4
2010,Korean Grand Prix,Heikki Kovalainen,Lotus,21,21,13,0.0,11
2010,Korean Grand Prix,Lucas di Grassi,Virgin,22,22,21,0.0,3
2010,Korean Grand Prix,Sakon Yamamoto,HRT,23,23,15,0.0,12
2010,Korean Grand Prix,Bruno Senna,HRT,24,24,14,0.0,12
2010,Brazilian Grand Prix,Nico Hülkenberg,Williams,1,1,8,4.0,11
2010,Brazilian Grand Prix,Sebastian Vettel,Red Bull,2,2,1,25.0,1
2010,Brazilian Grand Prix,Mark Webber,Red Bull,3,3,2,18.0,1
2010,Brazilian Grand Prix,Lewis Hamilton,McLaren,4,4,4,12.0,1
2010,Brazilian Grand Prix,Fernando Alonso,Ferrari,5,5,3,15.0,1
2010,Brazilian Grand Prix,Rubens Barrichello,Williams,6,6,14,0.0,11
2010,Brazilian Grand Prix,Robert Kubica,Renault,7,7,9,2.0,11
2010,Brazilian Grand Prix,Michael Schumacher,Mercedes,8,8,7,6.0,1
2010,Brazilian Grand Prix,Felipe Massa,Ferrari,9,9,15,0.0,11
2010,Brazilian Grand Prix,Vitaly Petrov,Renault,10,10,16,0.0,11
2010,Brazilian Grand Prix,Jenson Button,McLaren,11,11,5,10.0,1
2010,Brazilian Grand Prix,Kamui Kobayashi,Sauber,12,12,10,1.0,11
2010,Brazilian Grand Prix,Nico Rosberg,Mercedes,13,13,6,8.0,1
2010,Brazilian Grand Prix,Jaime Alguersuari,Toro Rosso,14,14,11,0.0,11
2010,Brazilian Grand Prix,Sébastien Buemi,Toro Rosso,15,19,13,0.0,11
2010,Brazilian Grand Prix,Nick Heidfeld,Sauber,16,15,17,0.0,11
2010,Brazilian Grand Prix,Vitantonio Liuzzi,Force India,17,16,24,0.0,3
2010,Brazilian Grand Prix,Adrian Sutil,Force India,18,22,12,0.0,11
2010,Brazilian Grand Prix,Timo Glock,Virgin,19,17,20,0.0,12
2010,Brazilian Grand Prix,Jarno Trulli,Lotus,20,18,19,0.0,12
2010,Brazilian Grand Prix,Heikki Kovalainen,Lotus,21,20,18,0.0,12
2010,Brazilian Grand Prix,Lucas di Grassi,Virgin,22,21,23,0.0,19
2010,Brazilian Grand Prix,Christian Klien,HRT,23,23,22,0.0,16
2010,Brazilian Grand Prix,Bruno Senna,HRT,24,24,21,0.0,12
2010,Abu Dhabi Grand Prix,Sebastian Vettel,Red Bull,1,1,1,25.0,1
2010,Abu Dhabi Grand Prix,Lewis Hamilton,McLaren,2,2,2,18.0,1
2010,Abu Dhabi Grand Prix,Fernando Alonso,Ferrari,3,3,7,6.0,1
2010,Abu Dhabi Grand Prix,Jenson Button,McLaren,4,4,3,15.0,1
2010,Abu Dhabi Grand Prix,Mark Webber,Red Bull,5,5,8,4.0,1
2010,Abu Dhabi Grand Prix,Felipe Massa,Ferrari,6,6,10,1.0,1
2010,Abu Dhabi Grand Prix,Rubens Barrichello,Williams,7,7,12,0.0,1
2010,Abu Dhabi Grand Prix,Michael Schumacher,Mercedes,8,8,23,0.0,4
2010,Abu Dhabi Grand Prix,Nico Rosberg,Mercedes,9,9,4,12.0,1
2010,Abu Dhabi Grand Prix,Vitaly Petrov,Renault,10,10,6,8.0,1
2010,Abu Dhabi Grand Prix,Robert Kubica,Renault,11,11,5,10.0,1
2010,Abu Dhabi Grand Prix,Kamui Kobayashi,Sauber,12,12,14,0.0,1
2010,Abu Dhabi Grand Prix,Adrian Sutil,Force India,13,13,13,0.0,1
2010,Abu Dhabi Grand Prix,Nick Heidfeld,Sauber,14,14,11,0.0,1
2010,Abu Dhabi Grand Prix,Nico Hülkenberg,Williams,15,15,16,0.0,1
2010,Abu Dhabi Grand Prix,Vitantonio Liuzzi,Force India,16,16,24,0.0,4
2010,Abu Dhabi Grand Prix,Jaime Alguersuari,Toro Rosso,17,17,9,2.0,1
2010,Abu Dhabi Grand Prix,Sébastien Buemi,Toro Rosso,18,18,15,0.0,1
2010,Abu Dhabi Grand Prix,Jarno Trulli,Lotus,19,19,21,0.0,65
2010,Abu Dhabi Grand Prix,Heikki Kovalainen,Lotus,20,20,17,0.0,11
2010,Abu Dhabi Grand Prix,Timo Glock,Virgin,21,21,22,0.0,6
2010,Abu Dhabi Grand Prix,Lucas di Grassi,Virgin,22,22,18,0.0,12
2010,Abu Dhabi Grand Prix,Bruno Senna,HRT,23,23,19,0.0,12
2010,Abu Dhabi Grand Prix,Christian Klien,HRT,24,24,20,0.0,12
2003,Australian Grand Prix,Michael Schumacher,Ferrari,1,1,4,5.0,1
2003,Australian Grand Prix,Rubens Barrichello,Ferrari,2,2,20,0.0,3
2003,Australian Grand Prix,Juan Pablo Montoya,Williams,3,3,2,8.0,1
2003,Australian Grand Prix,Heinz-Harald Frentzen,Sauber,4,4,6,3.0,1
2003,Australian Grand Prix,Olivier Panis,Toyota,5,5,14,0.0,32
2003,Australian Grand Prix,Jacques Villeneuve,BAR,6,6,9,0.0,1
2003,Australian Grand Prix,Nick Heidfeld,Sauber,7,7,15,0.0,22
2003,Australian Grand Prix,Jenson Button,BAR,8,8,10,0.0,1
2003,Australian Grand Prix,Ralf Schumacher,Williams,9,9,8,1.0,1
2003,Australian Grand Prix,Fernando Alonso,Renault,10,10,7,2.0,1
2003,Australian Grand Prix,David Coulthard,McLaren,11,11,1,10.0,1
2003,Australian Grand Prix,Jarno Trulli,Renault,12,12,5,4.0,1
2003,Australian Grand Prix,Giancarlo Fisichella,Jordan,13,13,12,0.0,6
2003,Australian Grand Prix,Mark Webber,Jaguar,14,14,17,0.0,22
2003,Australian Grand Prix,Kimi Räikkönen,McLaren,15,15,3,6.0,1
2003,Australian Grand Prix,Cristiano da Matta,Toyota,16,16,18,0.0,20
2003,Australian Grand Prix,Ralph Firman,Jordan,17,17,19,0.0,3
2003,Australian Grand Prix,Antônio Pizzonia,Jaguar,18,18,13,0.0,22
2003,Australian Grand Prix,Justin Wilson,Minardi,19,19,16,0.0,21
2003,Australian Grand Prix,Jos Verstappen,Minardi,20,20,11,0.0,11
2003,Brazilian Grand Prix,Rubens Barrichello,Ferrari,1,1,11,0.0,69
2003,Brazilian Grand Prix,David Coulthard,McLaren,2,2,4,5.0,1
2003,Brazilian Grand Prix,Mark Webber,Jaguar,3,3,9,0.0,3
2003,Brazilian Grand Prix,Kimi Räikkönen,McLaren,4,4,2,8.0,1
2003,Brazilian Grand Prix,Jarno Trulli,Renault,5,5,8,1.0,1
2003,Brazilian Grand Prix,Ralf Schumacher,Williams,6,6,7,2.0,1
2003,Brazilian Grand Prix,Michael Schumacher,Ferrari,7,7,14,0.0,3
2003,Brazilian Grand Prix,Giancarlo Fisichella,Jordan,8,8,1,10.0,1
2003,Brazilian Grand Prix,Juan Pablo Montoya,Williams,9,9,15,0.0,3
2003,Brazilian Grand Prix,Fernando Alonso,Renault,10,10,3,6.0,1
2003,Brazilian Grand Prix,Jenson Button,BAR,11,11,12,0.0,3
2003,Brazilian Grand Prix,Nick Heidfeld,Sauber,12,12,20,0.0,5
2003,Brazilian Grand Prix,Jacques Villeneuve,BAR,13,13,6,3.0,1
2003,Brazilian Grand Prix,Heinz-Harald Frentzen,Sauber,14,14,5,4.0,1
2003,Brazilian Grand Prix,Olivier Panis,Toyota,15,15,17,0.0,4
2003,Brazilian Grand Prix,Ralph Firman,Jordan,16,16,18,0.0,22
2003,Brazilian Grand Prix,Antônio Pizzonia,Jaguar,17,17,16,0.0,3
2003,Brazilian Grand Prix,Cristiano da Matta,Toyota,18,18,10,0.0,11
2003,Brazilian Grand Prix,Jos Verstappen,Minardi,19,19,13,0.0,20
2003,Brazilian Grand Prix,Justin Wilson,Minardi,20,20,19,0.0,20
2003,San Marino Grand Prix,Michael Schumacher,Ferrari,1,1,1,10.0,1
2003,San Marino Grand Prix,Ralf Schumacher,Williams,2,2,4,5.0,1
2003,San Marino Grand Prix,Rubens Barrichello,Ferrari,3,3,3,6.0,1
2003,San Marino Grand Prix,Juan Pablo Montoya,Williams,4,4,7,2.0,1
2003,San Marino Grand Prix,Mark Webber,Jaguar,5,5,16,0.0,30
2003,San Marino Grand Prix,Kimi Räikkönen,McLaren,6,6,2,8.0,1
2003,San Marino Grand Prix,Jacques Villeneuve,BAR,7,7,20,0.0,5
2003,San Marino Grand Prix,Fernando Alonso,Renault,8,8,6,3.0,1
2003,San Marino Grand Prix,Jenson Button,BAR,9,9,8,1.0,11
2003,San Marino Grand Prix,Olivier Panis,Toyota,10,10,9,0.0,11
2003,San Marino Grand Prix,Nick Heidfeld,Sauber,11,11,10,0.0,11
2003,San Marino Grand Prix,David Coulthard,McLaren,12,12,5,4.0,1
2003,San Marino Grand Prix,Cristiano da Matta,Toyota,13,13,12,0.0,11
2003,San Marino Grand Prix,Heinz-Harald Frentzen,Sauber,14,14,11,0.0,11
2003,San Marino Grand Prix,Antônio Pizzonia,Jaguar,15,15,14,0.0,12
2003,San Marino Grand Prix,Jarno Trulli,Renault,16,16,13,0.0,11
2003,San Marino Grand Prix,Giancarlo Fisichella,Jordan,17,17,15,0.0,15
2003,San Marino Grand Prix,Justin Wilson,Minardi,18,18,19,0.0,71
2003,San Marino Grand Prix,Ralph Firman,Jordan,19,19,17,0.0,70
2003,San Marino Grand Prix,Jos Verstappen,Minardi,20,20,18,0.0,10
2003,Spanish Grand Prix,Michael Schumacher,Ferrari,1,1,1,10.0,1
2003,Spanish Grand Prix,Rubens Barrichello,Ferrari,2,2,3,6.0,1
2003,Spanish Grand Prix,Fernando Alonso,Renault,3,3,2,8.0,1
2003,Spanish Grand Prix,Jarno Trulli,Renault,4,4,18,0.0,4
2003,Spanish Grand Prix,Jenson Button,BAR,5,5,9,0.0,12
2003,Spanish Grand Prix,Olivier Panis,Toyota,6,6,14,0.0,6
2003,Spanish Grand Prix,Ralf Schumacher,Williams,7,7,5,4.0,11
2003,Spanish Grand Prix,David Coulthard,McLaren,8,8,16,0.0,4
2003,Spanish Grand Prix,Juan Pablo Montoya,Williams,9,9,4,5.0,1
2003,Spanish Grand Prix,Heinz-Harald Frentzen,Sauber,10,10,15,0.0,22
2003,Spanish Grand Prix,Jacques Villeneuve,BAR,11,11,17,0.0,10
2003,Spanish Grand Prix,Mark Webber,Jaguar,12,12,7,2.0,11
2003,Spanish Grand Prix,Cristiano da Matta,Toyota,13,13,6,3.0,11
2003,Spanish Grand Prix,Nick Heidfeld,Sauber,14,14,10,0.0,12
2003,Spanish Grand Prix,Ralph Firman,Jordan,15,15,8,1.0,12
2003,Spanish Grand Prix,Antônio Pizzonia,Jaguar,16,16,19,0.0,72
2003,Spanish Grand Prix,Giancarlo Fisichella,Jordan,17,17,13,0.0,5
2003,Spanish Grand Prix,Justin Wilson,Minardi,18,18,11,0.0,12
2003,Spanish Grand Prix,Jos Verstappen,Minardi,19,19,12,0.0,13
2003,Spanish Grand Prix,Kimi Räikkönen,McLaren,20,20,20,0.0,4
2003,Austrian Grand Prix,Michael Schumacher,Ferrari,1,1,1,10.0,1
2003,Austrian Grand Prix,Kimi Räikkönen,McLaren,2,2,2,8.0,1
2003,Austrian Grand Prix,Juan Pablo Montoya,Williams,3,3,17,0.0,5
2003,Austrian Grand Prix,Nick Heidfeld,Sauber,4,4,15,0.0,5
2003,Austrian Grand Prix,Rubens Barrichello,Ferrari,5,5,3,6.0,1
2003,Austrian Grand Prix,Jarno Trulli,Renault,6,6,8,1.0,11
2003,Austrian Grand Prix,Jenson Button,BAR,7,7,4,5.0,1
2003,Austrian Grand Prix,Antônio Pizzonia,Jaguar,8,8,9,0.0,11
2003,Austrian Grand Prix,Giancarlo Fisichella,Jordan,9,9,14,0.0,69
2003,Austrian Grand Prix,Ralf Schumacher,Williams,10,10,6,3.0,11
2003,Austrian Grand Prix,Olivier Panis,Toyota,11,11,18,0.0,22
2003,Austrian Grand Prix,Jacques Villeneuve,BAR,12,12,12,0.0,11
2003,Austrian Grand Prix,Cristiano da Matta,Toyota,13,13,10,0.0,11
2003,Austrian Grand Prix,David Coulthard,McLaren,14,14,5,4.0,1
2003,Austrian Grand Prix,Heinz-Harald Frentzen,Sauber,15,15,20,0.0,8
2003,Austrian Grand Prix,Ralph Firman,Jordan,16,16,11,0.0,11
2003,Austrian Grand Prix,Mark Webber,Jaguar,17,17,7,2.0,11
2003,Austrian Grand Prix,Justin Wilson,Minardi,18,18,13,0.0,12
2003,Austrian Grand Prix,Fernando Alonso,Renault,19,19,16,0.0,5
2003,Austrian Grand Prix,Jos Verstappen,Minardi,20,20,19,0.0,8
2003,Monaco Grand Prix,Ralf Schumacher,Williams,1,1,4,5.0,1
2003,Monaco Grand Prix,Kimi Räikkönen,McLaren,2,2,2,8.0,1
2003,Monaco Grand Prix,Juan Pablo Montoya,Williams,3,3,1,10.0,1
2003,Monaco Grand Prix,Jarno Trulli,Renault,4,4,6,3.0,1
2003,Monaco Grand Prix,Michael Schumacher,Ferrari,5,5,3,6.0,1
2003,Monaco Grand Prix,David Coulthard,McLaren,6,6,7,2.0,1
2003,Monaco Grand Prix,Rubens Barrichello,Ferrari,7,7,8,1.0,1
2003,Monaco Grand Prix,Fernando Alonso,Renault,8,8,5,4.0,1
2003,Monaco Grand Prix,Mark Webber,Jaguar,9,9,17,0.0,9
2003,Monaco Grand Prix,Cristiano da Matta,Toyota,10,10,9,0.0,11
2003,Monaco Grand Prix,Jacques Villeneuve,BAR,11,11,14,0.0,5
2003,Monaco Grand Prix,Giancarlo Fisichella,Jordan,12,12,10,0.0,11
2003,Monaco Grand Prix,Antônio Pizzonia,Jaguar,13,13,18,0.0,10
2003,Monaco Grand Prix,Nick Heidfeld,Sauber,14,14,11,0.0,12
2003,Monaco Grand Prix,Heinz-Harald Frentzen,Sauber,15,15,19,0.0,3
2003,Monaco Grand Prix,Ralph Firman,Jordan,16,16,12,0.0,12
2003,Monaco Grand Prix,Olivier Panis,Toyota,17,17,13,0.0,14
2003,Monaco Grand Prix,Jos Verstappen,Minardi,18,18,16,0.0,69
2003,Monaco Grand Prix,Justin Wilson,Minardi,19,19,15,0.0,69
2003,Canadian Grand Prix,Ralf Schumacher,Williams,1,1,2,8.0,1
2003,Canadian Grand Prix,Juan Pablo Montoya,Williams,2,2,3,6.0,1
2003,Canadian Grand Prix,Michael Schumacher,Ferrari,3,3,1,10.0,1
2003,Canadian Grand Prix,Fernando Alonso,Renault,4,4,4,5.0,1
2003,Canadian Grand Prix,Rubens Barrichello,Ferrari,5,5,5,4.0,1
2003,Canadian Grand Prix,Mark Webber,Jaguar,6,6,7,2.0,11
2003,Canadian Grand Prix,Olivier Panis,Toyota,7,7,8,1.0,11
2003,Canadian Grand Prix,Jarno Trulli,Renault,8,8,16,0.0,3
2003,Canadian Grand Prix,Cristiano da Matta,Toyota,9,9,11,0.0,16
2003,Canadian Grand Prix,Heinz-Harald Frentzen,Sauber,10,10,20,0.0,40
2003,Canadian Grand Prix,David Coulthard,McLaren,11,11,14,0.0,6
2003,Canadian Grand Prix,Nick Heidfeld,Sauber,12,12,15,0.0,5
2003,Canadian Grand Prix,Antônio Pizzonia,Jaguar,13,13,10,0.0,14
2003,Canadian Grand Prix,Jacques Villeneuve,BAR,14,14,19,0.0,23
2003,Canadian Grand Prix,Jos Verstappen,Minardi,15,15,9,0.0,12
2003,Canadian Grand Prix,Giancarlo Fisichella,Jordan,16,16,17,0.0,6
2003,Canadian Grand Prix,Jenson Button,BAR,17,17,13,0.0,6
2003,Canadian Grand Prix,Justin Wilson,Minardi,18,18,12,0.0,6
2003,Canadian Grand Prix,Ralph Firman,Jordan,19,19,18,0.0,5
2003,Canadian Grand Prix,Kimi Räikkönen,McLaren,20,20,6,3.0,1
2003,European Grand Prix,Kimi Räikkönen,McLaren,1,1,20,0.0,5
2003,European Grand Prix,Michael Schumacher,Ferrari,2,2,5,4.0,1
2003,European Grand Prix,Ralf Schumacher,Williams,3,3,1,10.0,1
2003,European Grand Prix,Juan Pablo Montoya,Williams,4,4,2,8.0,1
2003,European Grand Prix,Rubens Barrichello,Ferrari,5,5,3,6.0,1
2003,European Grand Prix,Jarno Trulli,Renault,6,6,18,0.0,32
2003,European Grand Prix,Olivier Panis,Toyota,7,7,19,0.0,20
2003,European Grand Prix,Fernando Alonso,Renault,8,8,4,5.0,1
2003,European Grand Prix,David Coulthard,McLaren,9,9,15,0.0,14
2003,European Grand Prix,Cristiano da Matta,Toyota,10,10,16,0.0,5
2003,European Grand Prix,Mark Webber,Jaguar,11,11,6,3.0,11
2003,European Grand Prix,Jenson Button,BAR,12,12,7,2.0,11
2003,European Grand Prix,Giancarlo Fisichella,Jordan,13,13,12,0.0,12
2003,European Grand Prix,Ralph Firman,Jordan,14,14,11,0.0,12
2003,European Grand Prix,Heinz-Harald Frentzen,Sauber,15,15,9,0.0,11
2003,European Grand Prix,Antônio Pizzonia,Jaguar,16,16,10,0.0,11
2003,European Grand Prix,Jacques Villeneuve,BAR,17,17,17,0.0,6
2003,European Grand Prix,Jos Verstappen,Minardi,18,18,14,0.0,13
2003,European Grand Prix,Justin Wilson,Minardi,19,19,13,0.0,12
2003,European Grand Prix,Nick Heidfeld,Sauber,20,20,8,1.0,11
2003,French Grand Prix,Ralf Schumacher,Williams,1,1,1,10.0,1
2003,French Grand Prix,Juan Pablo Montoya,Williams,2,2,2,8.0,1
2003,French Grand Prix,Michael Schumacher,Ferrari,3,3,3,6.0,1
2003,French Grand Prix,Kimi Räikkönen,McLaren,4,4,4,5.0,1
2003,French Grand Prix,David Coulthard,McLaren,5,5,5,4.0,1
2003,French Grand Prix,Jarno Trulli,Renault,6,6,17,0.0,5
2003,French Grand Prix,Fernando Alonso,Renault,7,7,18,0.0,5
2003,French Grand Prix,Rubens Barrichello,Ferrari,8,8,7,2.0,11
2003,French Grand Prix,Mark Webber,Jaguar,9,9,6,3.0,1
2003,French Grand Prix,Olivier Panis,Toyota,10,10,8,1.0,11
2003,French Grand Prix,Antônio Pizzonia,Jaguar,11,11,10,0.0,11
2003,French Grand Prix,Jacques Villeneuve,BAR,12,12,9,0.0,11
2003,French Grand Prix,Cristiano da Matta,Toyota,13,13,11,0.0,11
2003,French Grand Prix,Jenson Button,BAR,14,14,20,0.0,74
2003,French Grand Prix,Nick Heidfeld,Sauber,15,15,13,0.0,12
2003,French Grand Prix,Heinz-Harald Frentzen,Sauber,16,16,12,0.0,12
2003,French Grand Prix,Giancarlo Fisichella,Jordan,17,17,19,0.0,5
2003,French Grand Prix,Ralph Firman,Jordan,18,18,15,0.0,13
2003,French Grand Prix,Jos Verstappen,Minardi,19,19,16,0.0,14
2003,French Grand Prix,Justin Wilson,Minardi,20,20,14,0.0,13
2003,British Grand Prix,Rubens Barrichello,Ferrari,1,1,1,10.0,1
2003,British Grand Prix,Jarno Trulli,Renault,2,2,6,3.0,1
2003,British Grand Prix,Kimi Räikkönen,McLaren,3,3,3,6.0,1
2003,British Grand Prix,Ralf Schumacher,Williams,4,4,9,0.0,1
2003,British Grand Prix,Michael Schumacher,Ferrari,5,5,4,5.0,1
2003,British Grand Prix,Cristiano da Matta,Toyota,6,6,7,2.0,1
2003,British Grand Prix,Juan Pablo Montoya,Williams,7,7,2,8.0,1
2003,British Grand Prix,Fernando Alonso,Renault,8,8,18,0.0,6
2003,British Grand Prix,Jacques Villeneuve,BAR,9,9,10,0.0,1
2003,British Grand Prix,Antônio Pizzonia,Jaguar,10,10,20,0.0,5
2003,British Grand Prix,Mark Webber,Jaguar,11,11,14,0.0,11
2003,British Grand Prix,David Coulthard,McLaren,12,12,5,4.0,1
2003,British Grand Prix,Olivier Panis,Toyota,13,13,11,0.0,1
2003,British Grand Prix,Heinz-Harald Frentzen,Sauber,14,14,12,0.0,1
2003,British Grand Prix,Giancarlo Fisichella,Jordan,15,15,19,0.0,22
2003,British Grand Prix,Nick Heidfeld,Sauber,16,16,17,0.0,12
2003,British Grand Prix,Ralph Firman,Jordan,17,17,13,0.0,11
2003,British Grand Prix,Justin Wilson,Minardi,18,18,16,0.0,12
2003,British Grand Prix,Jos Verstappen,Minardi,19,19,15,0.0,12
2003,British Grand Prix,Jenson Button,BAR,20,20,8,1.0,1
2003,German Grand Prix,Juan Pablo Montoya,Williams,1,1,1,10.0,1
2003,German Grand Prix,Ralf Schumacher,Williams,2,2,16,0.0,3
2003,German Grand Prix,Rubens Barrichello,Ferrari,3,3,18,0.0,3
2003,German Grand Prix,Jarno Trulli,Renault,4,4,3,6.0,1
2003,German Grand Prix,Kimi Räikkönen,McLaren,5,5,19,0.0,3
2003,German Grand Prix,Michael Schumacher,Ferrari,6,6,7,2.0,11
2003,German Grand Prix,Olivier Panis,Toyota,7,7,5,4.0,11
2003,German Grand Prix,Fernando Alonso,Renault,8,8,4,5.0,1
2003,German Grand Prix,Cristiano da Matta,Toyota,9,9,6,3.0,11
2003,German Grand Prix,David Coulthard,McLaren,10,10,2,8.0,1
2003,German Grand Prix,Mark Webber,Jaguar,11,11,11,0.0,3
2003,German Grand Prix,Giancarlo Fisichella,Jordan,12,13,13,0.0,5
2003,German Grand Prix,Jacques Villeneuve,BAR,13,13,9,0.0,12
2003,German Grand Prix,Heinz-Harald Frentzen,Sauber,14,14,17,0.0,3
2003,German Grand Prix,Nick Heidfeld,Sauber,15,15,10,0.0,12
2003,German Grand Prix,Justin Wilson,Jaguar,16,16,15,0.0,6
2003,German Grand Prix,Jenson Button,BAR,17,17,8,1.0,11
2003,German Grand Prix,Ralph Firman,Jordan,18,18,20,0.0,3
2003,German Grand Prix,Jos Verstappen,Minardi,19,19,14,0.0,9
2003,German Grand Prix,Nicolas Kiesa,Minardi,20,20,12,0.0,15
2003,Hungarian Grand Prix,Fernando Alonso,Renault,1,1,1,10.0,1
2003,Hungarian Grand Prix,Ralf Schumacher,Williams,2,2,4,5.0,1
2003,Hungarian Grand Prix,Mark Webber,Jaguar,3,3,6,3.0,1
2003,Hungarian Grand Prix,Juan Pablo Montoya,Williams,4,4,3,6.0,1
2003,Hungarian Grand Prix,Rubens Barrichello,Ferrari,5,5,19,0.0,22
2003,Hungarian Grand Prix,Jarno Trulli,Renault,6,6,7,2.0,11
2003,Hungarian Grand Prix,Kimi Räikkönen,McLaren,7,7,2,8.0,1
2003,Hungarian Grand Prix,Michael Schumacher,Ferrari,8,8,8,1.0,11
2003,Hungarian Grand Prix,David Coulthard,McLaren,9,9,5,4.0,1
2003,Hungarian Grand Prix,Olivier Panis,Toyota,10,10,17,0.0,6
2003,Hungarian Grand Prix,Nick Heidfeld,Sauber,11,11,9,0.0,11
2003,Hungarian Grand Prix,Justin Wilson,Jaguar,12,12,15,0.0,5
2003,Hungarian Grand Prix,Giancarlo Fisichella,Jordan,13,13,18,0.0,5
2003,Hungarian Grand Prix,Jenson Button,BAR,14,14,10,0.0,11
2003,Hungarian Grand Prix,Cristiano da Matta,Toyota,15,15,11,0.0,12
2003,Hungarian Grand Prix,Jacques Villeneuve,BAR,16,16,20,0.0,9
2003,Hungarian Grand Prix,Heinz-Harald Frentzen,Sauber,17,17,14,0.0,60
2003,Hungarian Grand Prix,Jos Verstappen,Minardi,18,18,12,0.0,13
2003,Hungarian Grand Prix,Zsolt Baumgartner,Jordan,19,19,16,0.0,5
2003,Hungarian Grand Prix,Nicolas Kiesa,Minardi,20,20,13,0.0,14
2003,Italian Grand Prix,Michael Schumacher,Ferrari,1,1,1,10.0,1
2003,Italian Grand Prix,Juan Pablo Montoya,Williams,2,2,2,8.0,1
2003,Italian Grand Prix,Rubens Barrichello,Ferrari,3,3,3,6.0,1
2003,Italian Grand Prix,Kimi Räikkönen,McLaren,4,4,4,5.0,1
2003,Italian Grand Prix,Marc Gené,Williams,5,5,5,4.0,1
2003,Italian Grand Prix,Jarno Trulli,Renault,6,6,20,0.0,9
2003,Italian Grand Prix,Jenson Button,BAR,7,7,17,0.0,6
2003,Italian Grand Prix,David Coulthard,McLaren,8,8,14,0.0,32
2003,Italian Grand Prix,Olivier Panis,Toyota,9,9,15,0.0,23
2003,Italian Grand Prix,Jacques Villeneuve,BAR,10,10,6,3.0,11
2003,Italian Grand Prix,Mark Webber,Jaguar,11,11,7,2.0,11
2003,Italian Grand Prix,Cristiano da Matta,Toyota,12,12,18,0.0,27
2003,Italian Grand Prix,Giancarlo Fisichella,Jordan,13,13,10,0.0,11
2003,Italian Grand Prix,Heinz-Harald Frentzen,Sauber,14,14,13,0.0,13
2003,Italian Grand Prix,Justin Wilson,Jaguar,15,15,19,0.0,6
2003,Italian Grand Prix,Nick Heidfeld,Sauber,16,16,9,0.0,11
2003,Italian Grand Prix,Jos Verstappen,Minardi,17,17,16,0.0,44
2003,Italian Grand Prix,Zsolt Baumgartner,Jordan,18,18,11,0.0,12
2003,Italian Grand Prix,Nicolas Kiesa,Minardi,19,19,12,0.0,12
2003,Italian Grand Prix,Fernando Alonso,Renault,20,20,8,1.0,11
2003,United States Grand Prix,Kimi Räikkönen,McLaren,1,1,2,8.0,1
2003,United States Grand Prix,Rubens Barrichello,Ferrari,2,2,20,0.0,4
2003,United States Grand Prix,Olivier Panis,Toyota,3,3,17,0.0,3
2003,United States Grand Prix,Juan Pablo Montoya,Williams,4,4,6,3.0,11
2003,United States Grand Prix,Ralf Schumacher,Williams,5,5,19,0.0,3
2003,United States Grand Prix,Fernando Alonso,Renault,6,6,15,0.0,5
2003,United States Grand Prix,Michael Schumacher,Ferrari,7,7,1,10.0,1
2003,United States Grand Prix,David Coulthard,McLaren,8,8,14,0.0,6
2003,United States Grand Prix,Cristiano da Matta,Toyota,9,9,9,0.0,12
2003,United States Grand Prix,Jarno Trulli,Renault,10,10,4,5.0,1
2003,United States Grand Prix,Jenson Button,BAR,11,11,16,0.0,5
2003,United States Grand Prix,Jacques Villeneuve,BAR,12,12,12,0.0,5
2003,United States Grand Prix,Nick Heidfeld,Sauber,13,13,5,4.0,1
2003,United States Grand Prix,Mark Webber,Jaguar,14,14,18,0.0,3
2003,United States Grand Prix,Heinz-Harald Frentzen,Sauber,15,15,3,6.0,1
2003,United States Grand Prix,Justin Wilson,Jaguar,16,16,8,1.0,12
2003,United States Grand Prix,Giancarlo Fisichella,Jordan,17,17,7,2.0,11
2003,United States Grand Prix,Ralph Firman,Jordan,18,18,13,0.0,20
2003,United States Grand Prix,Jos Verstappen,Minardi,19,19,10,0.0,14
2003,United States Grand Prix,Nicolas Kiesa,Minardi,20,20,11,0.0,14
2003,Japanese Grand Prix,Rubens Barrichello,Ferrari,1,1,1,10.0,1
2003,Japanese Grand Prix,Juan Pablo Montoya,Williams,2,2,20,0.0,9
2003,Japanese Grand Prix,Cristiano da Matta,Toyota,3,3,7,2.0,1
2003,Japanese Grand Prix,Olivier Panis,Toyota,4,4,10,0.0,1
2003,Japanese Grand Prix,Fernando Alonso,Renault,5,5,18,0.0,5
2003,Japanese Grand Prix,Mark Webber,Jaguar,6,6,11,0.0,1
2003,Japanese Grand Prix,David Coulthard,McLaren,7,7,3,6.0,1
2003,Japanese Grand Prix,Kimi Räikkönen,McLaren,8,8,2,8.0,1
2003,Japanese Grand Prix,Jenson Button,BAR,9,9,4,5.0,1
2003,Japanese Grand Prix,Justin Wilson,Jaguar,10,10,13,0.0,11
2003,Japanese Grand Prix,Nick Heidfeld,Sauber,11,11,9,0.0,1
2003,Japanese Grand Prix,Heinz-Harald Frentzen,Sauber,12,12,19,0.0,5
2003,Japanese Grand Prix,Takuma Sato,BAR,13,13,6,3.0,1
2003,Japanese Grand Prix,Michael Schumacher,Ferrari,14,14,8,1.0,1
2003,Japanese Grand Prix,Ralph Firman,Jordan,15,15,14,0.0,12
2003,Japanese Grand Prix,Giancarlo Fisichella,Jordan,16,16,17,0.0,60
2003,Japanese Grand Prix,Jos Verstappen,Minardi,17,17,15,0.0,12
2003,Japanese Grand Prix,Nicolas Kiesa,Minardi,18,18,16,0.0,13
2003,Japanese Grand Prix,Ralf Schumacher,Williams,19,19,12,0.0,11
2003,Japanese Grand Prix,Jarno Trulli,Renault,20,20,5,4.0,1
2004,Australian Grand Prix,Michael Schumacher,Ferrari,1,1,1,10.0,1
2004,Australian Grand Prix,Rubens Barrichello,Ferrari,2,2,2,8.0,1
2004,Australian Grand Prix,Juan Pablo Montoya,Williams,3,3,5,4.0,1
2004,Australian Grand Prix,Jenson Button,BAR,4,4,6,3.0,1
2004,Australian Grand Prix,Fernando Alonso,Renault,5,5,3,6.0,1
2004,Australian Grand Prix,Mark Webber,Jaguar,6,6,18,0.0,7
2004,Australian Grand Prix,Takuma Sato,BAR,7,7,9,0.0,11
2004,Australian Grand Prix,Ralf Schumacher,Williams,8,8,4,5.0,1
2004,Australian Grand Prix,Jarno Trulli,Renault,9,9,7,2.0,11
2004,Australian Grand Prix,Kimi Räikkönen,McLaren,10,10,20,0.0,5
2004,Australian Grand Prix,Felipe Massa,Sauber,11,11,15,0.0,5
2004,Australian Grand Prix,David Coulthard,McLaren,12,12,8,1.0,11
2004,Australian Grand Prix,Cristiano da Matta,Toyota,13,13,12,0.0,12
2004,Australian Grand Prix,Giancarlo Fisichella,Sauber,14,14,10,0.0,11
2004,Australian Grand Prix,Nick Heidfeld,Jordan,15,15,16,0.0,7
2004,Australian Grand Prix,Giorgio Pantano,Jordan,16,16,14,0.0,13
2004,Australian Grand Prix,Zsolt Baumgartner,Minardi,17,17,19,0.0,10
2004,Australian Grand Prix,Olivier Panis,Toyota,18,18,13,0.0,12
2004,Australian Grand Prix,Christian Klien,Jaguar,19,19,11,0.0,12
2004,Australian Grand Prix,Gianmaria Bruni,Minardi,20,20,17,0.0,62
2004,Malaysian Grand Prix,Michael Schumacher,Ferrari,1,1,1,10.0,1
2004,Malaysian Grand Prix,Mark Webber,Jaguar,2,2,20,0.0,20
2004,Malaysian Grand Prix,Rubens Barrichello,Ferrari,3,3,4,5.0,1
2004,Malaysian Grand Prix,Juan Pablo Montoya,Williams,4,4,2,8.0,1
2004,Malaysian Grand Prix,Kimi Räikkönen,McLaren,5,5,17,0.0,7
2004,Malaysian Grand Prix,Jenson Button,BAR,6,6,3,6.0,1
2004,Malaysian Grand Prix,Ralf Schumacher,Williams,7,7,19,0.0,5
2004,Malaysian Grand Prix,Jarno Trulli,Renault,8,8,5,4.0,1
2004,Malaysian Grand Prix,David Coulthard,McLaren,9,9,6,3.0,1
2004,Malaysian Grand Prix,Cristiano da Matta,Toyota,10,10,9,0.0,11
2004,Malaysian Grand Prix,Felipe Massa,Sauber,11,11,8,1.0,11
2004,Malaysian Grand Prix,Giancarlo Fisichella,Sauber,12,12,11,0.0,11
2004,Malaysian Grand Prix,Christian Klien,Jaguar,13,13,10,0.0,11
2004,Malaysian Grand Prix,Olivier Panis,Toyota,14,14,12,0.0,11
2004,Malaysian Grand Prix,Nick Heidfeld,Jordan,15,15,18,0.0,7
2004,Malaysian Grand Prix,Gianmaria Bruni,Minardi,16,16,14,0.0,13
2004,Malaysian Grand Prix,Zsolt Baumgartner,Minardi,17,17,16,0.0,14
2004,Malaysian Grand Prix,Giorgio Pantano,Jordan,18,18,13,0.0,12
2004,Malaysian Grand Prix,Fernando Alonso,Renault,19,19,7,2.0,1
2004,Malaysian Grand Prix,Takuma Sato,BAR,20,20,15,0.0,14
2004,Bahrain Grand Prix,Michael Schumacher,Ferrari,1,1,1,10.0,1
2004,Bahrain Grand Prix,Rubens Barrichello,Ferrari,2,2,2,8.0,1
2004,Bahrain Grand Prix,Juan Pablo Montoya,Williams,3,3,13,0.0,11
2004,Bahrain Grand Prix,Ralf Schumacher,Williams,4,4,7,2.0,1
2004,Bahrain Grand Prix,Takuma Sato,BAR,5,5,5,4.0,1
2004,Bahrain Grand Prix,Jenson Button,BAR,6,6,3,6.0,1
2004,Bahrain Grand Prix,Jarno Trulli,Renault,7,7,4,5.0,1
2004,Bahrain Grand Prix,Olivier Panis,Toyota,8,8,9,0.0,11
2004,Bahrain Grand Prix,Cristiano da Matta,Toyota,9,9,10,0.0,11
2004,Bahrain Grand Prix,David Coulthard,McLaren,10,10,18,0.0,63
2004,Bahrain Grand Prix,Giancarlo Fisichella,Sauber,11,11,11,0.0,11
2004,Bahrain Grand Prix,Christian Klien,Jaguar,12,12,14,0.0,11
2004,Bahrain Grand Prix,Felipe Massa,Sauber,13,13,12,0.0,11
2004,Bahrain Grand Prix,Mark Webber,Jaguar,14,14,8,1.0,11
2004,Bahrain Grand Prix,Nick Heidfeld,Jordan,15,18,15,0.0,11
2004,Bahrain Grand Prix,Giorgio Pantano,Jordan,16,15,16,0.0,12
2004,Bahrain Grand Prix,Fernando Alonso,Renault,17,16,6,3.0,1
2004,Bahrain Grand Prix,Gianmaria Bruni,Minardi,18,17,17,0.0,15
2004,Bahrain Grand Prix,Zsolt Baumgartner,Minardi,19,20,19,0.0,5
2004,Bahrain Grand Prix,Kimi Räikkönen,McLaren,20,19,20,0.0,5
2004,San Marino Grand Prix,Jenson Button,BAR,1,1,2,8.0,1
2004,San Marino Grand Prix,Michael Schumacher,Ferrari,2,2,1,10.0,1
2004,San Marino Grand Prix,Juan Pablo Montoya,Williams,3,3,3,6.0,1
2004,San Marino Grand Prix,Rubens Barrichello,Ferrari,4,4,6,3.0,1
2004,San Marino Grand Prix,Ralf Schumacher,Williams,5,5,7,2.0,1
2004,San Marino Grand Prix,Fernando Alonso,Renault,6,6,4,5.0,1
2004,San Marino Grand Prix,Takuma Sato,BAR,7,7,16,0.0,5
2004,San Marino Grand Prix,Mark Webber,Jaguar,8,8,13,0.0,11
2004,San Marino Grand Prix,Jarno Trulli,Renault,9,9,5,4.0,1
2004,San Marino Grand Prix,Cristiano da Matta,Toyota,10,10,18,0.0,3
2004,San Marino Grand Prix,David Coulthard,McLaren,11,11,12,0.0,11
2004,San Marino Grand Prix,Felipe Massa,Sauber,12,12,10,0.0,11
2004,San Marino Grand Prix,Olivier Panis,Toyota,13,13,11,0.0,11
2004,San Marino Grand Prix,Christian Klien,Jaguar,14,14,14,0.0,12
2004,San Marino Grand Prix,Giorgio Pantano,Jordan,15,15,20,0.0,9
2004,San Marino Grand Prix,Nick Heidfeld,Jordan,16,16,17,0.0,30
2004,San Marino Grand Prix,Gianmaria Bruni,Minardi,17,17,19,0.0,23
2004,San Marino Grand Prix,Zsolt Baumgartner,Minardi,18,19,15,0.0,14
2004,San Marino Grand Prix,Giancarlo Fisichella,Sauber,19,18,9,0.0,11
2004,San Marino Grand Prix,Kimi Räikkönen,McLaren,20,20,8,1.0,11
2004,Spanish Grand Prix,Michael Schumacher,Ferrari,1,1,1,10.0,1
2004,Spanish Grand Prix,Juan Pablo Montoya,Williams,2,2,15,0.0,23
2004,Spanish Grand Prix,Takuma Sato,BAR,3,3,5,4.0,1
2004,Spanish Grand Prix,Jarno Trulli,Renault,4,4,3,6.0,1
2004,Spanish Grand Prix,Rubens Barrichello,Ferrari,5,5,2,8.0,1
2004,Spanish Grand Prix,Ralf Schumacher,Williams,6,6,6,3.0,1
2004,Spanish Grand Prix,Olivier Panis,Toyota,7,7,17,0.0,9
2004,Spanish Grand Prix,Fernando Alonso,Renault,8,8,4,5.0,1
2004,Spanish Grand Prix,Mark Webber,Jaguar,9,9,12,0.0,11
2004,Spanish Grand Prix,David Coulthard,McLaren,10,10,10,0.0,11
2004,Spanish Grand Prix,Cristiano da Matta,Toyota,11,11,13,0.0,11
2004,Spanish Grand Prix,Giancarlo Fisichella,Sauber,12,12,7,2.0,1
2004,Spanish Grand Prix,Kimi Räikkönen,McLaren,13,13,11,0.0,11
2004,Spanish Grand Prix,Jenson Button,BAR,14,14,8,1.0,11
2004,Spanish Grand Prix,Nick Heidfeld,Jordan,15,15,18,0.0,9
2004,Spanish Grand Prix,Christian Klien,Jaguar,16,16,16,0.0,37
2004,Spanish Grand Prix,Felipe Massa,Sauber,17,17,9,0.0,11
2004,Spanish Grand Prix,Gianmaria Bruni,Minardi,18,18,19,0.0,20
2004,Spanish Grand Prix,Giorgio Pantano,Jordan,19,19,14,0.0,38
2004,Spanish Grand Prix,Zsolt Baumgartner,Minardi,20,20,20,0.0,20
2004,Monaco Grand Prix,Jarno Trulli,Renault,1,1,1,10.0,1
2004,Monaco Grand Prix,Ralf Schumacher,Williams,2,12,10,0.0,6
2004,Monaco Grand Prix,Jenson Button,BAR,3,2,2,8.0,1
2004,Monaco Grand Prix,Fernando Alonso,Renault,4,3,12,0.0,3
2004,Monaco Grand Prix,Michael Schumacher,Ferrari,5,4,11,0.0,4
2004,Monaco Grand Prix,Kimi Räikkönen,McLaren,6,5,13,0.0,63
2004,Monaco Grand Prix,Rubens Barrichello,Ferrari,7,6,3,6.0,1
2004,Monaco Grand Prix,Takuma Sato,BAR,8,7,17,0.0,5
2004,Monaco Grand Prix,David Coulthard,McLaren,9,8,18,0.0,4
2004,Monaco Grand Prix,Juan Pablo Montoya,Williams,10,9,4,5.0,11
2004,Monaco Grand Prix,Giancarlo Fisichella,Sauber,11,10,19,0.0,4
2004,Monaco Grand Prix,Mark Webber,Jaguar,12,11,16,0.0,6
2004,Monaco Grand Prix,Olivier Panis,Toyota,13,13,8,1.0,13
2004,Monaco Grand Prix,Christian Klien,Jaguar,14,14,20,0.0,3
2004,Monaco Grand Prix,Cristiano da Matta,Toyota,15,15,6,3.0,11
2004,Monaco Grand Prix,Felipe Massa,Sauber,16,16,5,4.0,11
2004,Monaco Grand Prix,Nick Heidfeld,Jordan,17,17,7,2.0,12
2004,Monaco Grand Prix,Giorgio Pantano,Jordan,18,18,15,0.0,7
2004,Monaco Grand Prix,Zsolt Baumgartner,Minardi,19,19,9,0.0,16
2004,Monaco Grand Prix,Gianmaria Bruni,Minardi,20,20,14,0.0,6
2004,European Grand Prix,Michael Schumacher,Ferrari,1,1,1,10.0,1
2004,European Grand Prix,Takuma Sato,BAR,2,2,16,0.0,5
2004,European Grand Prix,Jarno Trulli,Renault,3,3,4,5.0,1
2004,European Grand Prix,Kimi Räikkönen,McLaren,4,4,18,0.0,5
2004,European Grand Prix,Jenson Button,BAR,5,5,3,6.0,1
2004,European Grand Prix,Fernando Alonso,Renault,6,6,5,4.0,1
2004,European Grand Prix,Rubens Barrichello,Ferrari,7,7,2,8.0,1
2004,European Grand Prix,Juan Pablo Montoya,Williams,8,8,8,1.0,11
2004,European Grand Prix,Ralf Schumacher,Williams,9,9,19,0.0,4
2004,European Grand Prix,Olivier Panis,Toyota,10,10,11,0.0,11
2004,European Grand Prix,Cristiano da Matta,Toyota,11,11,20,0.0,4
2004,European Grand Prix,Christian Klien,Jaguar,12,12,12,0.0,11
2004,European Grand Prix,Nick Heidfeld,Jordan,13,13,10,0.0,11
2004,European Grand Prix,Mark Webber,Jaguar,14,14,7,2.0,1
2004,European Grand Prix,Giorgio Pantano,Jordan,15,15,13,0.0,12
2004,European Grand Prix,Felipe Massa,Sauber,16,16,9,0.0,11
2004,European Grand Prix,Zsolt Baumgartner,Minardi,17,17,15,0.0,13
2004,European Grand Prix,David Coulthard,McLaren,18,18,17,0.0,5
2004,European Grand Prix,Giancarlo Fisichella,Sauber,19,19,6,3.0,1
2004,European Grand Prix,Gianmaria Bruni,Minardi,20,20,14,0.0,13
2004,Canadian Grand Prix,Ralf Schumacher,Williams,1,1,17,0.0,2
2004,Canadian Grand Prix,Jenson Button,BAR,2,2,3,6.0,1
2004,Canadian Grand Prix,Jarno Trulli,Renault,3,3,16,0.0,7
2004,Canadian Grand Prix,Juan Pablo Montoya,Williams,4,4,18,0.0,2
2004,Canadian Grand Prix,Fernando Alonso,Renault,5,5,13,0.0,30
2004,Canadian Grand Prix,Michael Schumacher,Ferrari,6,6,1,10.0,1
2004,Canadian Grand Prix,Rubens Barrichello,Ferrari,7,7,2,8.0,1
2004,Canadian Grand Prix,Kimi Räikkönen,McLaren,8,8,5,4.0,11
2004,Canadian Grand Prix,David Coulthard,McLaren,9,9,6,3.0,11
2004,Canadian Grand Prix,Christian Klien,Jaguar,10,10,9,0.0,13
2004,Canadian Grand Prix,Giancarlo Fisichella,Sauber,11,11,4,5.0,11
2004,Canadian Grand Prix,Cristiano da Matta,Toyota,12,12,19,0.0,2
2004,Canadian Grand Prix,Olivier Panis,Toyota,13,13,20,0.0,2
2004,Canadian Grand Prix,Mark Webber,Jaguar,14,14,15,0.0,22
2004,Canadian Grand Prix,Nick Heidfeld,Jordan,15,15,8,1.0,12
2004,Canadian Grand Prix,Timo Glock,Jordan,16,16,7,2.0,12
2004,Canadian Grand Prix,Takuma Sato,BAR,17,20,12,0.0,5
2004,Canadian Grand Prix,Zsolt Baumgartner,Minardi,18,18,10,0.0,14
2004,Canadian Grand Prix,Felipe Massa,Sauber,19,17,11,0.0,3
2004,Canadian Grand Prix,Gianmaria Bruni,Minardi,20,19,14,0.0,6
2004,United States Grand Prix,Rubens Barrichello,Ferrari,1,1,2,8.0,1
2004,United States Grand Prix,Michael Schumacher,Ferrari,2,2,1,10.0,1
2004,United States Grand Prix,Takuma Sato,BAR,3,3,3,6.0,1
2004,United States Grand Prix,Jenson Button,BAR,4,4,13,0.0,6
2004,United States Grand Prix,Juan Pablo Montoya,Williams,5,5,11,0.0,2
2004,United States Grand Prix,Ralf Schumacher,Williams,6,6,15,0.0,27
2004,United States Grand Prix,Kimi Räikkönen,McLaren,7,7,6,3.0,11
2004,United States Grand Prix,Olivier Panis,Toyota,8,8,5,4.0,1
2004,United States Grand Prix,Fernando Alonso,Renault,9,9,16,0.0,27
2004,United States Grand Prix,Mark Webber,Jaguar,10,10,10,0.0,5
2004,United States Grand Prix,Cristiano da Matta,Toyota,11,11,14,0.0,6
2004,United States Grand Prix,David Coulthard,McLaren,12,12,7,2.0,11
2004,United States Grand Prix,Christian Klien,Jaguar,13,13,17,0.0,4
2004,United States Grand Prix,Giancarlo Fisichella,Sauber,14,14,9,0.0,18
2004,United States Grand Prix,Felipe Massa,Sauber,15,15,18,0.0,4
2004,United States Grand Prix,Nick Heidfeld,Jordan,16,16,12,0.0,5
2004,United States Grand Prix,Giorgio Pantano,Jordan,17,17,19,0.0,4
2004,United States Grand Prix,Gianmaria Bruni,Minardi,18,18,20,0.0,4
2004,United States Grand Prix,Zsolt Baumgartner,Minardi,19,19,8,1.0,13
2004,United States Grand Prix,Jarno Trulli,Renault,20,20,4,5.0,1
2004,French Grand Prix,Fernando Alonso,Renault,1,1,2,8.0,1
2004,French Grand Prix,Michael Schumacher,Ferrari,2,2,1,10.0,1
2004,French Grand Prix,David Coulthard,McLaren,3,3,6,3.0,1
2004,French Grand Prix,Jenson Button,BAR,4,4,5,4.0,1
2004,French Grand Prix,Jarno Trulli,Renault,5,5,4,5.0,1
2004,French Grand Prix,Juan Pablo Montoya,Williams,6,6,8,1.0,1
2004,French Grand Prix,Takuma Sato,BAR,7,7,20,0.0,5
2004,French Grand Prix,Marc Gené,Williams,8,8,10,0.0,1
2004,French Grand Prix,Kimi Räikkönen,McLaren,9,9,7,2.0,1
2004,French Grand Prix,Rubens Barrichello,Ferrari,10,10,3,6.0,1
2004,French Grand Prix,Cristiano da Matta,Toyota,11,11,14,0.0,11
2004,French Grand Prix,Mark Webber,Jaguar,12,12,9,0.0,1
2004,French Grand Prix,Christian Klien,Jaguar,13,13,11,0.0,11
2004,French Grand Prix,Olivier Panis,Toyota,14,14,15,0.0,12
2004,French Grand Prix,Giancarlo Fisichella,Sauber,15,15,12,0.0,11
2004,French Grand Prix,Felipe Massa,Sauber,16,16,13,0.0,11
2004,French Grand Prix,Nick Heidfeld,Jordan,17,17,16,0.0,12
2004,French Grand Prix,Giorgio Pantano,Jordan,18,18,17,0.0,13
2004,French Grand Prix,Gianmaria Bruni,Minardi,19,19,18,0.0,14
2004,French Grand Prix,Zsolt Baumgartner,Minardi,20,20,19,0.0,20
2004,British Grand Prix,Kimi Räikkönen,McLaren,1,1,2,8.0,1
2004,British Grand Prix,Rubens Barrichello,Ferrari,2,2,3,6.0,1
2004,British Grand Prix,Jenson Button,BAR,3,3,4,5.0,1
2004,British Grand Prix,Michael Schumacher,Ferrari,4,4,1,10.0,1
2004,British Grand Prix,Jarno Trulli,Renault,5,5,18,0.0,3
2004,British Grand Prix,Fernando Alonso,Renault,6,16,10,0.0,1
2004,British Grand Prix,David Coulthard,McLaren,7,6,7,2.0,1
2004,British Grand Prix,Juan Pablo Montoya,Williams,8,7,5,4.0,1
2004,British Grand Prix,Takuma Sato,BAR,9,8,11,0.0,1
2004,British Grand Prix,Mark Webber,Jaguar,10,9,8,1.0,1
2004,British Grand Prix,Felipe Massa,Sauber,11,10,9,0.0,1
2004,British Grand Prix,Olivier Panis,Toyota,12,17,20,0.0,3
2004,British Grand Prix,Marc Gené,Williams,13,11,12,0.0,1
2004,British Grand Prix,Cristiano da Matta,Toyota,14,12,13,0.0,11
2004,British Grand Prix,Christian Klien,Jaguar,15,13,14,0.0,11
2004,British Grand Prix,Giorgio Pantano,Jordan,16,14,17,0.0,20
2004,British Grand Prix,Nick Heidfeld,Jordan,17,15,15,0.0,11
2004,British Grand Prix,Gianmaria Bruni,Minardi,18,18,16,0.0,14
2004,British Grand Prix,Zsolt Baumgartner,Minardi,19,19,19,0.0,5
2004,British Grand Prix,Giancarlo Fisichella,Sauber,20,20,6,3.0,1
2004,German Grand Prix,Michael Schumacher,Ferrari,1,1,1,10.0,1
2004,German Grand Prix,Juan Pablo Montoya,Williams,2,2,5,4.0,1
2004,German Grand Prix,Jenson Button,BAR,3,13,2,8.0,1
2004,German Grand Prix,Kimi Räikkönen,McLaren,4,3,20,0.0,65
2004,German Grand Prix,David Coulthard,McLaren,5,4,4,5.0,1
2004,German Grand Prix,Fernando Alonso,Renault,6,5,3,6.0,1
2004,German Grand Prix,Jarno Trulli,Renault,7,6,11,0.0,1
2004,German Grand Prix,Rubens Barrichello,Ferrari,8,7,12,0.0,1
2004,German Grand Prix,Takuma Sato,BAR,9,8,8,1.0,1
2004,German Grand Prix,Olivier Panis,Toyota,10,9,14,0.0,11
2004,German Grand Prix,Antônio Pizzonia,Williams,11,10,7,2.0,1
2004,German Grand Prix,Mark Webber,Jaguar,12,11,6,3.0,1
2004,German Grand Prix,Christian Klien,Jaguar,13,12,10,0.0,1
2004,German Grand Prix,Giancarlo Fisichella,Sauber,14,14,9,0.0,1
2004,German Grand Prix,Cristiano da Matta,Toyota,15,15,19,0.0,29
2004,German Grand Prix,Felipe Massa,Sauber,16,16,13,0.0,11
2004,German Grand Prix,Giorgio Pantano,Jordan,17,17,15,0.0,13
2004,German Grand Prix,Nick Heidfeld,Jordan,18,18,18,0.0,64
2004,German Grand Prix,Gianmaria Bruni,Minardi,19,19,17,0.0,14
2004,German Grand Prix,Zsolt Baumgartner,Minardi,20,20,16,0.0,14
2004,Hungarian Grand Prix,Michael Schumacher,Ferrari,1,1,1,10.0,1
2004,Hungarian Grand Prix,Rubens Barrichello,Ferrari,2,2,2,8.0,1
2004,Hungarian Grand Prix,Takuma Sato,BAR,3,3,6,3.0,11
2004,Hungarian Grand Prix,Jenson Button,BAR,4,4,5,4.0,1
2004,Hungarian Grand Prix,Fernando Alonso,Renault,5,5,3,6.0,1
2004,Hungarian Grand Prix,Antônio Pizzonia,Williams,6,6,7,2.0,11
2004,Hungarian Grand Prix,Juan Pablo Montoya,Williams,7,7,4,5.0,1
2004,Hungarian Grand Prix,Giancarlo Fisichella,Sauber,8,8,8,1.0,11
2004,Hungarian Grand Prix,Jarno Trulli,Renault,9,9,17,0.0,5
2004,Hungarian Grand Prix,Kimi Räikkönen,McLaren,10,10,20,0.0,10
2004,Hungarian Grand Prix,Mark Webber,Jaguar,11,11,10,0.0,11
2004,Hungarian Grand Prix,David Coulthard,McLaren,12,12,9,0.0,11
2004,Hungarian Grand Prix,Olivier Panis,Toyota,13,13,11,0.0,11
2004,Hungarian Grand Prix,Christian Klien,Jaguar,14,14,13,0.0,12
2004,Hungarian Grand Prix,Ricardo Zonta,Toyota,15,15,18,0.0,40
2004,Hungarian Grand Prix,Nick Heidfeld,Jordan,16,16,12,0.0,12
2004,Hungarian Grand Prix,Giorgio Pantano,Jordan,17,17,16,0.0,6
2004,Hungarian Grand Prix,Zsolt Baumgartner,Minardi,18,18,15,0.0,15
2004,Hungarian Grand Prix,Gianmaria Bruni,Minardi,19,19,14,0.0,14
2004,Hungarian Grand Prix,Felipe Massa,Sauber,20,20,19,0.0,23
2004,Belgian Grand Prix,Jarno Trulli,Renault,1,1,9,0.0,1
2004,Belgian Grand Prix,Michael Schumacher,Ferrari,2,2,2,8.0,1
2004,Belgian Grand Prix,Fernando Alonso,Renault,3,3,16,0.0,5
2004,Belgian Grand Prix,David Coulthard,McLaren,4,4,7,2.0,1
2004,Belgian Grand Prix,Giancarlo Fisichella,Sauber,5,5,5,4.0,1
2004,Belgian Grand Prix,Rubens Barrichello,Ferrari,6,6,3,6.0,1
2004,Belgian Grand Prix,Mark Webber,Jaguar,7,7,17,0.0,4
2004,Belgian Grand Prix,Felipe Massa,Sauber,8,8,4,5.0,1
2004,Belgian Grand Prix,Olivier Panis,Toyota,9,9,8,1.0,1
2004,Belgian Grand Prix,Kimi Räikkönen,McLaren,10,10,1,10.0,1
2004,Belgian Grand Prix,Juan Pablo Montoya,Williams,11,11,12,0.0,27
2004,Belgian Grand Prix,Jenson Button,BAR,12,12,14,0.0,4
2004,Belgian Grand Prix,Christian Klien,Jaguar,13,13,6,3.0,1
2004,Belgian Grand Prix,Antônio Pizzonia,Williams,14,14,13,0.0,6
2004,Belgian Grand Prix,Takuma Sato,BAR,15,15,18,0.0,4
2004,Belgian Grand Prix,Nick Heidfeld,Jordan,16,16,11,0.0,14
2004,Belgian Grand Prix,Gianmaria Bruni,Minardi,17,17,19,0.0,4
2004,Belgian Grand Prix,Zsolt Baumgartner,Minardi,18,18,15,0.0,4
2004,Belgian Grand Prix,Giorgio Pantano,Jordan,19,19,20,0.0,4
2004,Belgian Grand Prix,Ricardo Zonta,Toyota,20,20,10,0.0,5
2004,Chinese Grand Prix,Rubens Barrichello,Ferrari,1,1,1,10.0,1
2004,Chinese Grand Prix,Kimi Räikkönen,McLaren,2,2,3,6.0,1
2004,Chinese Grand Prix,Jenson Button,BAR,3,3,2,8.0,1
2004,Chinese Grand Prix,Felipe Massa,Sauber,4,4,8,1.0,1
2004,Chinese Grand Prix,Ralf Schumacher,Williams,5,5,18,0.0,4
2004,Chinese Grand Prix,Fernando Alonso,Renault,6,6,4,5.0,1
2004,Chinese Grand Prix,Giancarlo Fisichella,Sauber,7,7,7,2.0,1
2004,Chinese Grand Prix,Olivier Panis,Toyota,8,8,14,0.0,11
2004,Chinese Grand Prix,Takuma Sato,BAR,9,18,6,3.0,1
2004,Chinese Grand Prix,David Coulthard,McLaren,10,9,9,0.0,1
2004,Chinese Grand Prix,Juan Pablo Montoya,Williams,11,10,5,4.0,1
2004,Chinese Grand Prix,Mark Webber,Jaguar,12,11,10,0.0,11
2004,Chinese Grand Prix,Jacques Villeneuve,Renault,13,12,11,0.0,11
2004,Chinese Grand Prix,Ricardo Zonta,Toyota,14,13,19,0.0,7
2004,Chinese Grand Prix,Nick Heidfeld,Jordan,15,14,13,0.0,11
2004,Chinese Grand Prix,Christian Klien,Jaguar,16,15,20,0.0,4
2004,Chinese Grand Prix,Timo Glock,Jordan,17,16,15,0.0,11
2004,Chinese Grand Prix,Zsolt Baumgartner,Minardi,18,19,16,0.0,13
2004,Chinese Grand Prix,Gianmaria Bruni,Minardi,19,17,17,0.0,36
2004,Chinese Grand Prix,Michael Schumacher,Ferrari,20,20,12,0.0,11
2004,Japanese Grand Prix,Michael Schumacher,Ferrari,1,1,1,10.0,1
2004,Japanese Grand Prix,Ralf Schumacher,Williams,2,2,2,8.0,1
2004,Japanese Grand Prix,Mark Webber,Jaguar,3,3,20,0.0,25
2004,Japanese Grand Prix,Takuma Sato,BAR,4,4,4,5.0,1
2004,Japanese Grand Prix,Jenson Button,BAR,5,5,3,6.0,1
2004,Japanese Grand Prix,Jarno Trulli,Toyota,6,6,11,0.0,11
2004,Japanese Grand Prix,Giancarlo Fisichella,Sauber,7,7,8,1.0,1
2004,Japanese Grand Prix,David Coulthard,McLaren,8,8,18,0.0,4
2004,Japanese Grand Prix,Jacques Villeneuve,Renault,9,9,10,0.0,11
2004,Japanese Grand Prix,Olivier Panis,Toyota,10,10,14,0.0,12
2004,Japanese Grand Prix,Fernando Alonso,Renault,11,11,5,4.0,1
2004,Japanese Grand Prix,Kimi Räikkönen,McLaren,12,12,6,3.0,1
2004,Japanese Grand Prix,Juan Pablo Montoya,Williams,13,13,7,2.0,1
2004,Japanese Grand Prix,Christian Klien,Jaguar,14,14,12,0.0,11
2004,Japanese Grand Prix,Rubens Barrichello,Ferrari,15,15,19,0.0,4
2004,Japanese Grand Prix,Nick Heidfeld,Jordan,16,16,13,0.0,11
2004,Japanese Grand Prix,Timo Glock,Jordan,17,17,15,0.0,12
2004,Japanese Grand Prix,Gianmaria Bruni,Minardi,18,18,16,0.0,13
2004,Japanese Grand Prix,Zsolt Baumgartner,Minardi,19,20,17,0.0,20
2004,Japanese Grand Prix,Felipe Massa,Sauber,20,19,9,0.0,1
2004,Brazilian Grand Prix,Rubens Barrichello,Ferrari,1,1,3,6.0,1
2004,Brazilian Grand Prix,Juan Pablo Montoya,Williams,2,2,1,10.0,1
2004,Brazilian Grand Prix,Kimi Räikkönen,McLaren,3,3,2,8.0,1
2004,Brazilian Grand Prix,Felipe Massa,Sauber,4,4,8,1.0,1
2004,Brazilian Grand Prix,Jenson Button,BAR,5,5,20,0.0,5
2004,Brazilian Grand Prix,Takuma Sato,BAR,6,6,6,3.0,1
2004,Brazilian Grand Prix,Ralf Schumacher,Williams,7,7,5,4.0,1
2004,Brazilian Grand Prix,Michael Schumacher,Ferrari,8,18,7,2.0,1
2004,Brazilian Grand Prix,Fernando Alonso,Renault,9,8,4,5.0,1
2004,Brazilian Grand Prix,Jarno Trulli,Toyota,10,9,12,0.0,11
2004,Brazilian Grand Prix,Giancarlo Fisichella,Sauber,11,10,9,0.0,1
2004,Brazilian Grand Prix,Mark Webber,Jaguar,12,11,18,0.0,4
2004,Brazilian Grand Prix,David Coulthard,McLaren,13,12,11,0.0,11
2004,Brazilian Grand Prix,Jacques Villeneuve,Renault,14,13,10,0.0,11
2004,Brazilian Grand Prix,Ricardo Zonta,Toyota,15,14,13,0.0,11
2004,Brazilian Grand Prix,Christian Klien,Jaguar,16,15,14,0.0,12
2004,Brazilian Grand Prix,Nick Heidfeld,Jordan,17,16,19,0.0,8
2004,Brazilian Grand Prix,Timo Glock,Jordan,18,17,15,0.0,12
2004,Brazilian Grand Prix,Zsolt Baumgartner,Minardi,19,19,16,0.0,14
2004,Brazilian Grand Prix,Gianmaria Bruni,Minardi,20,20,17,0.0,14
2005,Australian Grand Prix,Giancarlo Fisichella,Renault,1,1,1,10.0,1
2005,Australian Grand Prix,Jarno Trulli,Toyota,2,2,9,0.0,1
2005,Australian Grand Prix,Mark Webber,Williams,3,3,5,4.0,1
2005,Australian Grand Prix,Jacques Villeneuve,Sauber,4,4,13,0.0,11
2005,Australian Grand Prix,David Coulthard,Red Bull,5,5,4,5.0,1
2005,Australian Grand Prix,Christian Klien,Red Bull,6,6,7,2.0,1
2005,Australian Grand Prix,Nick Heidfeld,Williams,7,7,19,0.0,3
2005,Australian Grand Prix,Jenson Button,BAR,8,8,11,0.0,11
2005,Australian Grand Prix,Juan Pablo Montoya,McLaren,9,9,6,3.0,1
2005,Australian Grand Prix,Kimi Räikkönen,McLaren,10,10,8,1.0,1
2005,Australian Grand Prix,Rubens Barrichello,Ferrari,11,11,2,8.0,1
2005,Australian Grand Prix,Narain Karthikeyan,Jordan,12,12,15,0.0,12
2005,Australian Grand Prix,Fernando Alonso,Renault,13,13,3,6.0,1
2005,Australian Grand Prix,Tiago Monteiro,Jordan,14,14,16,0.0,12
2005,Australian Grand Prix,Ralf Schumacher,Toyota,15,15,12,0.0,11
2005,Australian Grand Prix,Patrick Friesacher,Minardi,16,16,17,0.0,14
2005,Australian Grand Prix,Christijan Albers,Minardi,17,17,20,0.0,6
2005,Australian Grand Prix,Michael Schumacher,Ferrari,18,19,18,0.0,3
2005,Australian Grand Prix,Takuma Sato,BAR,19,20,14,0.0,12
2005,Australian Grand Prix,Felipe Massa,Sauber,20,18,10,0.0,1
2005,Malaysian Grand Prix,Fernando Alonso,Renault,1,1,1,10.0,1
2005,Malaysian Grand Prix,Jarno Trulli,Toyota,2,2,2,8.0,1
2005,Malaysian Grand Prix,Giancarlo Fisichella,Renault,3,3,15,0.0,4
2005,Malaysian Grand Prix,Mark Webber,Williams,4,4,16,0.0,4
2005,Malaysian Grand Prix,Ralf Schumacher,Toyota,5,5,5,4.0,1
2005,Malaysian Grand Prix,Kimi Räikkönen,McLaren,6,6,9,0.0,1
2005,Malaysian Grand Prix,Christian Klien,Red Bull,7,7,8,1.0,1
2005,Malaysian Grand Prix,David Coulthard,Red Bull,8,8,6,3.0,1
2005,Malaysian Grand Prix,Jenson Button,BAR,9,9,18,0.0,5
2005,Malaysian Grand Prix,Nick Heidfeld,Williams,10,10,3,6.0,1
2005,Malaysian Grand Prix,Juan Pablo Montoya,McLaren,11,11,4,5.0,1
2005,Malaysian Grand Prix,Rubens Barrichello,Ferrari,12,12,14,0.0,27
2005,Malaysian Grand Prix,Michael Schumacher,Ferrari,13,13,7,2.0,1
2005,Malaysian Grand Prix,Felipe Massa,Sauber,14,14,10,0.0,11
2005,Malaysian Grand Prix,Anthony Davidson,BAR,15,15,19,0.0,5
2005,Malaysian Grand Prix,Jacques Villeneuve,Sauber,16,16,17,0.0,20
2005,Malaysian Grand Prix,Narain Karthikeyan,Jordan,17,17,11,0.0,12
2005,Malaysian Grand Prix,Tiago Monteiro,Jordan,18,18,12,0.0,13
2005,Malaysian Grand Prix,Patrick Friesacher,Minardi,19,20,20,0.0,20
2005,Malaysian Grand Prix,Christijan Albers,Minardi,20,19,13,0.0,14
2005,Bahrain Grand Prix,Fernando Alonso,Renault,1,1,1,10.0,1
2005,Bahrain Grand Prix,Michael Schumacher,Ferrari,2,2,17,0.0,9
2005,Bahrain Grand Prix,Jarno Trulli,Toyota,3,3,2,8.0,1
2005,Bahrain Grand Prix,Nick Heidfeld,Williams,4,4,16,0.0,5
2005,Bahrain Grand Prix,Mark Webber,Williams,5,5,6,3.0,1
2005,Bahrain Grand Prix,Ralf Schumacher,Toyota,6,6,4,5.0,1
2005,Bahrain Grand Prix,Christian Klien,Red Bull,7,7,20,0.0,10
2005,Bahrain Grand Prix,Pedro de la Rosa,McLaren,8,8,5,4.0,1
2005,Bahrain Grand Prix,Kimi Räikkönen,McLaren,9,9,3,6.0,1
2005,Bahrain Grand Prix,Giancarlo Fisichella,Renault,10,10,18,0.0,5
2005,Bahrain Grand Prix,Jenson Button,BAR,11,11,14,0.0,8
2005,Bahrain Grand Prix,Felipe Massa,Sauber,12,12,7,2.0,11
2005,Bahrain Grand Prix,Takuma Sato,BAR,13,13,15,0.0,23
2005,Bahrain Grand Prix,David Coulthard,Red Bull,14,14,8,1.0,11
2005,Bahrain Grand Prix,Rubens Barrichello,Ferrari,15,20,9,0.0,11
2005,Bahrain Grand Prix,Jacques Villeneuve,Sauber,16,15,11,0.0,22
2005,Bahrain Grand Prix,Tiago Monteiro,Jordan,17,16,10,0.0,12
2005,Bahrain Grand Prix,Narain Karthikeyan,Jordan,18,17,19,0.0,10
2005,Bahrain Grand Prix,Christijan Albers,Minardi,19,18,13,0.0,14
2005,Bahrain Grand Prix,Patrick Friesacher,Minardi,20,19,12,0.0,13
2005,San Marino Grand Prix,Kimi Räikkönen,McLaren,1,1,16,0.0,30
2005,San Marino Grand Prix,Fernando Alonso,Renault,2,2,1,10.0,1
2005,San Marino Grand Prix,Jenson Button,BAR,3,3,19,0.0,2
2005,San Marino Grand Prix,Mark Webber,Williams,4,4,7,2.0,1
2005,San Marino Grand Prix,Jarno Trulli,Toyota,5,5,5,4.0,1
2005,San Marino Grand Prix,Takuma Sato,BAR,6,6,20,0.0,2
2005,San Marino Grand Prix,Alexander Wurz,McLaren,7,7,3,6.0,1
2005,San Marino Grand Prix,Felipe Massa,Sauber,8,18,10,0.0,11
2005,San Marino Grand Prix,Nick Heidfeld,Williams,9,8,6,3.0,1
2005,San Marino Grand Prix,Rubens Barrichello,Ferrari,10,9,15,0.0,10
2005,San Marino Grand Prix,Ralf Schumacher,Toyota,11,10,9,0.0,1
2005,San Marino Grand Prix,Jacques Villeneuve,Sauber,12,11,4,5.0,1
2005,San Marino Grand Prix,Giancarlo Fisichella,Renault,13,12,18,0.0,3
2005,San Marino Grand Prix,Michael Schumacher,Ferrari,14,13,2,8.0,1
2005,San Marino Grand Prix,David Coulthard,Red Bull,15,14,11,0.0,11
2005,San Marino Grand Prix,Vitantonio Liuzzi,Red Bull,16,15,8,1.0,1
2005,San Marino Grand Prix,Narain Karthikeyan,Jordan,17,16,12,0.0,11
2005,San Marino Grand Prix,Tiago Monteiro,Jordan,18,17,13,0.0,12
2005,San Marino Grand Prix,Patrick Friesacher,Minardi,19,19,17,0.0,8
2005,San Marino Grand Prix,Christijan Albers,Minardi,20,20,14,0.0,9
2005,Spanish Grand Prix,Kimi Räikkönen,McLaren,1,1,1,10.0,1
2005,Spanish Grand Prix,Mark Webber,Williams,2,2,6,3.0,1
2005,Spanish Grand Prix,Fernando Alonso,Renault,3,3,2,8.0,1
2005,Spanish Grand Prix,Ralf Schumacher,Toyota,4,4,4,5.0,1
2005,Spanish Grand Prix,Jarno Trulli,Toyota,5,5,3,6.0,1
2005,Spanish Grand Prix,Giancarlo Fisichella,Renault,6,6,5,4.0,1
2005,Spanish Grand Prix,Juan Pablo Montoya,McLaren,7,7,7,2.0,11
2005,Spanish Grand Prix,Michael Schumacher,Ferrari,8,8,15,0.0,29
2005,Spanish Grand Prix,David Coulthard,Red Bull,9,9,8,1.0,11
2005,Spanish Grand Prix,Felipe Massa,Sauber,10,10,11,0.0,46
2005,Spanish Grand Prix,Vitantonio Liuzzi,Red Bull,11,11,18,0.0,20
2005,Spanish Grand Prix,Jacques Villeneuve,Sauber,12,12,14,0.0,5
2005,Spanish Grand Prix,Narain Karthikeyan,Jordan,13,13,13,0.0,13
2005,Spanish Grand Prix,Tiago Monteiro,Jordan,14,18,12,0.0,13
2005,Spanish Grand Prix,Christijan Albers,Minardi,15,14,16,0.0,6
2005,Spanish Grand Prix,Patrick Friesacher,Minardi,16,15,17,0.0,20
2005,Spanish Grand Prix,Nick Heidfeld,Williams,17,17,10,0.0,11
2005,Spanish Grand Prix,Rubens Barrichello,Ferrari,18,16,9,0.0,11
2005,Monaco Grand Prix,Kimi Räikkönen,McLaren,1,1,1,10.0,1
2005,Monaco Grand Prix,Fernando Alonso,Renault,2,2,4,5.0,1
2005,Monaco Grand Prix,Mark Webber,Williams,3,3,3,6.0,1
2005,Monaco Grand Prix,Giancarlo Fisichella,Renault,4,4,12,0.0,11
2005,Monaco Grand Prix,Jarno Trulli,Toyota,5,5,10,0.0,11
2005,Monaco Grand Prix,Nick Heidfeld,Williams,6,6,2,8.0,1
2005,Monaco Grand Prix,David Coulthard,Red Bull,7,7,17,0.0,3
2005,Monaco Grand Prix,Michael Schumacher,Ferrari,8,8,7,2.0,1
2005,Monaco Grand Prix,Jacques Villeneuve,Sauber,9,9,11,0.0,11
2005,Monaco Grand Prix,Rubens Barrichello,Ferrari,10,10,8,1.0,1
2005,Monaco Grand Prix,Felipe Massa,Sauber,11,11,9,0.0,11
2005,Monaco Grand Prix,Vitantonio Liuzzi,Red Bull,12,12,15,0.0,3
2005,Monaco Grand Prix,Patrick Friesacher,Minardi,13,13,16,0.0,3
2005,Monaco Grand Prix,Christijan Albers,Minardi,14,14,14,0.0,15
2005,Monaco Grand Prix,Tiago Monteiro,Jordan,15,15,13,0.0,13
2005,Monaco Grand Prix,Juan Pablo Montoya,McLaren,16,16,5,4.0,1
2005,Monaco Grand Prix,Narain Karthikeyan,Jordan,17,17,18,0.0,9
2005,Monaco Grand Prix,Ralf Schumacher,Toyota,18,18,6,3.0,1
2011,Australian Grand Prix,Sebastian Vettel,Red Bull,1,1,1,25.0,1
2011,Australian Grand Prix,Lewis Hamilton,McLaren,2,2,2,18.0,1
2011,Australian Grand Prix,Mark Webber,Red Bull,3,3,5,10.0,1
2011,Australian Grand Prix,Jenson Button,McLaren,4,4,6,8.0,1
2011,Australian Grand Prix,Fernando Alonso,Ferrari,5,5,4,12.0,1
2011,Australian Grand Prix,Vitaly Petrov,Renault,6,6,3,15.0,1
2011,Australian Grand Prix,Nico Rosberg,Mercedes,7,7,17,0.0,4
2011,Australian Grand Prix,Felipe Massa,Ferrari,8,8,7,6.0,1
2011,Australian Grand Prix,Kamui Kobayashi,Sauber,9,9,21,0.0,2
2011,Australian Grand Prix,Sébastien Buemi,Toro Rosso,10,10,8,4.0,11
2011,Australian Grand Prix,Michael Schumacher,Mercedes,11,11,19,0.0,4
2011,Australian Grand Prix,Jaime Alguersuari,Toro Rosso,12,12,11,0.0,11
2011,Australian Grand Prix,Sergio Pérez,Sauber,13,13,22,0.0,2
2011,Australian Grand Prix,Paul di Resta,Force India,14,14,10,1.0,11
2011,Australian Grand Prix,Pastor Maldonado,Williams,15,15,20,0.0,7
2011,Australian Grand Prix,Adrian Sutil,Force India,16,16,9,2.0,11
2011,Australian Grand Prix,Rubens Barrichello,Williams,17,17,16,0.0,7
2011,Australian Grand Prix,Nick Heidfeld,Renault,18,18,12,0.0,11
2011,Australian Grand Prix,Heikki Kovalainen,Lotus,19,19,18,0.0,47
2011,Australian Grand Prix,Jarno Trulli,Lotus,20,20,13,0.0,12
2011,Australian Grand Prix,Timo Glock,Virgin,21,21,15,0.0,19
2011,Australian Grand Prix,Jérôme d'Ambrosio,Virgin,22,22,14,0.0,14
2011,Malaysian Grand Prix,Sebastian Vettel,Red Bull,1,1,1,25.0,1
2011,Australian Grand Prix,Vitantonio Liuzzi,HRT,23,0,23,0.0,81
2011,Australian Grand Prix,Narain Karthikeyan,HRT,24,0,24,0.0,81
2011,Malaysian Grand Prix,Lewis Hamilton,McLaren,2,2,8,4.0,1
2011,Malaysian Grand Prix,Mark Webber,Red Bull,3,3,4,12.0,1
2011,Malaysian Grand Prix,Jenson Button,McLaren,4,4,2,18.0,1
2011,Malaysian Grand Prix,Fernando Alonso,Ferrari,5,5,6,8.0,1
2011,Malaysian Grand Prix,Nick Heidfeld,Renault,6,6,3,15.0,1
2011,Malaysian Grand Prix,Felipe Massa,Ferrari,7,7,5,10.0,1
2011,Malaysian Grand Prix,Vitaly Petrov,Renault,8,8,17,0.0,3
2011,Malaysian Grand Prix,Nico Rosberg,Mercedes,9,9,12,0.0,11
2011,Malaysian Grand Prix,Kamui Kobayashi,Sauber,10,10,7,6.0,1
2011,Malaysian Grand Prix,Michael Schumacher,Mercedes,11,11,9,2.0,1
2011,Malaysian Grand Prix,Sébastien Buemi,Toro Rosso,12,12,13,0.0,11
2011,Malaysian Grand Prix,Jaime Alguersuari,Toro Rosso,13,13,14,0.0,11
2011,Malaysian Grand Prix,Paul di Resta,Force India,14,14,10,1.0,1
2011,Malaysian Grand Prix,Rubens Barrichello,Williams,15,15,22,0.0,6
2011,Malaysian Grand Prix,Sergio Pérez,Sauber,16,16,21,0.0,3
2011,Malaysian Grand Prix,Adrian Sutil,Force India,17,17,11,0.0,11
2011,Malaysian Grand Prix,Pastor Maldonado,Williams,18,18,24,0.0,129
2011,Malaysian Grand Prix,Heikki Kovalainen,Lotus,19,19,15,0.0,11
2011,Malaysian Grand Prix,Jarno Trulli,Lotus,20,20,20,0.0,8
2011,Malaysian Grand Prix,Timo Glock,Virgin,21,21,16,0.0,12
2011,Malaysian Grand Prix,Jérôme d'Ambrosio,Virgin,22,22,19,0.0,3
2011,Malaysian Grand Prix,Vitantonio Liuzzi,HRT,23,23,18,0.0,88
2011,Malaysian Grand Prix,Narain Karthikeyan,HRT,24,24,23,0.0,128
2011,Chinese Grand Prix,Sebastian Vettel,Red Bull,1,1,2,18.0,1
2011,Chinese Grand Prix,Jenson Button,McLaren,2,2,4,12.0,1
2011,Chinese Grand Prix,Lewis Hamilton,McLaren,3,3,1,25.0,1
2011,Chinese Grand Prix,Nico Rosberg,Mercedes,4,4,5,10.0,1
2011,Chinese Grand Prix,Fernando Alonso,Ferrari,5,5,7,6.0,1
2011,Chinese Grand Prix,Felipe Massa,Ferrari,6,6,6,8.0,1
2011,Chinese Grand Prix,Jaime Alguersuari,Toro Rosso,7,7,24,0.0,36
2011,Chinese Grand Prix,Paul di Resta,Force India,8,8,11,0.0,1
2011,Chinese Grand Prix,Sébastien Buemi,Toro Rosso,9,9,14,0.0,1
2011,Chinese Grand Prix,Vitaly Petrov,Renault,10,10,9,2.0,1
2011,Chinese Grand Prix,Adrian Sutil,Force India,11,11,15,0.0,11
2011,Chinese Grand Prix,Sergio Pérez,Sauber,12,12,17,0.0,11
2011,Chinese Grand Prix,Kamui Kobayashi,Sauber,13,13,10,1.0,1
2011,Chinese Grand Prix,Michael Schumacher,Mercedes,14,14,8,4.0,1
2011,Chinese Grand Prix,Rubens Barrichello,Williams,15,15,13,0.0,1
2011,Chinese Grand Prix,Nick Heidfeld,Renault,16,16,12,0.0,1
2011,Chinese Grand Prix,Pastor Maldonado,Williams,17,17,18,0.0,11
2011,Chinese Grand Prix,Mark Webber,Red Bull,18,18,3,15.0,1
2011,Chinese Grand Prix,Heikki Kovalainen,Lotus,19,19,16,0.0,11
2011,Chinese Grand Prix,Jarno Trulli,Lotus,20,20,19,0.0,11
2011,Chinese Grand Prix,Jérôme d'Ambrosio,Virgin,21,21,20,0.0,12
2011,Chinese Grand Prix,Timo Glock,Virgin,22,22,21,0.0,12
2011,Chinese Grand Prix,Vitantonio Liuzzi,HRT,23,23,22,0.0,12
2011,Chinese Grand Prix,Narain Karthikeyan,HRT,24,24,23,0.0,12
2011,Turkish Grand Prix,Sebastian Vettel,Red Bull,1,1,1,25.0,1
2011,Turkish Grand Prix,Mark Webber,Red Bull,2,2,2,18.0,1
2011,Turkish Grand Prix,Nico Rosberg,Mercedes,3,3,5,10.0,1
2011,Turkish Grand Prix,Lewis Hamilton,McLaren,4,4,4,12.0,1
2011,Turkish Grand Prix,Fernando Alonso,Ferrari,5,5,3,15.0,1
2011,Turkish Grand Prix,Jenson Button,McLaren,6,6,6,8.0,1
2011,Turkish Grand Prix,Vitaly Petrov,Renault,7,7,8,4.0,1
2011,Turkish Grand Prix,Michael Schumacher,Mercedes,8,8,12,0.0,1
2011,Turkish Grand Prix,Nick Heidfeld,Renault,9,9,7,6.0,1
2011,Turkish Grand Prix,Felipe Massa,Ferrari,10,10,11,0.0,1
2011,Turkish Grand Prix,Rubens Barrichello,Williams,11,11,15,0.0,11
2011,Turkish Grand Prix,Adrian Sutil,Force India,12,12,13,0.0,11
2011,Turkish Grand Prix,Paul di Resta,Force India,13,13,23,0.0,31
2011,Turkish Grand Prix,Pastor Maldonado,Williams,14,14,17,0.0,11
2011,Turkish Grand Prix,Sergio Pérez,Sauber,15,15,14,0.0,11
2011,Turkish Grand Prix,Sébastien Buemi,Toro Rosso,16,16,9,2.0,1
2011,Turkish Grand Prix,Jaime Alguersuari,Toro Rosso,17,17,16,0.0,11
2011,Turkish Grand Prix,Heikki Kovalainen,Lotus,18,18,19,0.0,12
2011,Turkish Grand Prix,Jarno Trulli,Lotus,19,19,18,0.0,11
2011,Turkish Grand Prix,Jérôme d'Ambrosio,Virgin,20,23,20,0.0,12
2011,Turkish Grand Prix,Vitantonio Liuzzi,HRT,21,20,22,0.0,15
2011,Turkish Grand Prix,Timo Glock,Virgin,22,21,24,0.0,6
2011,Turkish Grand Prix,Narain Karthikeyan,HRT,23,22,21,0.0,13
2011,Spanish Grand Prix,Mark Webber,Red Bull,1,1,4,12.0,1
2011,Spanish Grand Prix,Sebastian Vettel,Red Bull,2,2,1,25.0,1
2011,Spanish Grand Prix,Lewis Hamilton,McLaren,3,3,2,18.0,1
2011,Spanish Grand Prix,Fernando Alonso,Ferrari,4,4,5,10.0,11
2011,Spanish Grand Prix,Jenson Button,McLaren,5,5,3,15.0,1
2011,Spanish Grand Prix,Vitaly Petrov,Renault,6,6,11,0.0,11
2011,Spanish Grand Prix,Nico Rosberg,Mercedes,7,7,7,6.0,11
2011,Spanish Grand Prix,Felipe Massa,Ferrari,8,8,22,0.0,6
2011,Spanish Grand Prix,Pastor Maldonado,Williams,9,9,15,0.0,11
2011,Spanish Grand Prix,Michael Schumacher,Mercedes,10,10,6,8.0,11
2011,Spanish Grand Prix,Sébastien Buemi,Toro Rosso,11,11,14,0.0,11
2011,Spanish Grand Prix,Sergio Pérez,Sauber,12,12,9,2.0,11
2011,Spanish Grand Prix,Jaime Alguersuari,Toro Rosso,13,13,16,0.0,12
2011,Spanish Grand Prix,Kamui Kobayashi,Sauber,14,14,10,1.0,11
2011,Spanish Grand Prix,Heikki Kovalainen,Lotus,15,15,23,0.0,3
2011,Spanish Grand Prix,Paul di Resta,Force India,16,16,12,0.0,11
2011,Spanish Grand Prix,Adrian Sutil,Force India,17,17,13,0.0,11
2011,Spanish Grand Prix,Jarno Trulli,Lotus,18,18,18,0.0,12
2011,Spanish Grand Prix,Rubens Barrichello,Williams,19,19,17,0.0,12
2011,Spanish Grand Prix,Timo Glock,Virgin,20,20,19,0.0,13
2011,Spanish Grand Prix,Vitantonio Liuzzi,HRT,21,21,24,0.0,6
2011,Spanish Grand Prix,Narain Karthikeyan,HRT,22,22,21,0.0,15
2011,Spanish Grand Prix,Jérôme d'Ambrosio,Virgin,23,23,20,0.0,14
2011,Monaco Grand Prix,Sebastian Vettel,Red Bull,1,1,1,25.0,1
2011,Monaco Grand Prix,Jenson Button,McLaren,2,2,3,15.0,1
2011,Monaco Grand Prix,Mark Webber,Red Bull,3,3,4,12.0,1
2011,Monaco Grand Prix,Fernando Alonso,Ferrari,4,4,2,18.0,1
2011,Monaco Grand Prix,Michael Schumacher,Mercedes,5,5,22,0.0,5
2011,Monaco Grand Prix,Felipe Massa,Ferrari,6,6,21,0.0,3
2011,Monaco Grand Prix,Lewis Hamilton,McLaren,7,9,6,8.0,1
2011,Monaco Grand Prix,Nico Rosberg,Mercedes,8,7,11,0.0,12
2011,Monaco Grand Prix,Pastor Maldonado,Williams,9,8,18,0.0,3
2011,Monaco Grand Prix,Sergio Pérez,Sauber,10,0,24,0.0,82
2011,Monaco Grand Prix,Vitaly Petrov,Renault,11,10,19,0.0,4
2011,Monaco Grand Prix,Rubens Barrichello,Williams,12,11,9,2.0,11
2011,Monaco Grand Prix,Kamui Kobayashi,Sauber,13,12,5,10.0,1
2011,Monaco Grand Prix,Paul di Resta,Force India,14,13,12,0.0,12
2011,Monaco Grand Prix,Adrian Sutil,Force India,15,14,7,6.0,11
2011,Monaco Grand Prix,Nick Heidfeld,Renault,16,15,8,4.0,11
2011,Monaco Grand Prix,Sébastien Buemi,Toro Rosso,17,16,10,1.0,11
2011,Monaco Grand Prix,Heikki Kovalainen,Lotus,18,17,14,0.0,12
2011,Monaco Grand Prix,Jarno Trulli,Lotus,19,18,13,0.0,12
2011,Monaco Grand Prix,Jaime Alguersuari,Toro Rosso,20,19,20,0.0,4
2011,Monaco Grand Prix,Timo Glock,Virgin,21,20,23,0.0,22
2011,Monaco Grand Prix,Jérôme d'Ambrosio,Virgin,22,21,15,0.0,13
2011,Monaco Grand Prix,Narain Karthikeyan,HRT,23,22,17,0.0,14
2011,Monaco Grand Prix,Vitantonio Liuzzi,HRT,24,23,16,0.0,13
2011,Canadian Grand Prix,Sebastian Vettel,Red Bull,1,1,2,18.0,1
2011,Canadian Grand Prix,Fernando Alonso,Ferrari,2,2,22,0.0,4
2011,Canadian Grand Prix,Felipe Massa,Ferrari,3,3,6,8.0,1
2011,Canadian Grand Prix,Mark Webber,Red Bull,4,4,3,15.0,1
2011,Canadian Grand Prix,Lewis Hamilton,McLaren,5,5,24,0.0,4
2011,Canadian Grand Prix,Nico Rosberg,Mercedes,6,6,11,0.0,1
2011,Canadian Grand Prix,Jenson Button,McLaren,7,7,1,25.0,1
2011,Canadian Grand Prix,Michael Schumacher,Mercedes,8,8,4,12.0,1
2011,Canadian Grand Prix,Nick Heidfeld,Renault,9,9,20,0.0,3
2011,Canadian Grand Prix,Vitaly Petrov,Renault,10,10,5,10.0,1
2011,Canadian Grand Prix,Paul di Resta,Force India,11,11,18,0.0,3
2011,Canadian Grand Prix,Pastor Maldonado,Williams,12,12,19,0.0,31
2011,Canadian Grand Prix,Kamui Kobayashi,Sauber,13,13,7,6.0,1
2011,Canadian Grand Prix,Adrian Sutil,Force India,14,14,21,0.0,3
2011,Canadian Grand Prix,Sébastien Buemi,Toro Rosso,15,15,10,1.0,1
2011,Canadian Grand Prix,Rubens Barrichello,Williams,16,16,9,2.0,1
2011,Canadian Grand Prix,Pedro de la Rosa,Sauber,17,17,12,0.0,1
2011,Canadian Grand Prix,Jaime Alguersuari,Toro Rosso,18,24,8,4.0,1
2011,Canadian Grand Prix,Jarno Trulli,Lotus,19,18,17,0.0,11
2011,Canadian Grand Prix,Heikki Kovalainen,Lotus,20,19,23,0.0,7
2011,Canadian Grand Prix,Vitantonio Liuzzi,HRT,21,20,13,0.0,11
2011,Canadian Grand Prix,Timo Glock,Virgin,22,21,16,0.0,11
2011,Canadian Grand Prix,Narain Karthikeyan,HRT,23,22,14,0.0,11
2011,Canadian Grand Prix,Jérôme d'Ambrosio,Virgin,24,23,15,0.0,11
2011,European Grand Prix,Sebastian Vettel,Red Bull,1,1,1,25.0,1
2011,European Grand Prix,Mark Webber,Red Bull,2,2,3,15.0,1
2011,European Grand Prix,Lewis Hamilton,McLaren,3,3,4,12.0,1
2011,European Grand Prix,Fernando Alonso,Ferrari,4,4,2,18.0,1
2011,European Grand Prix,Felipe Massa,Ferrari,5,5,5,10.0,1
2011,European Grand Prix,Jenson Button,McLaren,6,6,6,8.0,1
2011,European Grand Prix,Nico Rosberg,Mercedes,7,7,7,6.0,1
2011,European Grand Prix,Michael Schumacher,Mercedes,8,8,17,0.0,11
2011,European Grand Prix,Nick Heidfeld,Renault,9,9,10,1.0,11
2011,European Grand Prix,Adrian Sutil,Force India,10,10,9,2.0,11
2011,European Grand Prix,Vitaly Petrov,Renault,11,11,15,0.0,11
2011,European Grand Prix,Paul di Resta,Force India,12,12,14,0.0,11
2011,European Grand Prix,Rubens Barrichello,Williams,13,13,12,0.0,11
2011,European Grand Prix,Kamui Kobayashi,Sauber,14,14,16,0.0,11
2011,European Grand Prix,Pastor Maldonado,Williams,15,15,18,0.0,11
2011,European Grand Prix,Sergio Pérez,Sauber,16,16,11,0.0,11
2011,European Grand Prix,Sébastien Buemi,Toro Rosso,17,17,13,0.0,11
2011,European Grand Prix,Jaime Alguersuari,Toro Rosso,18,18,8,4.0,11
2011,European Grand Prix,Heikki Kovalainen,Lotus,19,19,19,0.0,12
2011,European Grand Prix,Jarno Trulli,Lotus,20,20,20,0.0,12
2011,European Grand Prix,Timo Glock,Virgin,21,21,21,0.0,12
2011,European Grand Prix,Vitantonio Liuzzi,HRT,22,22,23,0.0,13
2011,European Grand Prix,Jérôme d'Ambrosio,Virgin,23,23,22,0.0,12
2011,European Grand Prix,Narain Karthikeyan,HRT,24,24,24,0.0,13
2011,British Grand Prix,Mark Webber,Red Bull,1,1,3,15.0,1
2011,British Grand Prix,Sebastian Vettel,Red Bull,2,2,2,18.0,1
2011,British Grand Prix,Fernando Alonso,Ferrari,3,3,1,25.0,1
2011,British Grand Prix,Felipe Massa,Ferrari,4,4,5,10.0,1
2011,British Grand Prix,Jenson Button,McLaren,5,5,20,0.0,61
2011,British Grand Prix,Paul di Resta,Force India,6,6,15,0.0,11
2011,British Grand Prix,Pastor Maldonado,Williams,7,7,14,0.0,11
2011,British Grand Prix,Kamui Kobayashi,Sauber,8,8,22,0.0,5
2011,British Grand Prix,Nico Rosberg,Mercedes,9,9,6,8.0,1
2011,British Grand Prix,Lewis Hamilton,McLaren,10,10,4,12.0,1
2011,British Grand Prix,Adrian Sutil,Force India,11,11,11,0.0,1
2011,British Grand Prix,Sergio Pérez,Sauber,12,12,7,6.0,1
2011,British Grand Prix,Michael Schumacher,Mercedes,13,13,9,2.0,1
2011,British Grand Prix,Vitaly Petrov,Renault,14,14,12,0.0,1
2011,British Grand Prix,Rubens Barrichello,Williams,15,15,13,0.0,11
2011,British Grand Prix,Nick Heidfeld,Renault,16,16,8,4.0,1
2011,British Grand Prix,Heikki Kovalainen,Lotus,17,17,24,0.0,6
2011,British Grand Prix,Jaime Alguersuari,Toro Rosso,18,18,10,1.0,1
2011,British Grand Prix,Sébastien Buemi,Toro Rosso,19,19,21,0.0,3
2011,British Grand Prix,Timo Glock,Virgin,20,20,16,0.0,12
2011,British Grand Prix,Jarno Trulli,Lotus,21,21,23,0.0,44
2011,British Grand Prix,Jérôme d'Ambrosio,Virgin,22,22,17,0.0,12
2011,British Grand Prix,Vitantonio Liuzzi,HRT,23,23,18,0.0,12
2011,British Grand Prix,Daniel Ricciardo,HRT,24,24,19,0.0,13
2011,German Grand Prix,Mark Webber,Red Bull,1,1,3,15.0,1
2011,German Grand Prix,Lewis Hamilton,McLaren,2,2,1,25.0,1
2011,German Grand Prix,Sebastian Vettel,Red Bull,3,3,4,12.0,1
2011,German Grand Prix,Fernando Alonso,Ferrari,4,4,2,18.0,1
2011,German Grand Prix,Felipe Massa,Ferrari,5,5,5,10.0,1
2011,German Grand Prix,Nico Rosberg,Mercedes,6,6,7,6.0,11
2011,German Grand Prix,Jenson Button,McLaren,7,7,22,0.0,9
2011,German Grand Prix,Adrian Sutil,Force India,8,8,6,8.0,1
2011,German Grand Prix,Vitaly Petrov,Renault,9,9,10,1.0,11
2011,German Grand Prix,Michael Schumacher,Mercedes,10,10,8,4.0,11
2011,German Grand Prix,Nick Heidfeld,Renault,11,11,24,0.0,4
2011,German Grand Prix,Paul di Resta,Force India,12,12,13,0.0,11
2011,German Grand Prix,Pastor Maldonado,Williams,13,13,14,0.0,11
2011,German Grand Prix,Rubens Barrichello,Williams,14,14,23,0.0,44
2011,German Grand Prix,Sergio Pérez,Sauber,15,15,11,0.0,11
2011,German Grand Prix,Sébastien Buemi,Toro Rosso,16,24,15,0.0,11
2011,German Grand Prix,Jaime Alguersuari,Toro Rosso,17,16,12,0.0,11
2011,German Grand Prix,Kamui Kobayashi,Sauber,18,17,9,2.0,11
2011,German Grand Prix,Heikki Kovalainen,Lotus,19,18,16,0.0,12
2011,German Grand Prix,Timo Glock,Virgin,20,19,17,0.0,13
2011,German Grand Prix,Karun Chandhok,Lotus,21,20,20,0.0,14
2011,German Grand Prix,Jérôme d'Ambrosio,Virgin,22,21,18,0.0,13
2011,German Grand Prix,Vitantonio Liuzzi,HRT,23,23,21,0.0,10
2011,German Grand Prix,Daniel Ricciardo,HRT,24,22,19,0.0,13
2011,Hungarian Grand Prix,Sebastian Vettel,Red Bull,1,1,2,18.0,1
2011,Hungarian Grand Prix,Lewis Hamilton,McLaren,2,2,4,12.0,1
2011,Hungarian Grand Prix,Jenson Button,McLaren,3,3,1,25.0,1
2011,Hungarian Grand Prix,Felipe Massa,Ferrari,4,4,6,8.0,1
2011,Hungarian Grand Prix,Fernando Alonso,Ferrari,5,5,3,15.0,1
2011,Hungarian Grand Prix,Mark Webber,Red Bull,6,6,5,10.0,1
2011,Hungarian Grand Prix,Nico Rosberg,Mercedes,7,7,9,2.0,11
2011,Hungarian Grand Prix,Adrian Sutil,Force India,8,8,14,0.0,12
2011,Hungarian Grand Prix,Michael Schumacher,Mercedes,9,9,22,0.0,6
2011,Hungarian Grand Prix,Sergio Pérez,Sauber,10,10,15,0.0,12
2011,Hungarian Grand Prix,Paul di Resta,Force India,11,11,7,6.0,11
2011,Hungarian Grand Prix,Vitaly Petrov,Renault,12,12,12,0.0,11
2011,Hungarian Grand Prix,Kamui Kobayashi,Sauber,13,13,11,0.0,11
2011,Hungarian Grand Prix,Nick Heidfeld,Renault,14,14,23,0.0,42
2011,Hungarian Grand Prix,Rubens Barrichello,Williams,15,15,13,0.0,12
2011,Hungarian Grand Prix,Jaime Alguersuari,Toro Rosso,16,16,10,1.0,11
2011,Hungarian Grand Prix,Pastor Maldonado,Williams,17,17,16,0.0,12
2011,Hungarian Grand Prix,Sébastien Buemi,Toro Rosso,18,23,8,4.0,11
2011,Hungarian Grand Prix,Heikki Kovalainen,Lotus,19,18,21,0.0,47
2011,Hungarian Grand Prix,Jarno Trulli,Lotus,20,19,24,0.0,44
2011,Hungarian Grand Prix,Timo Glock,Virgin,21,20,17,0.0,14
2011,Hungarian Grand Prix,Vitantonio Liuzzi,HRT,22,21,20,0.0,15
2011,Hungarian Grand Prix,Daniel Ricciardo,HRT,23,22,18,0.0,14
2011,Hungarian Grand Prix,Jérôme d'Ambrosio,Virgin,24,24,19,0.0,15
2011,Belgian Grand Prix,Sebastian Vettel,Red Bull,1,1,1,25.0,1
2011,Belgian Grand Prix,Lewis Hamilton,McLaren,2,2,22,0.0,4
2011,Belgian Grand Prix,Mark Webber,Red Bull,3,3,2,18.0,1
2011,Belgian Grand Prix,Felipe Massa,Ferrari,4,4,8,4.0,1
2011,Belgian Grand Prix,Nico Rosberg,Mercedes,5,5,6,8.0,1
2011,Belgian Grand Prix,Jaime Alguersuari,Toro Rosso,6,6,24,0.0,4
2011,Belgian Grand Prix,Bruno Senna,Renault,7,7,13,0.0,1
2011,Belgian Grand Prix,Fernando Alonso,Ferrari,8,8,4,12.0,1
2011,Belgian Grand Prix,Sergio Pérez,Sauber,9,9,20,0.0,22
2011,Belgian Grand Prix,Vitaly Petrov,Renault,10,10,9,2.0,1
2011,Belgian Grand Prix,Sébastien Buemi,Toro Rosso,11,11,23,0.0,65
2011,Belgian Grand Prix,Kamui Kobayashi,Sauber,12,12,12,0.0,1
2011,Belgian Grand Prix,Jenson Button,McLaren,13,13,3,15.0,1
2011,Belgian Grand Prix,Rubens Barrichello,Williams,14,14,16,0.0,11
2011,Belgian Grand Prix,Adrian Sutil,Force India,15,15,7,6.0,1
2011,Belgian Grand Prix,Pastor Maldonado,Williams,16,21,10,1.0,1
2011,Belgian Grand Prix,Heikki Kovalainen,Lotus,17,16,15,0.0,11
2011,Belgian Grand Prix,Paul di Resta,Force India,18,17,11,0.0,1
2011,Belgian Grand Prix,Jarno Trulli,Lotus,19,18,14,0.0,11
2011,Belgian Grand Prix,Timo Glock,Virgin,20,19,18,0.0,11
2011,Belgian Grand Prix,Jérôme d'Ambrosio,Virgin,21,20,17,0.0,11
2011,Belgian Grand Prix,Vitantonio Liuzzi,HRT,22,22,19,0.0,11
2011,Belgian Grand Prix,Daniel Ricciardo,HRT,23,23,21,0.0,5
2011,Singapore Grand Prix,Sebastian Vettel,Red Bull,1,1,1,25.0,1
2011,Singapore Grand Prix,Mark Webber,Red Bull,2,2,3,15.0,1
2011,Singapore Grand Prix,Jenson Button,McLaren,3,3,2,18.0,1
2011,Singapore Grand Prix,Lewis Hamilton,McLaren,4,4,5,10.0,1
2011,Singapore Grand Prix,Fernando Alonso,Ferrari,5,5,4,12.0,1
2011,Singapore Grand Prix,Felipe Massa,Ferrari,6,6,9,2.0,11
2011,Singapore Grand Prix,Nico Rosberg,Mercedes,7,7,7,6.0,11
2011,Singapore Grand Prix,Michael Schumacher,Mercedes,8,8,23,0.0,3
2011,Singapore Grand Prix,Adrian Sutil,Force India,9,9,8,4.0,11
2011,Singapore Grand Prix,Paul di Resta,Force India,10,10,6,8.0,1
2011,Singapore Grand Prix,Sergio Pérez,Sauber,11,11,10,1.0,11
2011,Singapore Grand Prix,Rubens Barrichello,Williams,12,12,13,0.0,11
2011,Singapore Grand Prix,Pastor Maldonado,Williams,13,13,11,0.0,11
2011,Singapore Grand Prix,Sébastien Buemi,Toro Rosso,14,14,12,0.0,11
2011,Singapore Grand Prix,Bruno Senna,Renault,15,15,15,0.0,12
2011,Singapore Grand Prix,Jaime Alguersuari,Toro Rosso,16,16,21,0.0,3
2011,Singapore Grand Prix,Kamui Kobayashi,Sauber,17,17,14,0.0,12
2011,Singapore Grand Prix,Vitaly Petrov,Renault,18,18,17,0.0,12
2011,Singapore Grand Prix,Heikki Kovalainen,Lotus,19,19,16,0.0,12
2011,Singapore Grand Prix,Jarno Trulli,Lotus,20,20,22,0.0,6
2011,Singapore Grand Prix,Timo Glock,Virgin,21,21,24,0.0,3
2011,Singapore Grand Prix,Jérôme d'Ambrosio,Virgin,22,22,18,0.0,12
2011,Singapore Grand Prix,Daniel Ricciardo,HRT,23,23,19,0.0,14
2011,Singapore Grand Prix,Vitantonio Liuzzi,HRT,24,24,20,0.0,14
2011,Japanese Grand Prix,Sebastian Vettel,Red Bull,1,1,3,15.0,1
2011,Japanese Grand Prix,Jenson Button,McLaren,2,2,1,25.0,1
2011,Japanese Grand Prix,Lewis Hamilton,McLaren,3,3,5,10.0,1
2011,Japanese Grand Prix,Felipe Massa,Ferrari,4,4,7,6.0,1
2011,Japanese Grand Prix,Fernando Alonso,Ferrari,5,5,2,18.0,1
2011,Japanese Grand Prix,Mark Webber,Red Bull,6,6,4,12.0,1
2011,Japanese Grand Prix,Kamui Kobayashi,Sauber,10,7,13,0.0,1
2011,Japanese Grand Prix,Michael Schumacher,Mercedes,7,8,6,8.0,1
2011,Japanese Grand Prix,Bruno Senna,Renault,8,9,16,0.0,1
2011,Japanese Grand Prix,Vitaly Petrov,Renault,9,10,9,2.0,1
2011,Japanese Grand Prix,Adrian Sutil,Force India,11,11,11,0.0,1
2011,Japanese Grand Prix,Paul di Resta,Force India,12,12,12,0.0,1
2011,Japanese Grand Prix,Rubens Barrichello,Williams,13,13,17,0.0,1
2011,Japanese Grand Prix,Pastor Maldonado,Williams,14,14,14,0.0,1
2011,Japanese Grand Prix,Sébastien Buemi,Toro Rosso,15,15,24,0.0,36
2011,Japanese Grand Prix,Jaime Alguersuari,Toro Rosso,16,16,15,0.0,1
2011,Japanese Grand Prix,Sergio Pérez,Sauber,17,17,8,4.0,1
2011,Japanese Grand Prix,Heikki Kovalainen,Lotus,18,18,18,0.0,1
2011,Japanese Grand Prix,Jarno Trulli,Lotus,19,19,19,0.0,1
2011,Japanese Grand Prix,Jérôme d'Ambrosio,Virgin,20,20,21,0.0,12
2011,Japanese Grand Prix,Timo Glock,Virgin,21,21,20,0.0,12
2011,Japanese Grand Prix,Daniel Ricciardo,HRT,22,22,22,0.0,12
2011,Japanese Grand Prix,Nico Rosberg,Mercedes,23,23,10,1.0,1
2011,Japanese Grand Prix,Vitantonio Liuzzi,HRT,24,24,23,0.0,13
2011,Korean Grand Prix,Lewis Hamilton,McLaren,1,1,2,18.0,1
2011,Korean Grand Prix,Sebastian Vettel,Red Bull,2,2,1,25.0,1
2011,Korean Grand Prix,Jenson Button,McLaren,3,3,4,12.0,1
2011,Korean Grand Prix,Mark Webber,Red Bull,4,4,3,15.0,1
2011,Korean Grand Prix,Felipe Massa,Ferrari,5,5,6,8.0,1
2011,Korean Grand Prix,Fernando Alonso,Ferrari,6,6,5,10.0,1
2011,Korean Grand Prix,Nico Rosberg,Mercedes,7,7,8,4.0,1
2011,Korean Grand Prix,Vitaly Petrov,Renault,8,8,23,0.0,4
2011,Korean Grand Prix,Paul di Resta,Force India,9,9,10,1.0,1
2011,Korean Grand Prix,Adrian Sutil,Force India,10,10,11,0.0,1
2011,Korean Grand Prix,Jaime Alguersuari,Toro Rosso,11,11,7,6.0,1
2011,Korean Grand Prix,Michael Schumacher,Mercedes,12,12,24,0.0,4
2011,Korean Grand Prix,Sébastien Buemi,Toro Rosso,13,13,9,2.0,1
2011,Korean Grand Prix,Kamui Kobayashi,Sauber,14,14,15,0.0,11
2011,Korean Grand Prix,Bruno Senna,Renault,15,15,13,0.0,11
2011,Korean Grand Prix,Pastor Maldonado,Williams,16,16,22,0.0,8
2011,Korean Grand Prix,Sergio Pérez,Sauber,17,17,16,0.0,11
2011,Korean Grand Prix,Rubens Barrichello,Williams,18,18,12,0.0,1
2011,Korean Grand Prix,Heikki Kovalainen,Lotus,19,19,14,0.0,11
2011,Korean Grand Prix,Jarno Trulli,Lotus,20,20,17,0.0,11
2011,Korean Grand Prix,Timo Glock,Virgin,21,21,18,0.0,11
2011,Korean Grand Prix,Jérôme d'Ambrosio,Virgin,22,22,20,0.0,11
2011,Korean Grand Prix,Vitantonio Liuzzi,HRT,23,23,21,0.0,13
2011,Korean Grand Prix,Daniel Ricciardo,HRT,24,24,19,0.0,11
2011,Indian Grand Prix,Sebastian Vettel,Red Bull,1,1,1,25.0,1
2011,Indian Grand Prix,Lewis Hamilton,McLaren,2,5,7,6.0,1
2011,Indian Grand Prix,Mark Webber,Red Bull,3,2,4,12.0,1
2011,Indian Grand Prix,Fernando Alonso,Ferrari,4,3,3,15.0,1
2011,Indian Grand Prix,Jenson Button,McLaren,5,4,2,18.0,1
2011,Indian Grand Prix,Felipe Massa,Ferrari,6,6,20,0.0,22
2011,Indian Grand Prix,Nico Rosberg,Mercedes,7,7,6,8.0,1
2011,Indian Grand Prix,Adrian Sutil,Force India,8,8,9,2.0,11
2011,Indian Grand Prix,Sébastien Buemi,Toro Rosso,9,9,21,0.0,5
2011,Indian Grand Prix,Jaime Alguersuari,Toro Rosso,10,10,8,4.0,11
2011,Indian Grand Prix,Vitaly Petrov,Renault,11,16,11,0.0,11
2011,Indian Grand Prix,Michael Schumacher,Mercedes,12,11,5,10.0,1
2011,Indian Grand Prix,Paul di Resta,Force India,13,12,13,0.0,11
2011,Indian Grand Prix,Pastor Maldonado,Williams,14,13,22,0.0,6
2011,Indian Grand Prix,Bruno Senna,Renault,15,14,12,0.0,11
2011,Indian Grand Prix,Rubens Barrichello,Williams,16,15,15,0.0,12
2011,Indian Grand Prix,Sergio Pérez,Sauber,17,20,10,1.0,11
2011,Indian Grand Prix,Kamui Kobayashi,Sauber,18,17,24,0.0,4
2011,Indian Grand Prix,Heikki Kovalainen,Lotus,19,18,14,0.0,12
2011,Indian Grand Prix,Jarno Trulli,Lotus,20,19,19,0.0,15
2011,Indian Grand Prix,Daniel Ricciardo,HRT,21,23,18,0.0,13
2011,Indian Grand Prix,Narain Karthikeyan,HRT,22,24,17,0.0,13
2011,Indian Grand Prix,Jérôme d'Ambrosio,Virgin,23,21,16,0.0,13
2011,Indian Grand Prix,Timo Glock,Virgin,24,22,23,0.0,4
2011,Abu Dhabi Grand Prix,Sebastian Vettel,Red Bull,1,1,24,0.0,29
2011,Abu Dhabi Grand Prix,Lewis Hamilton,McLaren,2,2,1,25.0,1
2011,Abu Dhabi Grand Prix,Jenson Button,McLaren,3,3,3,15.0,1
2011,Abu Dhabi Grand Prix,Mark Webber,Red Bull,4,4,4,12.0,1
2011,Abu Dhabi Grand Prix,Fernando Alonso,Ferrari,5,5,2,18.0,1
2011,Abu Dhabi Grand Prix,Felipe Massa,Ferrari,6,6,5,10.0,1
2011,Abu Dhabi Grand Prix,Nico Rosberg,Mercedes,7,7,6,8.0,1
2011,Abu Dhabi Grand Prix,Michael Schumacher,Mercedes,8,8,7,6.0,1
2011,Abu Dhabi Grand Prix,Adrian Sutil,Force India,9,9,8,4.0,1
2011,Abu Dhabi Grand Prix,Paul di Resta,Force India,10,10,9,2.0,1
2011,Abu Dhabi Grand Prix,Sergio Pérez,Sauber,11,11,11,0.0,11
2011,Abu Dhabi Grand Prix,Vitaly Petrov,Renault,12,12,13,0.0,11
2011,Abu Dhabi Grand Prix,Sébastien Buemi,Toro Rosso,13,13,22,0.0,9
2011,Abu Dhabi Grand Prix,Bruno Senna,Renault,14,14,16,0.0,11
2011,Abu Dhabi Grand Prix,Jaime Alguersuari,Toro Rosso,15,15,15,0.0,11
2011,Abu Dhabi Grand Prix,Kamui Kobayashi,Sauber,16,16,10,1.0,11
2011,Abu Dhabi Grand Prix,Pastor Maldonado,Williams,17,23,14,0.0,11
2011,Abu Dhabi Grand Prix,Heikki Kovalainen,Lotus,18,17,17,0.0,11
2011,Abu Dhabi Grand Prix,Jarno Trulli,Lotus,19,18,18,0.0,12
2011,Abu Dhabi Grand Prix,Timo Glock,Virgin,20,19,19,0.0,12
2011,Abu Dhabi Grand Prix,Daniel Ricciardo,HRT,21,20,21,0.0,26
2011,Abu Dhabi Grand Prix,Jérôme d'Ambrosio,Virgin,22,21,23,0.0,23
2011,Abu Dhabi Grand Prix,Vitantonio Liuzzi,HRT,23,22,20,0.0,12
2011,Brazilian Grand Prix,Sebastian Vettel,Red Bull,1,1,2,18.0,1
2011,Brazilian Grand Prix,Mark Webber,Red Bull,2,2,1,25.0,1
2011,Brazilian Grand Prix,Jenson Button,McLaren,3,3,3,15.0,1
2011,Brazilian Grand Prix,Lewis Hamilton,McLaren,4,4,22,0.0,6
2011,Brazilian Grand Prix,Fernando Alonso,Ferrari,5,5,4,12.0,1
2011,Brazilian Grand Prix,Nico Rosberg,Mercedes,6,6,7,6.0,11
2011,Brazilian Grand Prix,Felipe Massa,Ferrari,7,7,5,10.0,1
2011,Brazilian Grand Prix,Adrian Sutil,Force India,8,8,6,8.0,11
2011,Brazilian Grand Prix,Bruno Senna,Renault,9,9,17,0.0,12
2011,Brazilian Grand Prix,Michael Schumacher,Mercedes,10,10,15,0.0,11
2011,Brazilian Grand Prix,Paul di Resta,Force India,11,11,8,4.0,11
2011,Brazilian Grand Prix,Rubens Barrichello,Williams,12,12,14,0.0,11
2011,Brazilian Grand Prix,Jaime Alguersuari,Toro Rosso,13,13,11,0.0,11
2011,Brazilian Grand Prix,Sébastien Buemi,Toro Rosso,14,14,12,0.0,11
2011,Brazilian Grand Prix,Vitaly Petrov,Renault,15,15,10,1.0,11
2011,Brazilian Grand Prix,Kamui Kobayashi,Sauber,16,16,9,2.0,11
2011,Brazilian Grand Prix,Sergio Pérez,Sauber,17,17,13,0.0,11
2011,Brazilian Grand Prix,Pastor Maldonado,Williams,18,18,23,0.0,31
2011,Brazilian Grand Prix,Heikki Kovalainen,Lotus,19,19,16,0.0,12
2011,Brazilian Grand Prix,Jarno Trulli,Lotus,20,20,18,0.0,12
2011,Brazilian Grand Prix,Vitantonio Liuzzi,HRT,21,21,21,0.0,31
2011,Brazilian Grand Prix,Daniel Ricciardo,HRT,22,22,20,0.0,13
2011,Brazilian Grand Prix,Jérôme d'Ambrosio,Virgin,23,23,19,0.0,13
2011,Brazilian Grand Prix,Timo Glock,Virgin,24,24,24,0.0,31
2012,Australian Grand Prix,Lewis Hamilton,McLaren,1,1,3,15.0,1
2012,Australian Grand Prix,Jenson Button,McLaren,2,2,1,25.0,1
2012,Australian Grand Prix,Romain Grosjean,Lotus F1,3,3,21,0.0,4
2012,Australian Grand Prix,Michael Schumacher,Mercedes,4,4,20,0.0,6
2012,Australian Grand Prix,Mark Webber,Red Bull,5,5,4,12.0,1
2012,Australian Grand Prix,Sebastian Vettel,Red Bull,6,6,2,18.0,1
2012,Australian Grand Prix,Nico Rosberg,Mercedes,7,7,12,0.0,1
2012,Australian Grand Prix,Pastor Maldonado,Williams,8,8,13,0.0,3
2012,Australian Grand Prix,Nico Hülkenberg,Force India,9,9,22,0.0,4
2012,Australian Grand Prix,Daniel Ricciardo,Toro Rosso,10,10,9,2.0,1
2012,Australian Grand Prix,Jean-Éric Vergne,Toro Rosso,11,11,11,0.0,1
2012,Australian Grand Prix,Fernando Alonso,Ferrari,12,12,5,10.0,1
2012,Australian Grand Prix,Kamui Kobayashi,Sauber,13,13,6,8.0,1
2012,Australian Grand Prix,Bruno Senna,Williams,14,14,16,0.0,4
2012,Australian Grand Prix,Paul di Resta,Force India,15,15,10,1.0,1
2012,Australian Grand Prix,Felipe Massa,Ferrari,16,16,17,0.0,4
2012,Australian Grand Prix,Sergio Pérez,Sauber,17,22,8,4.0,1
2012,Australian Grand Prix,Kimi Räikkönen,Lotus F1,18,17,7,6.0,1
2012,Australian Grand Prix,Heikki Kovalainen,Caterham,19,18,18,0.0,22
2012,Australian Grand Prix,Vitaly Petrov,Caterham,20,19,19,0.0,38
2012,Australian Grand Prix,Timo Glock,Marussia,21,20,14,0.0,11
2012,Australian Grand Prix,Charles Pic,Marussia,22,21,15,0.0,15
2012,Australian Grand Prix,Pedro de la Rosa,HRT,23,0,23,0.0,81
2012,Australian Grand Prix,Narain Karthikeyan,HRT,24,0,24,0.0,81
2012,Malaysian Grand Prix,Lewis Hamilton,McLaren,1,1,3,15.0,1
2012,Malaysian Grand Prix,Jenson Button,McLaren,2,2,14,0.0,1
2012,Malaysian Grand Prix,Michael Schumacher,Mercedes,3,3,10,1.0,1
2012,Malaysian Grand Prix,Mark Webber,Red Bull,4,4,4,12.0,1
2012,Malaysian Grand Prix,Kimi Räikkönen,Lotus F1,5,10,5,10.0,1
2012,Malaysian Grand Prix,Sebastian Vettel,Red Bull,6,5,11,0.0,1
2012,Malaysian Grand Prix,Romain Grosjean,Lotus F1,7,6,24,0.0,4
2012,Malaysian Grand Prix,Nico Rosberg,Mercedes,8,7,13,0.0,1
2012,Malaysian Grand Prix,Fernando Alonso,Ferrari,9,8,1,25.0,1
2012,Malaysian Grand Prix,Sergio Pérez,Sauber,10,9,2,18.0,1
2012,Malaysian Grand Prix,Pastor Maldonado,Williams,11,11,19,0.0,5
2012,Malaysian Grand Prix,Felipe Massa,Ferrari,12,12,15,0.0,1
2012,Malaysian Grand Prix,Bruno Senna,Williams,13,13,6,8.0,1
2012,Malaysian Grand Prix,Paul di Resta,Force India,14,14,7,6.0,1
2012,Malaysian Grand Prix,Daniel Ricciardo,Toro Rosso,15,15,12,0.0,1
2012,Malaysian Grand Prix,Nico Hülkenberg,Force India,16,16,9,2.0,1
2012,Malaysian Grand Prix,Kamui Kobayashi,Sauber,17,17,23,0.0,31
2012,Malaysian Grand Prix,Jean-Éric Vergne,Toro Rosso,18,18,8,4.0,1
2012,Malaysian Grand Prix,Heikki Kovalainen,Caterham,19,24,18,0.0,11
2012,Malaysian Grand Prix,Vitaly Petrov,Caterham,20,19,16,0.0,11
2012,Malaysian Grand Prix,Timo Glock,Marussia,21,20,17,0.0,11
2012,Malaysian Grand Prix,Charles Pic,Marussia,22,21,20,0.0,12
2012,Malaysian Grand Prix,Pedro de la Rosa,HRT,23,22,22,0.0,12
2012,Malaysian Grand Prix,Narain Karthikeyan,HRT,24,23,21,0.0,12
2012,Chinese Grand Prix,Nico Rosberg,Mercedes,1,1,1,25.0,1
2012,Chinese Grand Prix,Lewis Hamilton,McLaren,2,7,3,15.0,1
2012,Chinese Grand Prix,Michael Schumacher,Mercedes,3,2,24,0.0,61
2012,Chinese Grand Prix,Kamui Kobayashi,Sauber,4,3,10,1.0,1
2012,Chinese Grand Prix,Kimi Räikkönen,Lotus F1,5,4,14,0.0,1
2012,Chinese Grand Prix,Jenson Button,McLaren,6,5,2,18.0,1
2012,Chinese Grand Prix,Mark Webber,Red Bull,7,6,4,12.0,1
2012,Chinese Grand Prix,Sergio Pérez,Sauber,8,8,11,0.0,1
2012,Chinese Grand Prix,Fernando Alonso,Ferrari,9,9,9,2.0,1
2012,Chinese Grand Prix,Romain Grosjean,Lotus F1,10,10,6,8.0,1
2012,Chinese Grand Prix,Sebastian Vettel,Red Bull,11,11,5,10.0,1
2012,Chinese Grand Prix,Felipe Massa,Ferrari,12,12,13,0.0,1
2012,Chinese Grand Prix,Pastor Maldonado,Williams,13,13,8,4.0,1
2012,Chinese Grand Prix,Bruno Senna,Williams,14,14,7,6.0,1
2012,Chinese Grand Prix,Paul di Resta,Force India,15,15,12,0.0,1
2012,Chinese Grand Prix,Nico Hülkenberg,Force India,16,16,15,0.0,1
2012,Chinese Grand Prix,Daniel Ricciardo,Toro Rosso,17,17,17,0.0,1
2012,Chinese Grand Prix,Jean-Éric Vergne,Toro Rosso,18,24,16,0.0,1
2012,Chinese Grand Prix,Heikki Kovalainen,Caterham,19,18,23,0.0,13
2012,Chinese Grand Prix,Vitaly Petrov,Caterham,20,19,18,0.0,11
2012,Chinese Grand Prix,Timo Glock,Marussia,21,20,19,0.0,11
2012,Chinese Grand Prix,Charles Pic,Marussia,22,21,20,0.0,11
2012,Chinese Grand Prix,Pedro de la Rosa,HRT,23,22,21,0.0,11
2012,Chinese Grand Prix,Narain Karthikeyan,HRT,24,23,22,0.0,12
2012,Bahrain Grand Prix,Sebastian Vettel,Red Bull,1,1,1,25.0,1
2012,Bahrain Grand Prix,Lewis Hamilton,McLaren,2,2,8,4.0,1
2012,Bahrain Grand Prix,Mark Webber,Red Bull,3,3,4,12.0,1
2012,Bahrain Grand Prix,Jenson Button,McLaren,4,4,18,0.0,43
2012,Bahrain Grand Prix,Nico Rosberg,Mercedes,5,5,5,10.0,1
2012,Bahrain Grand Prix,Daniel Ricciardo,Toro Rosso,6,6,15,0.0,11
2012,Bahrain Grand Prix,Romain Grosjean,Lotus F1,7,7,3,15.0,1
2012,Bahrain Grand Prix,Sergio Pérez,Sauber,8,8,11,0.0,1
2012,Bahrain Grand Prix,Fernando Alonso,Ferrari,9,9,7,6.0,1
2012,Bahrain Grand Prix,Paul di Resta,Force India,10,10,6,8.0,1
2012,Bahrain Grand Prix,Kimi Räikkönen,Lotus F1,11,11,2,18.0,1
2012,Bahrain Grand Prix,Kamui Kobayashi,Sauber,12,12,13,0.0,1
2012,Bahrain Grand Prix,Nico Hülkenberg,Force India,13,13,12,0.0,1
2012,Bahrain Grand Prix,Felipe Massa,Ferrari,14,14,9,2.0,1
2012,Bahrain Grand Prix,Bruno Senna,Williams,15,15,22,0.0,76
2012,Bahrain Grand Prix,Heikki Kovalainen,Caterham,16,16,17,0.0,11
2012,Bahrain Grand Prix,Pastor Maldonado,Williams,17,21,23,0.0,29
2012,Bahrain Grand Prix,Michael Schumacher,Mercedes,18,22,10,1.0,1
2012,Bahrain Grand Prix,Jean-Éric Vergne,Toro Rosso,19,17,14,0.0,1
2012,Bahrain Grand Prix,Vitaly Petrov,Caterham,20,18,16,0.0,11
2012,Bahrain Grand Prix,Charles Pic,Marussia,21,19,24,0.0,5
2012,Bahrain Grand Prix,Pedro de la Rosa,HRT,22,20,20,0.0,12
2012,Bahrain Grand Prix,Timo Glock,Marussia,23,23,19,0.0,12
2012,Bahrain Grand Prix,Narain Karthikeyan,HRT,24,24,21,0.0,12
2012,Spanish Grand Prix,Lewis Hamilton,McLaren,1,24,8,4.0,1
2012,Spanish Grand Prix,Pastor Maldonado,Williams,2,1,1,25.0,1
2012,Spanish Grand Prix,Fernando Alonso,Ferrari,3,2,2,18.0,1
2012,Spanish Grand Prix,Romain Grosjean,Lotus F1,4,3,4,12.0,1
2012,Spanish Grand Prix,Kimi Räikkönen,Lotus F1,5,4,3,15.0,1
2012,Spanish Grand Prix,Sergio Pérez,Sauber,6,5,20,0.0,61
2012,Spanish Grand Prix,Nico Rosberg,Mercedes,7,6,7,6.0,1
2012,Spanish Grand Prix,Sebastian Vettel,Red Bull,8,7,6,8.0,1
2012,Spanish Grand Prix,Michael Schumacher,Mercedes,9,8,24,0.0,4
2012,Spanish Grand Prix,Kamui Kobayashi,Sauber,10,9,5,10.0,1
2012,Spanish Grand Prix,Jenson Button,McLaren,11,10,9,2.0,1
2012,Spanish Grand Prix,Mark Webber,Red Bull,12,11,11,0.0,11
2012,Spanish Grand Prix,Paul di Resta,Force India,13,12,14,0.0,11
2012,Spanish Grand Prix,Nico Hülkenberg,Force India,14,13,10,1.0,11
2012,Spanish Grand Prix,Jean-Éric Vergne,Toro Rosso,15,14,12,0.0,11
2012,Spanish Grand Prix,Daniel Ricciardo,Toro Rosso,16,15,13,0.0,11
2012,Spanish Grand Prix,Felipe Massa,Ferrari,17,16,15,0.0,11
2012,Spanish Grand Prix,Bruno Senna,Williams,18,17,23,0.0,4
2012,Spanish Grand Prix,Vitaly Petrov,Caterham,19,18,17,0.0,11
2012,Spanish Grand Prix,Heikki Kovalainen,Caterham,20,19,16,0.0,11
2012,Spanish Grand Prix,Charles Pic,Marussia,21,20,21,0.0,26
2012,Spanish Grand Prix,Timo Glock,Marussia,22,21,18,0.0,12
2012,Spanish Grand Prix,Pedro de la Rosa,HRT,23,22,19,0.0,13
2012,Spanish Grand Prix,Narain Karthikeyan,HRT,24,23,22,0.0,26
2012,Monaco Grand Prix,Michael Schumacher,Mercedes,1,6,19,0.0,32
2012,Monaco Grand Prix,Mark Webber,Red Bull,2,1,1,25.0,1
2012,Monaco Grand Prix,Nico Rosberg,Mercedes,3,2,2,18.0,1
2012,Monaco Grand Prix,Lewis Hamilton,McLaren,4,3,5,10.0,1
2012,Monaco Grand Prix,Romain Grosjean,Lotus F1,5,4,24,0.0,3
2012,Monaco Grand Prix,Fernando Alonso,Ferrari,6,5,3,15.0,1
2012,Monaco Grand Prix,Felipe Massa,Ferrari,7,7,6,8.0,1
2012,Monaco Grand Prix,Kimi Räikkönen,Lotus F1,8,8,9,2.0,1
2012,Monaco Grand Prix,Pastor Maldonado,Williams,9,24,23,0.0,3
2012,Monaco Grand Prix,Sebastian Vettel,Red Bull,10,9,4,12.0,1
2012,Monaco Grand Prix,Nico Hülkenberg,Force India,11,10,8,4.0,1
2012,Monaco Grand Prix,Kamui Kobayashi,Sauber,12,11,21,0.0,3
2012,Monaco Grand Prix,Jenson Button,McLaren,13,12,16,0.0,4
2012,Monaco Grand Prix,Bruno Senna,Williams,14,13,10,1.0,1
2012,Monaco Grand Prix,Paul di Resta,Force India,15,14,7,6.0,1
2012,Monaco Grand Prix,Daniel Ricciardo,Toro Rosso,16,15,17,0.0,31
2012,Monaco Grand Prix,Jean-Éric Vergne,Toro Rosso,17,16,12,0.0,11
2012,Monaco Grand Prix,Heikki Kovalainen,Caterham,18,17,13,0.0,11
2012,Monaco Grand Prix,Vitaly Petrov,Caterham,19,18,20,0.0,10
2012,Monaco Grand Prix,Timo Glock,Marussia,20,19,14,0.0,11
2012,Monaco Grand Prix,Pedro de la Rosa,HRT,21,20,22,0.0,3
2012,Monaco Grand Prix,Charles Pic,Marussia,22,21,18,0.0,31
2012,Monaco Grand Prix,Narain Karthikeyan,HRT,23,22,15,0.0,12
2012,Canadian Grand Prix,Sebastian Vettel,Red Bull,1,1,4,12.0,1
2012,Canadian Grand Prix,Lewis Hamilton,McLaren,2,2,1,25.0,1
2012,Canadian Grand Prix,Fernando Alonso,Ferrari,3,3,5,10.0,1
2012,Canadian Grand Prix,Mark Webber,Red Bull,4,4,7,6.0,1
2012,Canadian Grand Prix,Nico Rosberg,Mercedes,5,5,6,8.0,1
2012,Canadian Grand Prix,Felipe Massa,Ferrari,6,6,10,1.0,1
2012,Canadian Grand Prix,Romain Grosjean,Lotus F1,7,7,2,18.0,1
2012,Canadian Grand Prix,Paul di Resta,Force India,8,8,11,0.0,1
2012,Canadian Grand Prix,Michael Schumacher,Mercedes,9,9,22,0.0,65
2012,Canadian Grand Prix,Jenson Button,McLaren,10,10,16,0.0,11
2012,Canadian Grand Prix,Kamui Kobayashi,Sauber,11,11,9,2.0,1
2012,Canadian Grand Prix,Kimi Räikkönen,Lotus F1,12,12,8,4.0,1
2012,Canadian Grand Prix,Nico Hülkenberg,Force India,13,13,12,0.0,1
2012,Canadian Grand Prix,Daniel Ricciardo,Toro Rosso,14,14,14,0.0,1
2012,Canadian Grand Prix,Sergio Pérez,Sauber,15,15,3,15.0,1
2012,Canadian Grand Prix,Bruno Senna,Williams,16,16,17,0.0,11
2012,Canadian Grand Prix,Pastor Maldonado,Williams,17,22,13,0.0,1
2012,Canadian Grand Prix,Heikki Kovalainen,Caterham,18,17,18,0.0,11
2012,Canadian Grand Prix,Vitaly Petrov,Caterham,19,18,19,0.0,11
2012,Canadian Grand Prix,Jean-Éric Vergne,Toro Rosso,20,19,15,0.0,11
2012,Canadian Grand Prix,Pedro de la Rosa,HRT,21,20,23,0.0,23
2012,Canadian Grand Prix,Timo Glock,Marussia,22,21,21,0.0,22
2012,Canadian Grand Prix,Charles Pic,Marussia,23,23,20,0.0,13
2012,Canadian Grand Prix,Narain Karthikeyan,HRT,24,24,24,0.0,22
2012,European Grand Prix,Sebastian Vettel,Red Bull,1,1,21,0.0,6
2012,European Grand Prix,Lewis Hamilton,McLaren,2,2,19,0.0,4
2012,European Grand Prix,Pastor Maldonado,Williams,3,3,12,0.0,1
2012,European Grand Prix,Romain Grosjean,Lotus F1,4,4,20,0.0,40
2012,European Grand Prix,Kimi Räikkönen,Lotus F1,5,5,2,18.0,1
2012,European Grand Prix,Nico Rosberg,Mercedes,6,6,6,8.0,1
2012,European Grand Prix,Kamui Kobayashi,Sauber,7,7,22,0.0,4
2012,European Grand Prix,Nico Hülkenberg,Force India,8,8,5,10.0,1
2012,European Grand Prix,Jenson Button,McLaren,9,9,8,4.0,1
2012,European Grand Prix,Paul di Resta,Force India,10,10,7,6.0,1
2012,European Grand Prix,Fernando Alonso,Ferrari,11,11,1,25.0,1
2012,European Grand Prix,Michael Schumacher,Mercedes,12,12,3,15.0,1
2012,European Grand Prix,Felipe Massa,Ferrari,13,13,16,0.0,11
2012,European Grand Prix,Bruno Senna,Williams,14,14,10,1.0,1
2012,European Grand Prix,Sergio Pérez,Sauber,15,15,9,2.0,1
2012,European Grand Prix,Heikki Kovalainen,Caterham,16,16,14,0.0,1
2012,European Grand Prix,Daniel Ricciardo,Toro Rosso,17,17,11,0.0,1
2012,European Grand Prix,Jean-Éric Vergne,Toro Rosso,18,18,23,0.0,4
2012,European Grand Prix,Mark Webber,Red Bull,19,19,4,12.0,1
2012,European Grand Prix,Vitaly Petrov,Caterham,20,20,13,0.0,1
2012,European Grand Prix,Pedro de la Rosa,HRT,21,21,17,0.0,11
2012,European Grand Prix,Narain Karthikeyan,HRT,22,22,18,0.0,11
2012,European Grand Prix,Charles Pic,Marussia,23,23,15,0.0,1
2012,British Grand Prix,Fernando Alonso,Ferrari,1,1,2,18.0,1
2012,British Grand Prix,Mark Webber,Red Bull,2,2,1,25.0,1
2012,British Grand Prix,Michael Schumacher,Mercedes,3,3,7,6.0,1
2012,British Grand Prix,Sebastian Vettel,Red Bull,4,4,3,15.0,1
2012,British Grand Prix,Felipe Massa,Ferrari,5,5,4,12.0,1
2012,British Grand Prix,Kimi Räikkönen,Lotus F1,6,6,5,10.0,1
2012,British Grand Prix,Pastor Maldonado,Williams,7,7,16,0.0,11
2012,British Grand Prix,Lewis Hamilton,McLaren,8,8,8,4.0,1
2012,British Grand Prix,Nico Hülkenberg,Force India,9,14,12,0.0,1
2012,British Grand Prix,Romain Grosjean,Lotus F1,10,9,6,8.0,1
2012,British Grand Prix,Paul di Resta,Force India,11,10,23,0.0,4
2012,British Grand Prix,Kamui Kobayashi,Sauber,12,17,11,0.0,1
2012,British Grand Prix,Nico Rosberg,Mercedes,13,11,15,0.0,1
2012,British Grand Prix,Daniel Ricciardo,Toro Rosso,14,12,13,0.0,1
2012,British Grand Prix,Bruno Senna,Williams,15,13,9,2.0,1
2012,British Grand Prix,Jean-Éric Vergne,Toro Rosso,16,23,14,0.0,1
2012,British Grand Prix,Sergio Pérez,Sauber,17,15,22,0.0,4
2012,British Grand Prix,Jenson Button,McLaren,18,16,10,1.0,1
2012,British Grand Prix,Vitaly Petrov,Caterham,19,18,24,0.0,5
2012,British Grand Prix,Heikki Kovalainen,Caterham,20,19,17,0.0,11
2012,British Grand Prix,Timo Glock,Marussia,21,20,18,0.0,11
2012,British Grand Prix,Pedro de la Rosa,HRT,22,21,20,0.0,12
2012,British Grand Prix,Narain Karthikeyan,HRT,23,22,21,0.0,12
2012,British Grand Prix,Charles Pic,Marussia,24,24,19,0.0,11
2012,German Grand Prix,Fernando Alonso,Ferrari,1,1,1,25.0,1
2012,German Grand Prix,Sebastian Vettel,Red Bull,2,2,5,10.0,1
2012,German Grand Prix,Mark Webber,Red Bull,3,8,8,4.0,1
2012,German Grand Prix,Michael Schumacher,Mercedes,4,3,7,6.0,1
2012,German Grand Prix,Nico Hülkenberg,Force India,5,4,9,2.0,1
2012,German Grand Prix,Pastor Maldonado,Williams,6,5,15,0.0,11
2012,German Grand Prix,Jenson Button,McLaren,7,6,2,18.0,1
2012,German Grand Prix,Lewis Hamilton,McLaren,8,7,24,0.0,29
2012,German Grand Prix,Paul di Resta,Force India,9,9,11,0.0,1
2012,German Grand Prix,Kimi Räikkönen,Lotus F1,10,10,3,15.0,1
2012,German Grand Prix,Daniel Ricciardo,Toro Rosso,11,11,13,0.0,1
2012,German Grand Prix,Sergio Pérez,Sauber,12,17,6,8.0,1
2012,German Grand Prix,Kamui Kobayashi,Sauber,13,12,4,12.0,1
2012,German Grand Prix,Felipe Massa,Ferrari,14,13,12,0.0,1
2012,German Grand Prix,Romain Grosjean,Lotus F1,15,19,18,0.0,11
2012,German Grand Prix,Bruno Senna,Williams,16,14,17,0.0,11
2012,German Grand Prix,Nico Rosberg,Mercedes,17,21,10,1.0,1
2012,German Grand Prix,Jean-Éric Vergne,Toro Rosso,18,15,14,0.0,1
2012,German Grand Prix,Heikki Kovalainen,Caterham,19,16,19,0.0,12
2012,German Grand Prix,Vitaly Petrov,Caterham,20,18,16,0.0,11
2012,German Grand Prix,Charles Pic,Marussia,21,20,20,0.0,12
2012,German Grand Prix,Timo Glock,Marussia,22,22,22,0.0,13
2012,German Grand Prix,Pedro de la Rosa,HRT,23,23,21,0.0,13
2012,German Grand Prix,Narain Karthikeyan,HRT,24,24,23,0.0,13
2012,Hungarian Grand Prix,Lewis Hamilton,McLaren,1,1,1,25.0,1
2012,Hungarian Grand Prix,Romain Grosjean,Lotus F1,2,2,3,15.0,1
2012,Hungarian Grand Prix,Sebastian Vettel,Red Bull,3,3,4,12.0,1
2012,Hungarian Grand Prix,Jenson Button,McLaren,4,4,6,8.0,1
2012,Hungarian Grand Prix,Kimi Räikkönen,Lotus F1,5,5,2,18.0,1
2012,Hungarian Grand Prix,Fernando Alonso,Ferrari,6,6,5,10.0,1
2012,Hungarian Grand Prix,Felipe Massa,Ferrari,7,7,9,2.0,1
2012,Hungarian Grand Prix,Pastor Maldonado,Williams,8,8,13,0.0,1
2012,Hungarian Grand Prix,Bruno Senna,Williams,9,9,7,6.0,1
2012,Hungarian Grand Prix,Nico Hülkenberg,Force India,10,10,11,0.0,1
2012,Hungarian Grand Prix,Mark Webber,Red Bull,11,11,8,4.0,1
2012,Hungarian Grand Prix,Paul di Resta,Force India,12,12,12,0.0,1
2012,Hungarian Grand Prix,Nico Rosberg,Mercedes,13,13,10,1.0,1
2012,Hungarian Grand Prix,Sergio Pérez,Sauber,14,14,14,0.0,1
2012,Hungarian Grand Prix,Kamui Kobayashi,Sauber,15,15,18,0.0,12
2012,Hungarian Grand Prix,Jean-Éric Vergne,Toro Rosso,16,16,16,0.0,11
2012,Hungarian Grand Prix,Michael Schumacher,Mercedes,17,17,24,0.0,45
2012,Hungarian Grand Prix,Daniel Ricciardo,Toro Rosso,18,18,15,0.0,11
2012,Hungarian Grand Prix,Heikki Kovalainen,Caterham,19,19,17,0.0,11
2012,Hungarian Grand Prix,Vitaly Petrov,Caterham,20,20,19,0.0,12
2012,Hungarian Grand Prix,Charles Pic,Marussia,21,21,20,0.0,12
2012,Hungarian Grand Prix,Timo Glock,Marussia,22,22,21,0.0,13
2012,Hungarian Grand Prix,Pedro de la Rosa,HRT,23,23,22,0.0,13
2012,Hungarian Grand Prix,Narain Karthikeyan,HRT,24,24,23,0.0,22
2012,Belgian Grand Prix,Jenson Button,McLaren,1,1,1,25.0,1
2012,Belgian Grand Prix,Kamui Kobayashi,Sauber,2,2,13,0.0,1
2012,Belgian Grand Prix,Pastor Maldonado,Williams,3,6,20,0.0,4
2012,Belgian Grand Prix,Kimi Räikkönen,Lotus F1,4,3,3,15.0,1
2012,Belgian Grand Prix,Sergio Pérez,Sauber,5,4,21,0.0,4
2012,Belgian Grand Prix,Fernando Alonso,Ferrari,6,5,22,0.0,4
2012,Belgian Grand Prix,Mark Webber,Red Bull,7,12,6,8.0,1
2012,Belgian Grand Prix,Lewis Hamilton,McLaren,8,7,23,0.0,4
2012,Belgian Grand Prix,Romain Grosjean,Lotus F1,9,8,24,0.0,4
2012,Belgian Grand Prix,Paul di Resta,Force India,10,9,10,1.0,1
2012,Belgian Grand Prix,Sebastian Vettel,Red Bull,11,10,2,18.0,1
2012,Belgian Grand Prix,Nico Hülkenberg,Force India,12,11,4,12.0,1
2012,Belgian Grand Prix,Michael Schumacher,Mercedes,13,13,7,6.0,1
2012,Belgian Grand Prix,Felipe Massa,Ferrari,14,14,5,10.0,1
2012,Belgian Grand Prix,Jean-Éric Vergne,Toro Rosso,15,15,8,4.0,1
2012,Belgian Grand Prix,Daniel Ricciardo,Toro Rosso,16,16,9,2.0,1
2012,Belgian Grand Prix,Bruno Senna,Williams,17,17,12,0.0,1
2012,Belgian Grand Prix,Nico Rosberg,Mercedes,18,23,11,0.0,1
2012,Belgian Grand Prix,Heikki Kovalainen,Caterham,19,18,17,0.0,11
2012,Belgian Grand Prix,Vitaly Petrov,Caterham,20,19,14,0.0,11
2012,Belgian Grand Prix,Timo Glock,Marussia,21,20,15,0.0,11
2012,Belgian Grand Prix,Pedro de la Rosa,HRT,22,21,18,0.0,11
2012,Belgian Grand Prix,Charles Pic,Marussia,23,22,16,0.0,11
2012,Belgian Grand Prix,Narain Karthikeyan,HRT,24,24,19,0.0,20
2012,Italian Grand Prix,Lewis Hamilton,McLaren,1,1,1,25.0,1
2012,Italian Grand Prix,Jenson Button,McLaren,2,2,23,0.0,32
2012,Italian Grand Prix,Felipe Massa,Ferrari,3,3,4,12.0,1
2012,Italian Grand Prix,Paul di Resta,Force India,4,9,8,4.0,1
2012,Italian Grand Prix,Michael Schumacher,Mercedes,5,4,6,8.0,1
2012,Italian Grand Prix,Sebastian Vettel,Red Bull,6,5,22,0.0,91
2012,Italian Grand Prix,Nico Rosberg,Mercedes,7,6,7,6.0,1
2012,Italian Grand Prix,Kimi Räikkönen,Lotus F1,8,7,5,10.0,1
2012,Italian Grand Prix,Kamui Kobayashi,Sauber,9,8,9,2.0,1
2012,Italian Grand Prix,Fernando Alonso,Ferrari,10,10,3,15.0,1
2012,Italian Grand Prix,Mark Webber,Red Bull,11,11,20,0.0,76
2012,Italian Grand Prix,Pastor Maldonado,Williams,12,22,11,0.0,1
2012,Italian Grand Prix,Sergio Pérez,Sauber,13,12,2,18.0,1
2012,Italian Grand Prix,Bruno Senna,Williams,14,13,10,1.0,1
2012,Italian Grand Prix,Daniel Ricciardo,Toro Rosso,15,14,12,0.0,1
2012,Italian Grand Prix,Jérôme d'Ambrosio,Lotus F1,16,15,13,0.0,1
2012,Italian Grand Prix,Jean-Éric Vergne,Toro Rosso,17,16,24,0.0,22
2012,Italian Grand Prix,Heikki Kovalainen,Caterham,18,17,14,0.0,11
2012,Italian Grand Prix,Vitaly Petrov,Caterham,19,18,15,0.0,11
2012,Italian Grand Prix,Timo Glock,Marussia,20,19,17,0.0,11
2012,Italian Grand Prix,Charles Pic,Marussia,21,20,16,0.0,11
2012,Italian Grand Prix,Narain Karthikeyan,HRT,22,21,19,0.0,11
2012,Italian Grand Prix,Pedro de la Rosa,HRT,23,23,18,0.0,11
2012,Singapore Grand Prix,Lewis Hamilton,McLaren,1,1,24,0.0,6
2012,Singapore Grand Prix,Pastor Maldonado,Williams,2,2,22,0.0,9
2012,Singapore Grand Prix,Sebastian Vettel,Red Bull,3,3,1,25.0,1
2012,Singapore Grand Prix,Jenson Button,McLaren,4,4,2,18.0,1
2012,Singapore Grand Prix,Fernando Alonso,Ferrari,5,5,3,15.0,1
2012,Singapore Grand Prix,Paul di Resta,Force India,6,6,4,12.0,1
2012,Singapore Grand Prix,Mark Webber,Red Bull,7,7,11,0.0,1
2012,Singapore Grand Prix,Romain Grosjean,Lotus F1,8,8,7,6.0,1
2012,Singapore Grand Prix,Michael Schumacher,Mercedes,9,9,21,0.0,4
2012,Singapore Grand Prix,Nico Rosberg,Mercedes,10,10,5,10.0,1
2012,Singapore Grand Prix,Nico Hülkenberg,Force India,11,11,14,0.0,1
2012,Singapore Grand Prix,Kimi Räikkönen,Lotus F1,12,12,6,8.0,1
2012,Singapore Grand Prix,Felipe Massa,Ferrari,13,13,8,4.0,1
2012,Singapore Grand Prix,Sergio Pérez,Sauber,14,14,10,1.0,1
2012,Singapore Grand Prix,Daniel Ricciardo,Toro Rosso,15,15,9,2.0,1
2012,Singapore Grand Prix,Jean-Éric Vergne,Toro Rosso,16,16,20,0.0,4
2012,Singapore Grand Prix,Bruno Senna,Williams,17,22,18,0.0,31
2012,Singapore Grand Prix,Kamui Kobayashi,Sauber,18,17,13,0.0,1
2012,Singapore Grand Prix,Vitaly Petrov,Caterham,19,18,19,0.0,12
2012,Singapore Grand Prix,Heikki Kovalainen,Caterham,20,19,15,0.0,1
2012,Singapore Grand Prix,Timo Glock,Marussia,21,20,12,0.0,1
2012,Singapore Grand Prix,Charles Pic,Marussia,22,21,16,0.0,1
2012,Singapore Grand Prix,Narain Karthikeyan,HRT,23,23,23,0.0,3
2012,Singapore Grand Prix,Pedro de la Rosa,HRT,24,24,17,0.0,11
2012,Japanese Grand Prix,Sebastian Vettel,Red Bull,1,1,1,25.0,1
2012,Japanese Grand Prix,Mark Webber,Red Bull,2,2,9,2.0,1
2012,Japanese Grand Prix,Jenson Button,McLaren,3,8,4,12.0,1
2012,Japanese Grand Prix,Kamui Kobayashi,Sauber,4,3,3,15.0,1
2012,Japanese Grand Prix,Romain Grosjean,Lotus F1,5,4,19,0.0,12
2012,Japanese Grand Prix,Sergio Pérez,Sauber,6,5,22,0.0,20
2012,Japanese Grand Prix,Fernando Alonso,Ferrari,7,6,23,0.0,4
2012,Japanese Grand Prix,Kimi Räikkönen,Lotus F1,8,7,6,8.0,1
2012,Japanese Grand Prix,Lewis Hamilton,McLaren,9,9,5,10.0,1
2012,Japanese Grand Prix,Nico Hülkenberg,Force India,10,15,7,6.0,1
2012,Japanese Grand Prix,Felipe Massa,Ferrari,11,10,2,18.0,1
2012,Japanese Grand Prix,Paul di Resta,Force India,12,11,12,0.0,1
2012,Japanese Grand Prix,Michael Schumacher,Mercedes,13,23,11,0.0,1
2012,Japanese Grand Prix,Pastor Maldonado,Williams,14,12,8,4.0,1
2012,Japanese Grand Prix,Nico Rosberg,Mercedes,15,13,24,0.0,4
2012,Japanese Grand Prix,Daniel Ricciardo,Toro Rosso,16,14,10,1.0,1
2012,Japanese Grand Prix,Jean-Éric Vergne,Toro Rosso,17,19,13,0.0,1
2012,Japanese Grand Prix,Bruno Senna,Williams,18,16,14,0.0,1
2012,Japanese Grand Prix,Heikki Kovalainen,Caterham,19,17,15,0.0,11
2012,Japanese Grand Prix,Timo Glock,Marussia,20,18,16,0.0,11
2012,Japanese Grand Prix,Pedro de la Rosa,HRT,21,20,18,0.0,11
2012,Japanese Grand Prix,Charles Pic,Marussia,22,21,20,0.0,5
2012,Japanese Grand Prix,Vitaly Petrov,Caterham,23,22,17,0.0,11
2012,Japanese Grand Prix,Narain Karthikeyan,HRT,24,24,21,0.0,76
2012,Korean Grand Prix,Mark Webber,Red Bull,1,1,2,18.0,1
2012,Korean Grand Prix,Sebastian Vettel,Red Bull,2,2,1,25.0,1
2012,Korean Grand Prix,Lewis Hamilton,McLaren,3,3,10,1.0,1
2012,Korean Grand Prix,Fernando Alonso,Ferrari,4,4,3,15.0,1
2012,Korean Grand Prix,Kimi Räikkönen,Lotus F1,5,5,5,10.0,1
2012,Korean Grand Prix,Felipe Massa,Ferrari,6,6,4,12.0,1
2012,Korean Grand Prix,Romain Grosjean,Lotus F1,7,7,7,6.0,1
2012,Korean Grand Prix,Nico Hülkenberg,Force India,8,8,6,8.0,1
2012,Korean Grand Prix,Nico Rosberg,Mercedes,9,9,23,0.0,4
2012,Korean Grand Prix,Michael Schumacher,Mercedes,10,10,13,0.0,1
2012,Korean Grand Prix,Jenson Button,McLaren,11,11,24,0.0,4
2012,Korean Grand Prix,Sergio Pérez,Sauber,12,12,11,0.0,1
2012,Korean Grand Prix,Kamui Kobayashi,Sauber,13,13,22,0.0,130
2012,Korean Grand Prix,Paul di Resta,Force India,14,14,12,0.0,1
2012,Korean Grand Prix,Pastor Maldonado,Williams,15,15,14,0.0,1
2012,Korean Grand Prix,Daniel Ricciardo,Toro Rosso,16,21,9,2.0,1
2012,Korean Grand Prix,Jean-Éric Vergne,Toro Rosso,17,16,8,4.0,1
2012,Korean Grand Prix,Bruno Senna,Williams,18,17,15,0.0,1
2012,Korean Grand Prix,Vitaly Petrov,Caterham,19,18,16,0.0,11
2012,Korean Grand Prix,Heikki Kovalainen,Caterham,20,19,17,0.0,11
2012,Korean Grand Prix,Charles Pic,Marussia,21,24,19,0.0,12
2012,Korean Grand Prix,Timo Glock,Marussia,22,20,18,0.0,11
2012,Korean Grand Prix,Pedro de la Rosa,HRT,23,22,21,0.0,37
2012,Indian Grand Prix,Sebastian Vettel,Red Bull,1,1,1,25.0,1
2012,Indian Grand Prix,Mark Webber,Red Bull,2,2,3,15.0,1
2012,Indian Grand Prix,Lewis Hamilton,McLaren,3,3,4,12.0,1
2012,Indian Grand Prix,Jenson Button,McLaren,4,4,5,10.0,1
2012,Indian Grand Prix,Fernando Alonso,Ferrari,5,5,2,18.0,1
2012,Indian Grand Prix,Felipe Massa,Ferrari,6,6,6,8.0,1
2012,Indian Grand Prix,Kimi Räikkönen,Lotus F1,7,7,7,6.0,1
2012,Indian Grand Prix,Sergio Pérez,Sauber,8,8,24,0.0,3
2012,Indian Grand Prix,Pastor Maldonado,Williams,9,9,16,0.0,11
2012,Indian Grand Prix,Nico Rosberg,Mercedes,10,10,11,0.0,1
2012,Indian Grand Prix,Romain Grosjean,Lotus F1,11,11,9,2.0,1
2012,Indian Grand Prix,Nico Hülkenberg,Force India,12,12,8,4.0,1
2012,Indian Grand Prix,Bruno Senna,Williams,13,13,10,1.0,1
2012,Indian Grand Prix,Michael Schumacher,Mercedes,14,14,22,0.0,31
2012,Indian Grand Prix,Daniel Ricciardo,Toro Rosso,15,15,13,0.0,1
2012,Indian Grand Prix,Paul di Resta,Force India,16,16,12,0.0,1
2012,Indian Grand Prix,Kamui Kobayashi,Sauber,17,17,14,0.0,1
2012,Indian Grand Prix,Jean-Éric Vergne,Toro Rosso,18,18,15,0.0,11
2012,Indian Grand Prix,Vitaly Petrov,Caterham,19,19,17,0.0,11
2012,Indian Grand Prix,Heikki Kovalainen,Caterham,20,20,18,0.0,11
2012,Indian Grand Prix,Timo Glock,Marussia,21,21,20,0.0,12
2012,Indian Grand Prix,Pedro de la Rosa,HRT,22,22,23,0.0,3
2012,Indian Grand Prix,Narain Karthikeyan,HRT,23,23,21,0.0,12
2012,Indian Grand Prix,Charles Pic,Marussia,24,24,19,0.0,11
2012,Abu Dhabi Grand Prix,Lewis Hamilton,McLaren,1,1,21,0.0,10
2012,Abu Dhabi Grand Prix,Mark Webber,Red Bull,2,2,20,0.0,4
2012,Abu Dhabi Grand Prix,Sebastian Vettel,Red Bull,3,24,3,15.0,1
2012,Abu Dhabi Grand Prix,Pastor Maldonado,Williams,4,3,5,10.0,1
2012,Abu Dhabi Grand Prix,Kimi Räikkönen,Lotus F1,5,4,1,25.0,1
2012,Abu Dhabi Grand Prix,Jenson Button,McLaren,6,5,4,12.0,1
2012,Abu Dhabi Grand Prix,Fernando Alonso,Ferrari,7,6,2,18.0,1
2012,Abu Dhabi Grand Prix,Nico Rosberg,Mercedes,8,7,23,0.0,4
2012,Abu Dhabi Grand Prix,Felipe Massa,Ferrari,9,8,7,6.0,1
2012,Abu Dhabi Grand Prix,Romain Grosjean,Lotus F1,10,9,19,0.0,4
2012,Abu Dhabi Grand Prix,Nico Hülkenberg,Force India,11,10,24,0.0,4
2012,Abu Dhabi Grand Prix,Sergio Pérez,Sauber,12,11,15,0.0,1
2012,Abu Dhabi Grand Prix,Paul di Resta,Force India,13,12,9,2.0,1
2012,Abu Dhabi Grand Prix,Michael Schumacher,Mercedes,14,13,11,0.0,1
2012,Abu Dhabi Grand Prix,Bruno Senna,Williams,15,14,8,4.0,1
2012,Abu Dhabi Grand Prix,Kamui Kobayashi,Sauber,16,15,6,8.0,1
2012,Abu Dhabi Grand Prix,Daniel Ricciardo,Toro Rosso,17,16,10,1.0,1
2012,Abu Dhabi Grand Prix,Jean-Éric Vergne,Toro Rosso,18,17,12,0.0,1
2012,Abu Dhabi Grand Prix,Heikki Kovalainen,Caterham,19,18,13,0.0,1
2012,Abu Dhabi Grand Prix,Charles Pic,Marussia,20,19,18,0.0,31
2012,Abu Dhabi Grand Prix,Vitaly Petrov,Caterham,21,20,16,0.0,1
2012,Abu Dhabi Grand Prix,Timo Glock,Marussia,22,21,14,0.0,1
2012,Abu Dhabi Grand Prix,Pedro de la Rosa,HRT,23,22,17,0.0,1
2012,Abu Dhabi Grand Prix,Narain Karthikeyan,HRT,24,23,22,0.0,4
2012,United States Grand Prix,Sebastian Vettel,Red Bull,1,1,2,18.0,1
2012,United States Grand Prix,Lewis Hamilton,McLaren,2,2,1,25.0,1
2012,United States Grand Prix,Mark Webber,Red Bull,3,3,23,0.0,91
2012,United States Grand Prix,Romain Grosjean,Lotus F1,4,8,7,6.0,1
2012,United States Grand Prix,Kimi Räikkönen,Lotus F1,5,4,6,8.0,1
2012,United States Grand Prix,Michael Schumacher,Mercedes,6,5,16,0.0,11
2012,United States Grand Prix,Felipe Massa,Ferrari,7,11,4,12.0,1
2012,United States Grand Prix,Nico Hülkenberg,Force India,8,6,8,4.0,1
2012,United States Grand Prix,Fernando Alonso,Ferrari,9,7,3,15.0,1
2012,United States Grand Prix,Pastor Maldonado,Williams,10,9,9,2.0,1
2012,United States Grand Prix,Bruno Senna,Williams,11,10,10,1.0,1
2012,United States Grand Prix,Jenson Button,McLaren,12,12,5,10.0,1
2012,United States Grand Prix,Paul di Resta,Force India,13,13,15,0.0,11
2012,United States Grand Prix,Jean-Éric Vergne,Toro Rosso,14,14,24,0.0,22
2012,United States Grand Prix,Sergio Pérez,Sauber,15,15,11,0.0,1
2012,United States Grand Prix,Kamui Kobayashi,Sauber,16,16,14,0.0,11
2012,United States Grand Prix,Nico Rosberg,Mercedes,17,17,13,0.0,1
2012,United States Grand Prix,Daniel Ricciardo,Toro Rosso,18,18,12,0.0,1
2012,United States Grand Prix,Timo Glock,Marussia,19,19,19,0.0,11
2012,United States Grand Prix,Charles Pic,Marussia,20,20,20,0.0,12
2012,United States Grand Prix,Vitaly Petrov,Caterham,21,21,17,0.0,11
2012,United States Grand Prix,Heikki Kovalainen,Caterham,22,22,18,0.0,11
2012,United States Grand Prix,Pedro de la Rosa,HRT,23,23,21,0.0,12
2012,United States Grand Prix,Narain Karthikeyan,HRT,24,24,22,0.0,12
2012,Brazilian Grand Prix,Lewis Hamilton,McLaren,1,1,20,0.0,4
2012,Brazilian Grand Prix,Jenson Button,McLaren,2,2,1,25.0,1
2012,Brazilian Grand Prix,Mark Webber,Red Bull,3,3,4,12.0,1
2012,Brazilian Grand Prix,Sebastian Vettel,Red Bull,4,4,6,8.0,1
2012,Brazilian Grand Prix,Felipe Massa,Ferrari,5,5,3,15.0,1
2012,Brazilian Grand Prix,Pastor Maldonado,Williams,6,16,22,0.0,4
2012,Brazilian Grand Prix,Nico Hülkenberg,Force India,7,6,5,10.0,1
2012,Brazilian Grand Prix,Fernando Alonso,Ferrari,8,7,2,18.0,1
2012,Brazilian Grand Prix,Kimi Räikkönen,Lotus F1,9,8,10,1.0,11
2012,Brazilian Grand Prix,Nico Rosberg,Mercedes,10,9,15,0.0,11
2012,Brazilian Grand Prix,Paul di Resta,Force India,11,10,19,0.0,3
2012,Brazilian Grand Prix,Bruno Senna,Williams,12,11,23,0.0,4
2012,Brazilian Grand Prix,Sergio Pérez,Sauber,13,12,24,0.0,4
2012,Brazilian Grand Prix,Michael Schumacher,Mercedes,14,13,7,6.0,1
2012,Brazilian Grand Prix,Kamui Kobayashi,Sauber,15,14,9,2.0,1
2012,Brazilian Grand Prix,Daniel Ricciardo,Toro Rosso,16,15,13,0.0,11
2012,Brazilian Grand Prix,Jean-Éric Vergne,Toro Rosso,17,17,8,4.0,1
2012,Brazilian Grand Prix,Romain Grosjean,Lotus F1,18,18,21,0.0,3
2012,Brazilian Grand Prix,Vitaly Petrov,Caterham,19,19,11,0.0,11
2012,Brazilian Grand Prix,Heikki Kovalainen,Caterham,20,20,14,0.0,11
2012,Brazilian Grand Prix,Timo Glock,Marussia,21,21,16,0.0,11
2012,Brazilian Grand Prix,Charles Pic,Marussia,22,22,12,0.0,11
2012,Brazilian Grand Prix,Narain Karthikeyan,HRT,23,23,18,0.0,12
2012,Brazilian Grand Prix,Pedro de la Rosa,HRT,24,24,17,0.0,12
2013,Australian Grand Prix,Sebastian Vettel,Red Bull,1,1,3,15.0,1
2013,Australian Grand Prix,Mark Webber,Red Bull,2,2,6,8.0,1
2013,Australian Grand Prix,Lewis Hamilton,Mercedes,3,3,5,10.0,1
2013,Australian Grand Prix,Felipe Massa,Ferrari,4,4,4,12.0,1
2013,Australian Grand Prix,Fernando Alonso,Ferrari,5,5,2,18.0,1
2013,Australian Grand Prix,Nico Rosberg,Mercedes,6,6,20,0.0,10
2013,Australian Grand Prix,Kimi Räikkönen,Lotus F1,7,7,1,25.0,1
2013,Australian Grand Prix,Romain Grosjean,Lotus F1,8,8,10,1.0,1
2013,Australian Grand Prix,Paul di Resta,Force India,9,9,8,4.0,1
2013,Australian Grand Prix,Jenson Button,McLaren,10,10,9,2.0,1
2013,Australian Grand Prix,Nico Hülkenberg,Sauber,11,11,22,0.0,69
2013,Australian Grand Prix,Adrian Sutil,Force India,12,12,7,6.0,1
2013,Australian Grand Prix,Jean-Éric Vergne,Toro Rosso,13,13,12,0.0,1
2013,Australian Grand Prix,Daniel Ricciardo,Toro Rosso,14,14,19,0.0,9
2013,Australian Grand Prix,Sergio Pérez,McLaren,15,15,11,0.0,1
2013,Australian Grand Prix,Valtteri Bottas,Williams,16,16,14,0.0,11
2013,Australian Grand Prix,Pastor Maldonado,Williams,17,17,21,0.0,20
2013,Australian Grand Prix,Esteban Gutiérrez,Sauber,18,18,13,0.0,11
2013,Australian Grand Prix,Jules Bianchi,Marussia,19,19,15,0.0,11
2013,Australian Grand Prix,Max Chilton,Marussia,20,20,17,0.0,12
2013,Australian Grand Prix,Giedo van der Garde,Caterham,21,21,18,0.0,12
2013,Australian Grand Prix,Charles Pic,Caterham,22,22,16,0.0,12
2013,Malaysian Grand Prix,Sebastian Vettel,Red Bull,1,1,1,25.0,1
2013,Malaysian Grand Prix,Felipe Massa,Ferrari,2,2,5,10.0,1
2013,Malaysian Grand Prix,Fernando Alonso,Ferrari,3,3,22,0.0,4
2013,Malaysian Grand Prix,Lewis Hamilton,Mercedes,4,4,3,15.0,1
2013,Malaysian Grand Prix,Mark Webber,Red Bull,5,5,2,18.0,1
2013,Malaysian Grand Prix,Nico Rosberg,Mercedes,6,6,4,12.0,1
2013,Malaysian Grand Prix,Kimi Räikkönen,Lotus F1,7,10,7,6.0,1
2013,Malaysian Grand Prix,Jenson Button,McLaren,8,7,17,0.0,54
2013,Malaysian Grand Prix,Adrian Sutil,Force India,9,8,20,0.0,61
2013,Malaysian Grand Prix,Sergio Pérez,McLaren,10,9,9,2.0,1
2013,Malaysian Grand Prix,Romain Grosjean,Lotus F1,11,11,6,8.0,1
2013,Malaysian Grand Prix,Nico Hülkenberg,Sauber,12,12,8,4.0,1
2013,Malaysian Grand Prix,Daniel Ricciardo,Toro Rosso,13,13,18,0.0,31
2013,Malaysian Grand Prix,Esteban Gutiérrez,Sauber,14,14,12,0.0,11
2013,Malaysian Grand Prix,Paul di Resta,Force India,15,15,21,0.0,61
2013,Malaysian Grand Prix,Pastor Maldonado,Williams,16,16,19,0.0,31
2013,Malaysian Grand Prix,Jean-Éric Vergne,Toro Rosso,17,17,10,1.0,1
2013,Malaysian Grand Prix,Valtteri Bottas,Williams,18,18,11,0.0,1
2013,Malaysian Grand Prix,Jules Bianchi,Marussia,19,19,13,0.0,11
2013,Malaysian Grand Prix,Charles Pic,Caterham,20,20,14,0.0,11
2013,Malaysian Grand Prix,Max Chilton,Marussia,21,21,16,0.0,12
2013,Malaysian Grand Prix,Giedo van der Garde,Caterham,22,22,15,0.0,11
2013,Chinese Grand Prix,Lewis Hamilton,Mercedes,1,1,3,15.0,1
2013,Chinese Grand Prix,Kimi Räikkönen,Lotus F1,2,2,2,18.0,1
2013,Chinese Grand Prix,Fernando Alonso,Ferrari,3,3,1,25.0,1
2013,Chinese Grand Prix,Nico Rosberg,Mercedes,4,4,19,0.0,22
2013,Chinese Grand Prix,Felipe Massa,Ferrari,5,5,6,8.0,1
2013,Chinese Grand Prix,Romain Grosjean,Lotus F1,6,6,9,2.0,1
2013,Chinese Grand Prix,Daniel Ricciardo,Toro Rosso,7,7,7,6.0,1
2013,Chinese Grand Prix,Jenson Button,McLaren,8,8,5,10.0,1
2013,Chinese Grand Prix,Sebastian Vettel,Red Bull,9,9,4,12.0,1
2013,Chinese Grand Prix,Nico Hülkenberg,Sauber,10,10,10,1.0,1
2013,Chinese Grand Prix,Paul di Resta,Force India,11,11,8,4.0,1
2013,Chinese Grand Prix,Sergio Pérez,McLaren,12,12,11,0.0,1
2013,Chinese Grand Prix,Adrian Sutil,Force India,13,13,21,0.0,4
2013,Chinese Grand Prix,Mark Webber,Red Bull,14,22,20,0.0,36
2013,Chinese Grand Prix,Pastor Maldonado,Williams,15,14,14,0.0,1
2013,Chinese Grand Prix,Jean-Éric Vergne,Toro Rosso,16,15,12,0.0,1
2013,Chinese Grand Prix,Valtteri Bottas,Williams,17,16,13,0.0,1
2013,Chinese Grand Prix,Esteban Gutiérrez,Sauber,18,17,22,0.0,4
2013,Chinese Grand Prix,Jules Bianchi,Marussia,19,18,15,0.0,11
2013,Chinese Grand Prix,Max Chilton,Marussia,20,19,17,0.0,11
2013,Chinese Grand Prix,Charles Pic,Caterham,21,20,16,0.0,11
2013,Chinese Grand Prix,Giedo van der Garde,Caterham,22,21,18,0.0,11
2013,Bahrain Grand Prix,Nico Rosberg,Mercedes,1,1,9,2.0,1
2013,Bahrain Grand Prix,Sebastian Vettel,Red Bull,2,2,1,25.0,1
2013,Bahrain Grand Prix,Fernando Alonso,Ferrari,3,3,8,4.0,1
2013,Bahrain Grand Prix,Lewis Hamilton,Mercedes,4,9,5,10.0,1
2013,Bahrain Grand Prix,Mark Webber,Red Bull,5,7,7,6.0,1
2013,Bahrain Grand Prix,Felipe Massa,Ferrari,6,4,15,0.0,1
2013,Bahrain Grand Prix,Paul di Resta,Force India,7,5,4,12.0,1
2013,Bahrain Grand Prix,Adrian Sutil,Force India,8,6,13,0.0,1
2013,Bahrain Grand Prix,Kimi Räikkönen,Lotus F1,9,8,2,18.0,1
2013,Bahrain Grand Prix,Jenson Button,McLaren,10,10,10,1.0,1
2013,Bahrain Grand Prix,Romain Grosjean,Lotus F1,11,11,3,15.0,1
2013,Bahrain Grand Prix,Sergio Pérez,McLaren,12,12,6,8.0,1
2013,Bahrain Grand Prix,Daniel Ricciardo,Toro Rosso,13,13,16,0.0,11
2013,Bahrain Grand Prix,Nico Hülkenberg,Sauber,14,14,12,0.0,1
2013,Bahrain Grand Prix,Valtteri Bottas,Williams,15,15,14,0.0,1
2013,Bahrain Grand Prix,Jean-Éric Vergne,Toro Rosso,16,16,22,0.0,29
2013,Bahrain Grand Prix,Pastor Maldonado,Williams,17,17,11,0.0,1
2013,Bahrain Grand Prix,Esteban Gutiérrez,Sauber,18,22,18,0.0,11
2013,Bahrain Grand Prix,Charles Pic,Caterham,19,18,17,0.0,11
2013,Bahrain Grand Prix,Jules Bianchi,Marussia,20,19,19,0.0,11
2013,Bahrain Grand Prix,Giedo van der Garde,Caterham,21,20,21,0.0,12
2013,Bahrain Grand Prix,Max Chilton,Marussia,22,21,20,0.0,11
2013,Spanish Grand Prix,Nico Rosberg,Mercedes,1,1,6,8.0,1
2013,Spanish Grand Prix,Lewis Hamilton,Mercedes,2,2,12,0.0,11
2013,Spanish Grand Prix,Sebastian Vettel,Red Bull,3,3,4,12.0,1
2013,Spanish Grand Prix,Kimi Räikkönen,Lotus F1,4,4,2,18.0,1
2013,Spanish Grand Prix,Fernando Alonso,Ferrari,5,5,1,25.0,1
2013,Spanish Grand Prix,Felipe Massa,Ferrari,6,9,3,15.0,1
2013,Spanish Grand Prix,Romain Grosjean,Lotus F1,7,6,22,0.0,22
2013,Spanish Grand Prix,Mark Webber,Red Bull,8,7,5,10.0,1
2013,Spanish Grand Prix,Sergio Pérez,McLaren,9,8,9,2.0,1
2013,Spanish Grand Prix,Paul di Resta,Force India,10,10,7,6.0,1
2013,Spanish Grand Prix,Daniel Ricciardo,Toro Rosso,11,11,10,1.0,11
2013,Spanish Grand Prix,Jean-Éric Vergne,Toro Rosso,12,12,20,0.0,3
2013,Spanish Grand Prix,Adrian Sutil,Force India,13,13,13,0.0,11
2013,Spanish Grand Prix,Jenson Button,McLaren,14,14,8,4.0,1
2013,Spanish Grand Prix,Nico Hülkenberg,Sauber,15,15,15,0.0,11
2013,Spanish Grand Prix,Esteban Gutiérrez,Sauber,16,19,11,0.0,11
2013,Spanish Grand Prix,Valtteri Bottas,Williams,17,16,16,0.0,11
2013,Spanish Grand Prix,Pastor Maldonado,Williams,18,17,14,0.0,11
2013,Spanish Grand Prix,Giedo van der Garde,Caterham,19,18,21,0.0,36
2013,Spanish Grand Prix,Jules Bianchi,Marussia,20,20,18,0.0,12
2013,Spanish Grand Prix,Max Chilton,Marussia,21,21,19,0.0,12
2013,Spanish Grand Prix,Charles Pic,Caterham,22,22,17,0.0,11
2013,Monaco Grand Prix,Nico Rosberg,Mercedes,1,1,1,25.0,1
2013,Monaco Grand Prix,Lewis Hamilton,Mercedes,2,2,4,12.0,1
2013,Monaco Grand Prix,Sebastian Vettel,Red Bull,3,3,2,18.0,1
2013,Monaco Grand Prix,Mark Webber,Red Bull,4,4,3,15.0,1
2013,Monaco Grand Prix,Kimi Räikkönen,Lotus F1,5,5,10,1.0,1
2013,Monaco Grand Prix,Fernando Alonso,Ferrari,6,6,7,6.0,1
2013,Monaco Grand Prix,Sergio Pérez,McLaren,7,7,16,0.0,22
2013,Monaco Grand Prix,Adrian Sutil,Force India,8,8,5,10.0,1
2013,Monaco Grand Prix,Jenson Button,McLaren,9,9,6,8.0,1
2013,Monaco Grand Prix,Jean-Éric Vergne,Toro Rosso,10,10,8,4.0,1
2013,Monaco Grand Prix,Nico Hülkenberg,Sauber,11,11,11,0.0,1
2013,Monaco Grand Prix,Daniel Ricciardo,Toro Rosso,12,12,18,0.0,4
2013,Monaco Grand Prix,Romain Grosjean,Lotus F1,13,13,17,0.0,4
2013,Monaco Grand Prix,Valtteri Bottas,Williams,14,14,12,0.0,1
2013,Monaco Grand Prix,Giedo van der Garde,Caterham,15,15,15,0.0,1
2013,Monaco Grand Prix,Pastor Maldonado,Williams,16,16,20,0.0,4
2013,Monaco Grand Prix,Paul di Resta,Force India,17,17,9,2.0,1
2013,Monaco Grand Prix,Charles Pic,Caterham,18,18,22,0.0,6
2013,Monaco Grand Prix,Esteban Gutiérrez,Sauber,19,19,13,0.0,1
2013,Monaco Grand Prix,Max Chilton,Marussia,20,22,14,0.0,1
2013,Monaco Grand Prix,Jules Bianchi,Marussia,21,20,19,0.0,23
2013,Monaco Grand Prix,Felipe Massa,Ferrari,22,21,21,0.0,3
2013,Canadian Grand Prix,Sebastian Vettel,Red Bull,1,1,1,25.0,1
2013,Canadian Grand Prix,Lewis Hamilton,Mercedes,2,2,3,15.0,1
2013,Canadian Grand Prix,Valtteri Bottas,Williams,3,3,14,0.0,11
2013,Canadian Grand Prix,Nico Rosberg,Mercedes,4,4,5,10.0,1
2013,Canadian Grand Prix,Mark Webber,Red Bull,5,5,4,12.0,1
2013,Canadian Grand Prix,Fernando Alonso,Ferrari,6,6,2,18.0,1
2013,Canadian Grand Prix,Jean-Éric Vergne,Toro Rosso,7,7,6,8.0,11
2013,Canadian Grand Prix,Adrian Sutil,Force India,8,8,10,1.0,11
2013,Canadian Grand Prix,Kimi Räikkönen,Lotus F1,9,10,9,2.0,11
2013,Canadian Grand Prix,Daniel Ricciardo,Toro Rosso,10,11,15,0.0,12
2013,Canadian Grand Prix,Nico Hülkenberg,Sauber,11,9,21,0.0,4
2013,Canadian Grand Prix,Sergio Pérez,McLaren,12,12,11,0.0,11
2013,Canadian Grand Prix,Pastor Maldonado,Williams,13,13,16,0.0,12
2013,Canadian Grand Prix,Jenson Button,McLaren,14,14,12,0.0,11
2013,Canadian Grand Prix,Esteban Gutiérrez,Sauber,15,15,20,0.0,3
2013,Canadian Grand Prix,Felipe Massa,Ferrari,16,16,8,4.0,11
2013,Canadian Grand Prix,Paul di Resta,Force India,17,17,7,6.0,11
2013,Canadian Grand Prix,Charles Pic,Caterham,18,18,18,0.0,13
2013,Canadian Grand Prix,Romain Grosjean,Lotus F1,19,22,13,0.0,11
2013,Canadian Grand Prix,Jules Bianchi,Marussia,20,19,17,0.0,12
2013,Canadian Grand Prix,Max Chilton,Marussia,21,20,19,0.0,13
2013,Canadian Grand Prix,Giedo van der Garde,Caterham,22,21,22,0.0,4
2013,British Grand Prix,Lewis Hamilton,Mercedes,1,1,4,12.0,1
2013,British Grand Prix,Nico Rosberg,Mercedes,2,2,1,25.0,1
2013,British Grand Prix,Sebastian Vettel,Red Bull,3,3,21,0.0,6
2013,British Grand Prix,Mark Webber,Red Bull,4,4,2,18.0,1
2013,British Grand Prix,Paul di Resta,Force India,5,21,9,2.0,1
2013,British Grand Prix,Daniel Ricciardo,Toro Rosso,6,5,8,4.0,1
2013,British Grand Prix,Adrian Sutil,Force India,7,6,7,6.0,1
2013,British Grand Prix,Romain Grosjean,Lotus F1,8,7,19,0.0,31
2013,British Grand Prix,Kimi Räikkönen,Lotus F1,9,8,5,10.0,1
2013,British Grand Prix,Fernando Alonso,Ferrari,10,9,3,15.0,1
2013,British Grand Prix,Jenson Button,McLaren,11,10,13,0.0,1
2013,British Grand Prix,Felipe Massa,Ferrari,12,11,6,8.0,1
2013,British Grand Prix,Jean-Éric Vergne,Toro Rosso,13,12,22,0.0,27
2013,British Grand Prix,Sergio Pérez,McLaren,14,13,20,0.0,36
2013,British Grand Prix,Nico Hülkenberg,Sauber,15,14,10,1.0,1
2013,British Grand Prix,Pastor Maldonado,Williams,16,15,11,0.0,1
2013,British Grand Prix,Valtteri Bottas,Williams,17,16,12,0.0,1
2013,British Grand Prix,Esteban Gutiérrez,Sauber,18,17,14,0.0,1
2013,British Grand Prix,Charles Pic,Caterham,19,18,15,0.0,1
2013,British Grand Prix,Jules Bianchi,Marussia,20,19,16,0.0,1
2013,British Grand Prix,Giedo van der Garde,Caterham,21,22,18,0.0,1
2013,British Grand Prix,Max Chilton,Marussia,22,20,17,0.0,1
2013,German Grand Prix,Lewis Hamilton,Mercedes,1,1,5,10.0,1
2013,German Grand Prix,Sebastian Vettel,Red Bull,2,2,1,25.0,1
2013,German Grand Prix,Mark Webber,Red Bull,3,3,7,6.0,1
2013,German Grand Prix,Kimi Räikkönen,Lotus F1,4,4,2,18.0,1
2013,German Grand Prix,Romain Grosjean,Lotus F1,5,5,3,15.0,1
2013,German Grand Prix,Daniel Ricciardo,Toro Rosso,6,6,12,0.0,1
2013,German Grand Prix,Felipe Massa,Ferrari,7,7,22,0.0,20
2013,German Grand Prix,Fernando Alonso,Ferrari,8,8,4,12.0,1
2013,German Grand Prix,Jenson Button,McLaren,9,9,6,8.0,1
2013,German Grand Prix,Nico Hülkenberg,Sauber,10,10,10,1.0,1
2013,German Grand Prix,Nico Rosberg,Mercedes,11,11,9,2.0,1
2013,German Grand Prix,Paul di Resta,Force India,12,12,11,0.0,1
2013,German Grand Prix,Sergio Pérez,McLaren,13,13,8,4.0,1
2013,German Grand Prix,Esteban Gutiérrez,Sauber,14,14,14,0.0,1
2013,German Grand Prix,Adrian Sutil,Force India,15,15,13,0.0,1
2013,German Grand Prix,Jean-Éric Vergne,Toro Rosso,16,16,20,0.0,9
2013,German Grand Prix,Valtteri Bottas,Williams,17,17,16,0.0,11
2013,German Grand Prix,Pastor Maldonado,Williams,18,18,15,0.0,1
2013,German Grand Prix,Charles Pic,Caterham,19,22,17,0.0,11
2013,German Grand Prix,Jules Bianchi,Marussia,20,19,21,0.0,5
2013,German Grand Prix,Giedo van der Garde,Caterham,21,20,18,0.0,11
2013,German Grand Prix,Max Chilton,Marussia,22,21,19,0.0,11
2013,Hungarian Grand Prix,Lewis Hamilton,Mercedes,1,1,1,25.0,1
2013,Hungarian Grand Prix,Sebastian Vettel,Red Bull,2,2,3,15.0,1
2013,Hungarian Grand Prix,Romain Grosjean,Lotus F1,3,3,6,8.0,1
2013,Hungarian Grand Prix,Nico Rosberg,Mercedes,4,4,19,0.0,5
2013,Hungarian Grand Prix,Fernando Alonso,Ferrari,5,5,5,10.0,1
2013,Hungarian Grand Prix,Kimi Räikkönen,Lotus F1,6,6,2,18.0,1
2013,Hungarian Grand Prix,Felipe Massa,Ferrari,7,7,8,4.0,1
2013,Hungarian Grand Prix,Daniel Ricciardo,Toro Rosso,8,8,13,0.0,11
2013,Hungarian Grand Prix,Sergio Pérez,McLaren,9,9,9,2.0,11
2013,Hungarian Grand Prix,Mark Webber,Red Bull,10,10,4,12.0,1
2013,Hungarian Grand Prix,Adrian Sutil,Force India,11,11,22,0.0,9
2013,Hungarian Grand Prix,Nico Hülkenberg,Sauber,12,12,11,0.0,11
2013,Hungarian Grand Prix,Jenson Button,McLaren,13,13,7,6.0,1
2013,Hungarian Grand Prix,Jean-Éric Vergne,Toro Rosso,14,14,12,0.0,11
2013,Hungarian Grand Prix,Pastor Maldonado,Williams,15,15,10,1.0,11
2013,Hungarian Grand Prix,Valtteri Bottas,Williams,16,16,20,0.0,9
2013,Hungarian Grand Prix,Esteban Gutiérrez,Sauber,17,17,21,0.0,7
2013,Hungarian Grand Prix,Paul di Resta,Force India,18,18,18,0.0,9
2013,Hungarian Grand Prix,Charles Pic,Caterham,19,19,15,0.0,12
2013,Hungarian Grand Prix,Giedo van der Garde,Caterham,20,20,14,0.0,12
2013,Hungarian Grand Prix,Jules Bianchi,Marussia,21,21,16,0.0,13
2013,Hungarian Grand Prix,Max Chilton,Marussia,22,22,17,0.0,13
2013,Belgian Grand Prix,Lewis Hamilton,Mercedes,1,1,3,15.0,1
2013,Belgian Grand Prix,Sebastian Vettel,Red Bull,2,2,1,25.0,1
2013,Belgian Grand Prix,Mark Webber,Red Bull,3,3,5,10.0,1
2013,Belgian Grand Prix,Nico Rosberg,Mercedes,4,4,4,12.0,1
2013,Belgian Grand Prix,Paul di Resta,Force India,5,5,20,0.0,4
2013,Belgian Grand Prix,Jenson Button,McLaren,6,6,6,8.0,1
2013,Belgian Grand Prix,Romain Grosjean,Lotus F1,7,7,8,4.0,1
2013,Belgian Grand Prix,Kimi Räikkönen,Lotus F1,8,8,21,0.0,23
2013,Belgian Grand Prix,Fernando Alonso,Ferrari,9,9,2,18.0,1
2013,Belgian Grand Prix,Felipe Massa,Ferrari,10,10,7,6.0,1
2013,Belgian Grand Prix,Nico Hülkenberg,Sauber,11,11,13,0.0,1
2013,Belgian Grand Prix,Adrian Sutil,Force India,12,12,9,2.0,1
2013,Belgian Grand Prix,Sergio Pérez,McLaren,13,13,11,0.0,1
2013,Belgian Grand Prix,Giedo van der Garde,Caterham,14,14,16,0.0,11
2013,Belgian Grand Prix,Jules Bianchi,Marussia,15,15,18,0.0,11
2013,Belgian Grand Prix,Max Chilton,Marussia,16,16,19,0.0,12
2013,Belgian Grand Prix,Pastor Maldonado,Williams,17,17,17,0.0,11
2013,Belgian Grand Prix,Jean-Éric Vergne,Toro Rosso,18,18,12,0.0,1
2013,Belgian Grand Prix,Daniel Ricciardo,Toro Rosso,19,19,10,1.0,1
2013,Belgian Grand Prix,Valtteri Bottas,Williams,20,20,15,0.0,1
2013,Belgian Grand Prix,Esteban Gutiérrez,Sauber,21,21,14,0.0,1
2013,Belgian Grand Prix,Charles Pic,Caterham,22,22,22,0.0,44
2013,Italian Grand Prix,Sebastian Vettel,Red Bull,1,1,1,25.0,1
2013,Italian Grand Prix,Mark Webber,Red Bull,2,2,3,15.0,1
2013,Italian Grand Prix,Nico Hülkenberg,Sauber,3,3,5,10.0,1
2013,Italian Grand Prix,Felipe Massa,Ferrari,4,4,4,12.0,1
2013,Italian Grand Prix,Fernando Alonso,Ferrari,5,5,2,18.0,1
2013,Italian Grand Prix,Nico Rosberg,Mercedes,6,6,6,8.0,1
2013,Italian Grand Prix,Daniel Ricciardo,Toro Rosso,7,7,7,6.0,1
2013,Italian Grand Prix,Sergio Pérez,McLaren,8,8,12,0.0,1
2013,Italian Grand Prix,Jenson Button,McLaren,9,9,10,1.0,1
2013,Italian Grand Prix,Jean-Éric Vergne,Toro Rosso,10,10,21,0.0,7
2013,Italian Grand Prix,Kimi Räikkönen,Lotus F1,11,11,11,0.0,1
2013,Italian Grand Prix,Lewis Hamilton,Mercedes,12,12,9,2.0,1
2013,Italian Grand Prix,Romain Grosjean,Lotus F1,13,13,8,4.0,1
2013,Italian Grand Prix,Adrian Sutil,Force India,14,17,16,0.0,11
2013,Italian Grand Prix,Pastor Maldonado,Williams,15,14,14,0.0,1
2013,Italian Grand Prix,Paul di Resta,Force India,16,15,22,0.0,3
2013,Italian Grand Prix,Esteban Gutiérrez,Sauber,17,16,13,0.0,1
2013,Italian Grand Prix,Valtteri Bottas,Williams,18,18,15,0.0,1
2013,Italian Grand Prix,Giedo van der Garde,Caterham,19,19,18,0.0,11
2013,Italian Grand Prix,Charles Pic,Caterham,20,20,17,0.0,11
2013,Italian Grand Prix,Jules Bianchi,Marussia,21,21,19,0.0,11
2013,Italian Grand Prix,Max Chilton,Marussia,22,22,20,0.0,11
2013,Singapore Grand Prix,Sebastian Vettel,Red Bull,1,1,1,25.0,1
2013,Singapore Grand Prix,Nico Rosberg,Mercedes,2,2,4,12.0,1
2013,Singapore Grand Prix,Romain Grosjean,Lotus F1,3,3,21,0.0,63
2013,Singapore Grand Prix,Mark Webber,Red Bull,4,4,15,0.0,34
2013,Singapore Grand Prix,Lewis Hamilton,Mercedes,5,5,5,10.0,1
2013,Singapore Grand Prix,Felipe Massa,Ferrari,6,6,6,8.0,1
2013,Singapore Grand Prix,Fernando Alonso,Ferrari,7,7,2,18.0,1
2013,Singapore Grand Prix,Jenson Button,McLaren,8,8,7,6.0,1
2013,Singapore Grand Prix,Daniel Ricciardo,Toro Rosso,9,9,22,0.0,3
2013,Singapore Grand Prix,Esteban Gutiérrez,Sauber,10,10,12,0.0,1
2013,Singapore Grand Prix,Nico Hülkenberg,Sauber,11,11,9,2.0,1
2013,Singapore Grand Prix,Jean-Éric Vergne,Toro Rosso,12,12,14,0.0,1
2013,Singapore Grand Prix,Kimi Räikkönen,Lotus F1,13,13,3,15.0,1
2013,Singapore Grand Prix,Sergio Pérez,McLaren,14,14,8,4.0,1
2013,Singapore Grand Prix,Adrian Sutil,Force India,15,15,10,1.0,1
2013,Singapore Grand Prix,Valtteri Bottas,Williams,16,16,13,0.0,1
2013,Singapore Grand Prix,Paul di Resta,Force India,17,17,20,0.0,3
2013,Singapore Grand Prix,Pastor Maldonado,Williams,18,18,11,0.0,1
2013,Singapore Grand Prix,Charles Pic,Caterham,19,19,19,0.0,11
2013,Singapore Grand Prix,Giedo van der Garde,Caterham,20,20,16,0.0,11
2013,Singapore Grand Prix,Jules Bianchi,Marussia,21,21,18,0.0,11
2013,Singapore Grand Prix,Max Chilton,Marussia,22,22,17,0.0,11
2013,Korean Grand Prix,Sebastian Vettel,Red Bull,1,1,1,25.0,1
2013,Korean Grand Prix,Lewis Hamilton,Mercedes,2,2,5,10.0,1
2013,Korean Grand Prix,Mark Webber,Red Bull,3,13,21,0.0,4
2013,Korean Grand Prix,Romain Grosjean,Lotus F1,4,3,3,15.0,1
2013,Korean Grand Prix,Nico Rosberg,Mercedes,5,4,7,6.0,1
2013,Korean Grand Prix,Fernando Alonso,Ferrari,6,5,6,8.0,1
2013,Korean Grand Prix,Felipe Massa,Ferrari,7,6,9,2.0,1
2013,Korean Grand Prix,Nico Hülkenberg,Sauber,8,7,4,12.0,1
2013,Korean Grand Prix,Esteban Gutiérrez,Sauber,9,8,11,0.0,1
2013,Korean Grand Prix,Kimi Räikkönen,Lotus F1,10,9,2,18.0,1
2013,Korean Grand Prix,Sergio Pérez,McLaren,11,10,10,1.0,1
2013,Korean Grand Prix,Jenson Button,McLaren,12,11,8,4.0,1
2013,Korean Grand Prix,Daniel Ricciardo,Toro Rosso,13,12,19,0.0,13
2013,Korean Grand Prix,Adrian Sutil,Force India,14,14,20,0.0,4
2013,Korean Grand Prix,Paul di Resta,Force India,15,15,22,0.0,20
2013,Korean Grand Prix,Jean-Éric Vergne,Toro Rosso,16,16,18,0.0,12
2013,Korean Grand Prix,Valtteri Bottas,Williams,17,17,12,0.0,1
2013,Korean Grand Prix,Pastor Maldonado,Williams,18,18,13,0.0,1
2013,Korean Grand Prix,Charles Pic,Caterham,19,19,14,0.0,1
2013,Korean Grand Prix,Giedo van der Garde,Caterham,20,20,15,0.0,1
2013,Korean Grand Prix,Jules Bianchi,Marussia,21,22,16,0.0,1
2013,Korean Grand Prix,Max Chilton,Marussia,22,21,17,0.0,1
2013,Japanese Grand Prix,Mark Webber,Red Bull,1,1,2,18.0,1
2013,Japanese Grand Prix,Sebastian Vettel,Red Bull,2,2,1,25.0,1
2013,Japanese Grand Prix,Lewis Hamilton,Mercedes,3,3,20,0.0,29
2013,Japanese Grand Prix,Romain Grosjean,Lotus F1,4,4,3,15.0,1
2013,Japanese Grand Prix,Felipe Massa,Ferrari,5,5,10,1.0,1
2013,Japanese Grand Prix,Nico Rosberg,Mercedes,6,6,8,4.0,1
2013,Japanese Grand Prix,Nico Hülkenberg,Sauber,7,7,6,8.0,1
2013,Japanese Grand Prix,Fernando Alonso,Ferrari,8,8,4,12.0,1
2013,Japanese Grand Prix,Kimi Räikkönen,Lotus F1,9,9,5,10.0,1
2013,Japanese Grand Prix,Jenson Button,McLaren,10,10,9,2.0,1
2013,Japanese Grand Prix,Sergio Pérez,McLaren,11,11,15,0.0,11
2013,Japanese Grand Prix,Paul di Resta,Force India,12,12,11,0.0,1
2013,Japanese Grand Prix,Valtteri Bottas,Williams,13,13,17,0.0,11
2013,Japanese Grand Prix,Esteban Gutiérrez,Sauber,14,14,7,6.0,1
2013,Japanese Grand Prix,Pastor Maldonado,Williams,15,15,16,0.0,11
2013,Japanese Grand Prix,Daniel Ricciardo,Toro Rosso,16,16,13,0.0,11
2013,Japanese Grand Prix,Adrian Sutil,Force India,17,22,14,0.0,11
2013,Japanese Grand Prix,Jean-Éric Vergne,Toro Rosso,18,17,12,0.0,11
2013,Japanese Grand Prix,Max Chilton,Marussia,19,18,19,0.0,11
2013,Japanese Grand Prix,Charles Pic,Caterham,20,20,18,0.0,11
2013,Japanese Grand Prix,Giedo van der Garde,Caterham,21,19,21,0.0,3
2013,Japanese Grand Prix,Jules Bianchi,Marussia,22,21,22,0.0,3
2013,Indian Grand Prix,Sebastian Vettel,Red Bull,1,1,1,25.0,1
2013,Indian Grand Prix,Nico Rosberg,Mercedes,2,2,2,18.0,1
2013,Indian Grand Prix,Lewis Hamilton,Mercedes,3,3,6,8.0,1
2013,Indian Grand Prix,Mark Webber,Red Bull,4,4,20,0.0,91
2013,Indian Grand Prix,Felipe Massa,Ferrari,5,5,4,12.0,1
2013,Indian Grand Prix,Kimi Räikkönen,Lotus F1,6,6,7,6.0,1
2013,Indian Grand Prix,Nico Hülkenberg,Sauber,7,7,19,0.0,26
2013,Indian Grand Prix,Fernando Alonso,Ferrari,8,8,11,0.0,1
2013,Indian Grand Prix,Sergio Pérez,McLaren,9,9,5,10.0,1
2013,Indian Grand Prix,Jenson Button,McLaren,10,10,14,0.0,11
2013,Indian Grand Prix,Daniel Ricciardo,Toro Rosso,11,11,10,1.0,1
2013,Indian Grand Prix,Paul di Resta,Force India,12,12,8,4.0,1
2013,Indian Grand Prix,Adrian Sutil,Force India,13,13,9,2.0,1
2013,Indian Grand Prix,Jean-Éric Vergne,Toro Rosso,14,14,13,0.0,11
2013,Indian Grand Prix,Valtteri Bottas,Williams,15,15,16,0.0,11
2013,Indian Grand Prix,Esteban Gutiérrez,Sauber,16,16,15,0.0,11
2013,Indian Grand Prix,Romain Grosjean,Lotus F1,17,17,3,15.0,1
2013,Indian Grand Prix,Pastor Maldonado,Williams,18,18,12,0.0,1
2013,Indian Grand Prix,Jules Bianchi,Marussia,19,19,18,0.0,12
2013,Indian Grand Prix,Giedo van der Garde,Caterham,20,20,22,0.0,4
2013,Indian Grand Prix,Charles Pic,Caterham,21,21,21,0.0,9
2013,Indian Grand Prix,Max Chilton,Marussia,22,22,17,0.0,12
2013,Abu Dhabi Grand Prix,Mark Webber,Red Bull,1,1,2,18.0,1
2013,Abu Dhabi Grand Prix,Sebastian Vettel,Red Bull,2,2,1,25.0,1
2013,Abu Dhabi Grand Prix,Nico Rosberg,Mercedes,3,3,3,15.0,1
2013,Abu Dhabi Grand Prix,Lewis Hamilton,Mercedes,4,4,7,6.0,1
2013,Abu Dhabi Grand Prix,Kimi Räikkönen,Lotus F1,5,22,22,0.0,3
2013,Abu Dhabi Grand Prix,Nico Hülkenberg,Sauber,6,5,14,0.0,11
2013,Abu Dhabi Grand Prix,Romain Grosjean,Lotus F1,7,6,4,12.0,1
2013,Abu Dhabi Grand Prix,Felipe Massa,Ferrari,8,7,8,4.0,1
2013,Abu Dhabi Grand Prix,Sergio Pérez,McLaren,9,8,9,2.0,1
2013,Abu Dhabi Grand Prix,Daniel Ricciardo,Toro Rosso,10,9,16,0.0,11
2013,Abu Dhabi Grand Prix,Fernando Alonso,Ferrari,11,10,5,10.0,1
2013,Abu Dhabi Grand Prix,Paul di Resta,Force India,12,11,6,8.0,1
2013,Abu Dhabi Grand Prix,Jenson Button,McLaren,13,12,12,0.0,1
2013,Abu Dhabi Grand Prix,Jean-Éric Vergne,Toro Rosso,14,13,17,0.0,11
2013,Abu Dhabi Grand Prix,Pastor Maldonado,Williams,15,14,11,0.0,1
2013,Abu Dhabi Grand Prix,Valtteri Bottas,Williams,16,15,15,0.0,11
2013,Abu Dhabi Grand Prix,Esteban Gutiérrez,Sauber,17,16,13,0.0,1
2013,Abu Dhabi Grand Prix,Adrian Sutil,Force India,18,17,10,1.0,1
2013,Abu Dhabi Grand Prix,Giedo van der Garde,Caterham,19,18,18,0.0,11
2013,Abu Dhabi Grand Prix,Jules Bianchi,Marussia,20,21,20,0.0,12
2013,Abu Dhabi Grand Prix,Charles Pic,Caterham,21,19,19,0.0,11
2013,Abu Dhabi Grand Prix,Max Chilton,Marussia,22,20,21,0.0,12
2013,United States Grand Prix,Sebastian Vettel,Red Bull,1,1,1,25.0,1
2013,United States Grand Prix,Mark Webber,Red Bull,2,2,3,15.0,1
2013,United States Grand Prix,Romain Grosjean,Lotus F1,3,3,2,18.0,1
2013,United States Grand Prix,Nico Hülkenberg,Sauber,4,4,6,8.0,1
2013,United States Grand Prix,Lewis Hamilton,Mercedes,5,5,4,12.0,1
2013,United States Grand Prix,Fernando Alonso,Ferrari,6,6,5,10.0,1
2013,United States Grand Prix,Sergio Pérez,McLaren,7,7,7,6.0,1
2013,United States Grand Prix,Heikki Kovalainen,Lotus F1,8,8,15,0.0,1
2013,United States Grand Prix,Valtteri Bottas,Williams,9,9,8,4.0,1
2013,United States Grand Prix,Esteban Gutiérrez,Sauber,10,20,14,0.0,1
2013,United States Grand Prix,Daniel Ricciardo,Toro Rosso,11,10,11,0.0,1
2013,United States Grand Prix,Paul di Resta,Force India,12,11,16,0.0,1
2013,United States Grand Prix,Jenson Button,McLaren,13,15,10,1.0,1
2013,United States Grand Prix,Nico Rosberg,Mercedes,14,12,9,2.0,1
2013,United States Grand Prix,Felipe Massa,Ferrari,15,13,13,0.0,1
2013,United States Grand Prix,Jean-Éric Vergne,Toro Rosso,16,14,12,0.0,1
2013,United States Grand Prix,Adrian Sutil,Force India,17,16,22,0.0,3
2013,United States Grand Prix,Pastor Maldonado,Williams,18,17,17,0.0,11
2013,United States Grand Prix,Giedo van der Garde,Caterham,19,18,19,0.0,11
2013,United States Grand Prix,Jules Bianchi,Marussia,20,19,18,0.0,11
2013,United States Grand Prix,Charles Pic,Caterham,21,22,20,0.0,11
2013,United States Grand Prix,Max Chilton,Marussia,22,21,21,0.0,12
2013,Brazilian Grand Prix,Sebastian Vettel,Red Bull,1,1,1,25.0,1
2013,Brazilian Grand Prix,Nico Rosberg,Mercedes,2,2,5,10.0,1
2013,Brazilian Grand Prix,Fernando Alonso,Ferrari,3,3,3,15.0,1
2013,Brazilian Grand Prix,Mark Webber,Red Bull,4,4,2,18.0,1
2013,Brazilian Grand Prix,Lewis Hamilton,Mercedes,5,5,9,2.0,1
2013,Brazilian Grand Prix,Romain Grosjean,Lotus F1,6,6,22,0.0,5
2013,Brazilian Grand Prix,Daniel Ricciardo,Toro Rosso,7,7,10,1.0,11
2013,Brazilian Grand Prix,Jean-Éric Vergne,Toro Rosso,8,8,15,0.0,11
2013,Brazilian Grand Prix,Felipe Massa,Ferrari,9,9,7,6.0,1
2013,Brazilian Grand Prix,Nico Hülkenberg,Sauber,10,10,8,4.0,1
2013,Brazilian Grand Prix,Heikki Kovalainen,Lotus F1,11,11,14,0.0,11
2013,Brazilian Grand Prix,Paul di Resta,Force India,12,12,11,0.0,11
2013,Brazilian Grand Prix,Valtteri Bottas,Williams,13,13,21,0.0,3
2013,Brazilian Grand Prix,Sergio Pérez,McLaren,14,19,6,8.0,1
2013,Brazilian Grand Prix,Jenson Button,McLaren,15,14,4,12.0,1
2013,Brazilian Grand Prix,Adrian Sutil,Force India,16,15,13,0.0,11
2013,Brazilian Grand Prix,Pastor Maldonado,Williams,17,16,16,0.0,11
2013,Brazilian Grand Prix,Esteban Gutiérrez,Sauber,18,17,12,0.0,11
2013,Brazilian Grand Prix,Charles Pic,Caterham,19,18,20,0.0,26
2013,Brazilian Grand Prix,Giedo van der Garde,Caterham,20,20,18,0.0,12
2013,Brazilian Grand Prix,Jules Bianchi,Marussia,21,21,17,0.0,12
2013,Brazilian Grand Prix,Max Chilton,Marussia,22,22,19,0.0,12
2014,Australian Grand Prix,Lewis Hamilton,Mercedes,1,1,19,0.0,5
2014,Australian Grand Prix,Daniel Ricciardo,Red Bull,2,2,22,0.0,2
2014,Australian Grand Prix,Nico Rosberg,Mercedes,3,3,1,25.0,1
2014,Australian Grand Prix,Kevin Magnussen,McLaren,4,4,2,18.0,1
2014,Australian Grand Prix,Fernando Alonso,Ferrari,5,5,4,12.0,1
2014,Australian Grand Prix,Jean-Éric Vergne,Toro Rosso,6,6,8,4.0,1
2014,Australian Grand Prix,Nico Hülkenberg,Force India,7,7,6,8.0,1
2014,Australian Grand Prix,Daniil Kvyat,Toro Rosso,8,8,9,2.0,1
2014,Australian Grand Prix,Felipe Massa,Williams,9,9,20,0.0,4
2014,Australian Grand Prix,Valtteri Bottas,Williams,10,15,5,10.0,1
2014,Australian Grand Prix,Jenson Button,McLaren,11,10,3,15.0,1
2014,Australian Grand Prix,Kimi Räikkönen,Ferrari,12,11,7,6.0,1
2014,Australian Grand Prix,Sebastian Vettel,Red Bull,13,12,18,0.0,5
2014,Australian Grand Prix,Adrian Sutil,Sauber,14,13,11,0.0,11
2014,Australian Grand Prix,Kamui Kobayashi,Caterham,15,14,21,0.0,4
2014,Australian Grand Prix,Sergio Pérez,Force India,16,16,10,1.0,1
2014,Australian Grand Prix,Max Chilton,Marussia,17,17,13,0.0,12
2014,Australian Grand Prix,Jules Bianchi,Marussia,18,18,14,0.0,18
2014,Australian Grand Prix,Esteban Gutiérrez,Sauber,19,20,12,0.0,11
2014,Australian Grand Prix,Marcus Ericsson,Caterham,20,19,17,0.0,51
2014,Australian Grand Prix,Romain Grosjean,Lotus F1,21,22,15,0.0,132
2014,Australian Grand Prix,Pastor Maldonado,Lotus F1,22,21,16,0.0,132
2014,Malaysian Grand Prix,Lewis Hamilton,Mercedes,1,1,1,25.0,1
2014,Malaysian Grand Prix,Sebastian Vettel,Red Bull,2,2,3,15.0,1
2014,Malaysian Grand Prix,Nico Rosberg,Mercedes,3,3,2,18.0,1
2014,Malaysian Grand Prix,Fernando Alonso,Ferrari,4,4,4,12.0,1
2014,Malaysian Grand Prix,Daniel Ricciardo,Red Bull,5,5,16,0.0,39
2014,Malaysian Grand Prix,Kimi Räikkönen,Ferrari,6,6,12,0.0,11
2014,Malaysian Grand Prix,Nico Hülkenberg,Force India,7,7,5,10.0,1
2014,Malaysian Grand Prix,Kevin Magnussen,McLaren,8,8,9,2.0,11
2014,Malaysian Grand Prix,Jean-Éric Vergne,Toro Rosso,9,9,19,0.0,131
2014,Malaysian Grand Prix,Jenson Button,McLaren,10,10,6,8.0,1
2014,Malaysian Grand Prix,Daniil Kvyat,Toro Rosso,11,11,10,1.0,11
2014,Malaysian Grand Prix,Esteban Gutiérrez,Sauber,12,12,17,0.0,6
2014,Malaysian Grand Prix,Felipe Massa,Williams,13,13,7,6.0,1
2014,Malaysian Grand Prix,Sergio Pérez,Force India,14,14,22,0.0,54
2014,Malaysian Grand Prix,Valtteri Bottas,Williams,15,18,8,4.0,1
2014,Malaysian Grand Prix,Romain Grosjean,Lotus F1,16,15,11,0.0,11
2014,Malaysian Grand Prix,Pastor Maldonado,Lotus F1,17,16,21,0.0,5
2014,Malaysian Grand Prix,Adrian Sutil,Sauber,18,17,18,0.0,10
2014,Malaysian Grand Prix,Jules Bianchi,Marussia,19,19,20,0.0,23
2014,Malaysian Grand Prix,Kamui Kobayashi,Caterham,20,20,13,0.0,11
2014,Malaysian Grand Prix,Max Chilton,Marussia,21,21,15,0.0,12
2014,Malaysian Grand Prix,Marcus Ericsson,Caterham,22,22,14,0.0,12
2014,Bahrain Grand Prix,Nico Rosberg,Mercedes,1,1,2,18.0,1
2014,Bahrain Grand Prix,Lewis Hamilton,Mercedes,2,2,1,25.0,1
2014,Bahrain Grand Prix,Daniel Ricciardo,Red Bull,3,13,4,12.0,1
2014,Bahrain Grand Prix,Valtteri Bottas,Williams,4,3,8,4.0,1
2014,Bahrain Grand Prix,Sergio Pérez,Force India,5,4,3,15.0,1
2014,Bahrain Grand Prix,Kimi Räikkönen,Ferrari,6,5,10,1.0,1
2014,Bahrain Grand Prix,Jenson Button,McLaren,7,6,17,0.0,8
2014,Bahrain Grand Prix,Felipe Massa,Williams,8,7,7,6.0,1
2014,Bahrain Grand Prix,Kevin Magnussen,McLaren,9,8,18,0.0,8
2014,Bahrain Grand Prix,Fernando Alonso,Ferrari,10,9,9,2.0,1
2014,Bahrain Grand Prix,Sebastian Vettel,Red Bull,11,10,6,8.0,1
2014,Bahrain Grand Prix,Nico Hülkenberg,Force India,12,11,5,10.0,1
2014,Bahrain Grand Prix,Daniil Kvyat,Toro Rosso,13,12,11,0.0,1
2014,Bahrain Grand Prix,Jean-Éric Vergne,Toro Rosso,14,14,21,0.0,31
2014,Bahrain Grand Prix,Esteban Gutiérrez,Sauber,15,15,19,0.0,4
2014,Bahrain Grand Prix,Romain Grosjean,Lotus F1,16,16,12,0.0,1
2014,Bahrain Grand Prix,Pastor Maldonado,Lotus F1,17,17,14,0.0,1
2014,Bahrain Grand Prix,Adrian Sutil,Sauber,18,22,22,0.0,4
2014,Bahrain Grand Prix,Kamui Kobayashi,Caterham,19,18,15,0.0,1
2014,Bahrain Grand Prix,Jules Bianchi,Marussia,20,19,16,0.0,11
2014,Bahrain Grand Prix,Marcus Ericsson,Caterham,21,20,20,0.0,31
2014,Bahrain Grand Prix,Max Chilton,Marussia,22,21,13,0.0,1
2011,Italian Grand Prix,Sebastian Vettel,Red Bull,1,1,1,25.0,1
2011,Italian Grand Prix,Lewis Hamilton,McLaren,2,2,4,12.0,1
2011,Italian Grand Prix,Jenson Button,McLaren,3,3,2,18.0,1
2011,Italian Grand Prix,Fernando Alonso,Ferrari,4,4,3,15.0,1
2011,Italian Grand Prix,Mark Webber,Red Bull,5,5,20,0.0,3
2011,Italian Grand Prix,Felipe Massa,Ferrari,6,6,6,8.0,1
2011,Italian Grand Prix,Vitaly Petrov,Renault,7,7,22,0.0,4
2011,Italian Grand Prix,Michael Schumacher,Mercedes,8,8,5,10.0,1
2011,Italian Grand Prix,Nico Rosberg,Mercedes,9,9,23,0.0,4
2011,Italian Grand Prix,Bruno Senna,Renault,10,10,9,2.0,11
2011,Italian Grand Prix,Paul di Resta,Force India,11,11,8,4.0,11
2011,Italian Grand Prix,Adrian Sutil,Force India,12,12,19,0.0,9
2011,Italian Grand Prix,Rubens Barrichello,Williams,13,13,12,0.0,11
2011,Italian Grand Prix,Pastor Maldonado,Williams,14,14,11,0.0,11
2011,Italian Grand Prix,Sergio Pérez,Sauber,15,15,17,0.0,6
2011,Italian Grand Prix,Sébastien Buemi,Toro Rosso,16,16,10,1.0,11
2011,Italian Grand Prix,Kamui Kobayashi,Sauber,17,17,18,0.0,6
2011,Italian Grand Prix,Jaime Alguersuari,Toro Rosso,18,18,7,6.0,11
2011,Italian Grand Prix,Jarno Trulli,Lotus,19,19,14,0.0,12
2011,Italian Grand Prix,Heikki Kovalainen,Lotus,20,20,13,0.0,12
2011,Italian Grand Prix,Timo Glock,Virgin,21,21,15,0.0,12
2011,Italian Grand Prix,Jérôme d'Ambrosio,Virgin,22,22,21,0.0,6
2011,Italian Grand Prix,Daniel Ricciardo,HRT,23,23,16,0.0,111
2011,Italian Grand Prix,Vitantonio Liuzzi,HRT,24,24,24,0.0,4
2014,Chinese Grand Prix,Lewis Hamilton,Mercedes,1,1,1,25.0,1
2014,Chinese Grand Prix,Daniel Ricciardo,Red Bull,2,2,4,12.0,1
2014,Chinese Grand Prix,Sebastian Vettel,Red Bull,3,3,5,10.0,1
2014,Chinese Grand Prix,Nico Rosberg,Mercedes,4,4,2,18.0,1
2014,Chinese Grand Prix,Fernando Alonso,Ferrari,5,5,3,15.0,1
2014,Chinese Grand Prix,Felipe Massa,Williams,6,6,15,0.0,11
2014,Chinese Grand Prix,Valtteri Bottas,Williams,7,7,7,6.0,1
2014,Chinese Grand Prix,Nico Hülkenberg,Force India,8,8,6,8.0,1
2014,Chinese Grand Prix,Jean-Éric Vergne,Toro Rosso,9,9,12,0.0,11
2014,Chinese Grand Prix,Romain Grosjean,Lotus F1,10,10,21,0.0,6
2014,Chinese Grand Prix,Kimi Räikkönen,Ferrari,11,11,8,4.0,1
2014,Chinese Grand Prix,Jenson Button,McLaren,12,12,11,0.0,11
2014,Chinese Grand Prix,Daniil Kvyat,Toro Rosso,13,13,10,1.0,11
2014,Chinese Grand Prix,Adrian Sutil,Sauber,14,14,22,0.0,5
2014,Chinese Grand Prix,Kevin Magnussen,McLaren,15,15,13,0.0,11
2014,Chinese Grand Prix,Sergio Pérez,Force India,16,16,9,2.0,1
2014,Chinese Grand Prix,Esteban Gutiérrez,Sauber,17,17,16,0.0,11
2014,Chinese Grand Prix,Kamui Kobayashi,Caterham,18,18,18,0.0,11
2014,Chinese Grand Prix,Jules Bianchi,Marussia,19,19,17,0.0,11
2014,Chinese Grand Prix,Marcus Ericsson,Caterham,20,20,20,0.0,12
2014,Chinese Grand Prix,Max Chilton,Marussia,21,21,19,0.0,12
2014,Chinese Grand Prix,Pastor Maldonado,Lotus F1,22,22,14,0.0,11
2014,Spanish Grand Prix,Lewis Hamilton,Mercedes,1,1,1,25.0,1
2014,Spanish Grand Prix,Nico Rosberg,Mercedes,2,2,2,18.0,1
2014,Spanish Grand Prix,Daniel Ricciardo,Red Bull,3,3,3,15.0,1
2014,Spanish Grand Prix,Valtteri Bottas,Williams,4,4,5,10.0,1
2014,Spanish Grand Prix,Romain Grosjean,Lotus F1,5,5,8,4.0,11
2014,Spanish Grand Prix,Kimi Räikkönen,Ferrari,6,6,7,6.0,11
2014,Spanish Grand Prix,Fernando Alonso,Ferrari,7,7,6,8.0,1
2014,Spanish Grand Prix,Jenson Button,McLaren,8,8,11,0.0,11
2014,Spanish Grand Prix,Felipe Massa,Williams,9,9,13,0.0,11
2014,Spanish Grand Prix,Sebastian Vettel,Red Bull,10,15,4,12.0,1
2014,Spanish Grand Prix,Nico Hülkenberg,Force India,11,10,10,1.0,11
2014,Spanish Grand Prix,Sergio Pérez,Force India,12,11,9,2.0,11
2014,Spanish Grand Prix,Daniil Kvyat,Toro Rosso,13,12,14,0.0,11
2014,Spanish Grand Prix,Esteban Gutiérrez,Sauber,14,13,16,0.0,11
2014,Spanish Grand Prix,Kevin Magnussen,McLaren,15,14,12,0.0,11
2014,Spanish Grand Prix,Jean-Éric Vergne,Toro Rosso,16,21,22,0.0,43
2014,Spanish Grand Prix,Adrian Sutil,Sauber,17,16,17,0.0,11
2014,Spanish Grand Prix,Max Chilton,Marussia,18,17,19,0.0,12
2014,Spanish Grand Prix,Jules Bianchi,Marussia,19,18,18,0.0,12
2014,Spanish Grand Prix,Marcus Ericsson,Caterham,20,19,20,0.0,12
2014,Spanish Grand Prix,Kamui Kobayashi,Caterham,21,20,21,0.0,23
2014,Spanish Grand Prix,Pastor Maldonado,Lotus F1,22,22,15,0.0,11
2014,Monaco Grand Prix,Nico Rosberg,Mercedes,1,1,1,25.0,1
2014,Monaco Grand Prix,Lewis Hamilton,Mercedes,2,2,2,18.0,1
2014,Monaco Grand Prix,Daniel Ricciardo,Red Bull,3,3,3,15.0,1
2014,Monaco Grand Prix,Sebastian Vettel,Red Bull,4,4,20,0.0,101
2014,Monaco Grand Prix,Fernando Alonso,Ferrari,5,5,4,12.0,1
2014,Monaco Grand Prix,Kimi Räikkönen,Ferrari,6,6,12,0.0,11
2014,Monaco Grand Prix,Jean-Éric Vergne,Toro Rosso,7,7,17,0.0,5
2014,Monaco Grand Prix,Kevin Magnussen,McLaren,8,8,10,1.0,11
2014,Monaco Grand Prix,Daniil Kvyat,Toro Rosso,9,9,19,0.0,26
2014,Monaco Grand Prix,Sergio Pérez,Force India,10,10,21,0.0,4
2014,Monaco Grand Prix,Nico Hülkenberg,Force India,11,11,5,10.0,11
2014,Monaco Grand Prix,Jenson Button,McLaren,12,12,6,8.0,11
2014,Monaco Grand Prix,Valtteri Bottas,Williams,13,13,16,0.0,5
2014,Monaco Grand Prix,Romain Grosjean,Lotus F1,14,14,8,4.0,11
2014,Monaco Grand Prix,Pastor Maldonado,Lotus F1,15,15,22,0.0,54
2014,Monaco Grand Prix,Felipe Massa,Williams,16,16,7,6.0,11
2014,Monaco Grand Prix,Esteban Gutiérrez,Sauber,17,17,15,0.0,3
2014,Monaco Grand Prix,Adrian Sutil,Sauber,18,18,18,0.0,3
2014,Monaco Grand Prix,Jules Bianchi,Marussia,19,21,9,2.0,11
2014,Monaco Grand Prix,Max Chilton,Marussia,20,19,14,0.0,13
2014,Monaco Grand Prix,Kamui Kobayashi,Caterham,21,20,13,0.0,12
2014,Monaco Grand Prix,Marcus Ericsson,Caterham,22,22,11,0.0,11
2014,Canadian Grand Prix,Nico Rosberg,Mercedes,1,1,2,18.0,1
2014,Canadian Grand Prix,Lewis Hamilton,Mercedes,2,2,17,0.0,23
2014,Canadian Grand Prix,Sebastian Vettel,Red Bull,3,3,3,15.0,1
2014,Canadian Grand Prix,Valtteri Bottas,Williams,4,4,7,6.0,1
2014,Canadian Grand Prix,Felipe Massa,Williams,5,5,12,0.0,4
2014,Canadian Grand Prix,Daniel Ricciardo,Red Bull,6,6,1,25.0,1
2014,Canadian Grand Prix,Fernando Alonso,Ferrari,7,7,6,8.0,1
2014,Canadian Grand Prix,Jean-Éric Vergne,Toro Rosso,8,8,8,4.0,1
2014,Canadian Grand Prix,Jenson Button,McLaren,9,9,4,12.0,1
2014,Canadian Grand Prix,Kimi Räikkönen,Ferrari,10,10,10,1.0,1
2014,Canadian Grand Prix,Nico Hülkenberg,Force India,11,11,5,10.0,1
2014,Canadian Grand Prix,Kevin Magnussen,McLaren,12,12,9,2.0,1
2014,Canadian Grand Prix,Sergio Pérez,Force India,13,13,11,0.0,4
2014,Canadian Grand Prix,Romain Grosjean,Lotus F1,14,14,15,0.0,65
2014,Canadian Grand Prix,Daniil Kvyat,Toro Rosso,15,15,16,0.0,79
2014,Canadian Grand Prix,Adrian Sutil,Sauber,16,16,13,0.0,11
2014,Canadian Grand Prix,Pastor Maldonado,Lotus F1,17,17,19,0.0,131
2014,Canadian Grand Prix,Max Chilton,Marussia,18,18,21,0.0,4
2014,Canadian Grand Prix,Jules Bianchi,Marussia,19,19,22,0.0,4
2014,Canadian Grand Prix,Kamui Kobayashi,Caterham,20,21,18,0.0,22
2014,Canadian Grand Prix,Marcus Ericsson,Caterham,21,20,20,0.0,101
2014,Canadian Grand Prix,Esteban Gutiérrez,Sauber,22,22,14,0.0,132
2014,Austrian Grand Prix,Felipe Massa,Williams,1,1,4,12.0,1
2014,Austrian Grand Prix,Valtteri Bottas,Williams,2,2,3,15.0,1
2014,Austrian Grand Prix,Nico Rosberg,Mercedes,3,3,1,25.0,1
2014,Austrian Grand Prix,Fernando Alonso,Ferrari,4,4,5,10.0,1
2014,Austrian Grand Prix,Daniel Ricciardo,Red Bull,5,5,8,4.0,1
2014,Austrian Grand Prix,Kevin Magnussen,McLaren,6,6,7,6.0,1
2014,Austrian Grand Prix,Daniil Kvyat,Toro Rosso,7,7,22,0.0,22
2014,Austrian Grand Prix,Kimi Räikkönen,Ferrari,8,8,10,1.0,1
2014,Austrian Grand Prix,Lewis Hamilton,Mercedes,9,9,2,18.0,1
2014,Austrian Grand Prix,Nico Hülkenberg,Force India,10,10,9,2.0,1
2014,Austrian Grand Prix,Sergio Pérez,Force India,11,15,6,8.0,1
2014,Austrian Grand Prix,Jenson Button,McLaren,12,11,11,0.0,1
2014,Austrian Grand Prix,Sebastian Vettel,Red Bull,13,12,21,0.0,10
2014,Austrian Grand Prix,Pastor Maldonado,Lotus F1,14,13,12,0.0,11
2014,Austrian Grand Prix,Jean-Éric Vergne,Toro Rosso,15,14,20,0.0,23
2014,Austrian Grand Prix,Romain Grosjean,Lotus F1,16,22,14,0.0,11
2014,Austrian Grand Prix,Adrian Sutil,Sauber,17,16,13,0.0,11
2014,Austrian Grand Prix,Esteban Gutiérrez,Sauber,18,17,19,0.0,12
2014,Austrian Grand Prix,Jules Bianchi,Marussia,19,18,15,0.0,12
2014,Austrian Grand Prix,Kamui Kobayashi,Caterham,20,19,16,0.0,12
2014,Austrian Grand Prix,Max Chilton,Marussia,21,21,17,0.0,12
2014,Austrian Grand Prix,Marcus Ericsson,Caterham,22,20,18,0.0,12
2014,British Grand Prix,Nico Rosberg,Mercedes,1,1,18,0.0,6
2014,British Grand Prix,Sebastian Vettel,Red Bull,2,2,5,10.0,1
2014,British Grand Prix,Jenson Button,McLaren,3,3,4,12.0,1
2014,British Grand Prix,Nico Hülkenberg,Force India,4,4,8,4.0,1
2014,British Grand Prix,Kevin Magnussen,McLaren,5,5,7,6.0,1
2014,British Grand Prix,Lewis Hamilton,Mercedes,6,6,1,25.0,1
2014,British Grand Prix,Sergio Pérez,Force India,7,7,11,0.0,11
2014,British Grand Prix,Daniel Ricciardo,Red Bull,8,8,3,15.0,1
2014,British Grand Prix,Daniil Kvyat,Toro Rosso,9,9,9,2.0,1
2014,British Grand Prix,Jean-Éric Vergne,Toro Rosso,10,10,10,1.0,11
2014,British Grand Prix,Romain Grosjean,Lotus F1,11,11,12,0.0,11
2014,British Grand Prix,Jules Bianchi,Marussia,12,12,14,0.0,11
2014,British Grand Prix,Max Chilton,Marussia,13,17,16,0.0,12
2014,British Grand Prix,Esteban Gutiérrez,Sauber,14,19,20,0.0,4
2014,British Grand Prix,Pastor Maldonado,Lotus F1,15,20,17,0.0,13
2014,British Grand Prix,Adrian Sutil,Sauber,16,13,13,0.0,11
2014,British Grand Prix,Valtteri Bottas,Williams,17,14,2,18.0,1
2014,British Grand Prix,Felipe Massa,Williams,18,15,21,0.0,4
2014,British Grand Prix,Fernando Alonso,Ferrari,19,16,6,8.0,1
2014,British Grand Prix,Kimi Räikkönen,Ferrari,20,18,22,0.0,4
2014,British Grand Prix,Marcus Ericsson,Caterham,21,21,19,0.0,22
2014,British Grand Prix,Kamui Kobayashi,Caterham,22,22,15,0.0,12
2014,German Grand Prix,Nico Rosberg,Mercedes,1,1,1,25.0,1
2014,German Grand Prix,Valtteri Bottas,Williams,2,2,2,18.0,1
2014,German Grand Prix,Felipe Massa,Williams,3,3,22,0.0,4
2014,German Grand Prix,Kevin Magnussen,McLaren,4,4,9,2.0,11
2014,German Grand Prix,Daniel Ricciardo,Red Bull,5,5,6,8.0,1
2014,German Grand Prix,Sebastian Vettel,Red Bull,6,6,4,12.0,1
2014,German Grand Prix,Fernando Alonso,Ferrari,7,7,5,10.0,1
2014,German Grand Prix,Daniil Kvyat,Toro Rosso,8,8,20,0.0,44
2014,German Grand Prix,Nico Hülkenberg,Force India,9,9,7,6.0,1
2014,German Grand Prix,Sergio Pérez,Force India,10,10,10,1.0,11
2014,German Grand Prix,Jenson Button,McLaren,11,11,8,4.0,1
2014,German Grand Prix,Kimi Räikkönen,Ferrari,12,12,11,0.0,11
2014,German Grand Prix,Jean-Éric Vergne,Toro Rosso,13,13,13,0.0,11
2014,German Grand Prix,Esteban Gutiérrez,Sauber,14,16,14,0.0,11
2014,German Grand Prix,Romain Grosjean,Lotus F1,15,14,21,0.0,47
2014,German Grand Prix,Lewis Hamilton,Mercedes,16,20,3,15.0,1
2014,German Grand Prix,Adrian Sutil,Sauber,17,15,19,0.0,23
2014,German Grand Prix,Jules Bianchi,Marussia,18,17,15,0.0,11
2014,German Grand Prix,Pastor Maldonado,Lotus F1,19,18,12,0.0,11
2014,German Grand Prix,Kamui Kobayashi,Caterham,20,19,16,0.0,12
2014,German Grand Prix,Max Chilton,Marussia,21,21,17,0.0,12
2014,German Grand Prix,Marcus Ericsson,Caterham,22,22,18,0.0,12
2014,Hungarian Grand Prix,Nico Rosberg,Mercedes,1,1,4,12.0,1
2014,Hungarian Grand Prix,Sebastian Vettel,Red Bull,2,2,7,6.0,1
2014,Hungarian Grand Prix,Valtteri Bottas,Williams,3,3,8,4.0,1
2014,Hungarian Grand Prix,Daniel Ricciardo,Red Bull,4,4,1,25.0,1
2014,Hungarian Grand Prix,Fernando Alonso,Ferrari,5,5,2,18.0,1
2014,Hungarian Grand Prix,Felipe Massa,Williams,6,6,5,10.0,1
2014,Hungarian Grand Prix,Jenson Button,McLaren,7,7,10,1.0,1
2014,Hungarian Grand Prix,Jean-Éric Vergne,Toro Rosso,8,8,9,2.0,1
2014,Hungarian Grand Prix,Nico Hülkenberg,Force India,9,9,20,0.0,3
2014,Hungarian Grand Prix,Kevin Magnussen,McLaren,10,21,12,0.0,1
2014,Hungarian Grand Prix,Daniil Kvyat,Toro Rosso,11,10,14,0.0,11
2014,Hungarian Grand Prix,Adrian Sutil,Sauber,12,11,11,0.0,1
2014,Hungarian Grand Prix,Sergio Pérez,Force India,13,12,19,0.0,3
2014,Hungarian Grand Prix,Esteban Gutiérrez,Sauber,14,13,17,0.0,31
2014,Hungarian Grand Prix,Romain Grosjean,Lotus F1,15,14,21,0.0,3
2014,Hungarian Grand Prix,Jules Bianchi,Marussia,16,15,15,0.0,11
2014,Hungarian Grand Prix,Kimi Räikkönen,Ferrari,17,16,6,8.0,1
2014,Hungarian Grand Prix,Kamui Kobayashi,Caterham,18,17,18,0.0,31
2014,Hungarian Grand Prix,Max Chilton,Marussia,19,18,16,0.0,11
2014,Hungarian Grand Prix,Marcus Ericsson,Caterham,20,19,22,0.0,3
2014,Hungarian Grand Prix,Lewis Hamilton,Mercedes,21,22,3,15.0,1
2014,Hungarian Grand Prix,Pastor Maldonado,Lotus F1,22,20,13,0.0,1
2014,Belgian Grand Prix,Nico Rosberg,Mercedes,1,1,2,18.0,1
2014,Belgian Grand Prix,Lewis Hamilton,Mercedes,2,2,19,0.0,31
2014,Belgian Grand Prix,Sebastian Vettel,Red Bull,3,3,5,10.0,1
2014,Belgian Grand Prix,Fernando Alonso,Ferrari,4,4,7,6.0,1
2014,Belgian Grand Prix,Daniel Ricciardo,Red Bull,5,5,1,25.0,1
2014,Belgian Grand Prix,Valtteri Bottas,Williams,6,6,3,15.0,1
2014,Belgian Grand Prix,Kevin Magnussen,McLaren,7,7,12,0.0,1
2014,Belgian Grand Prix,Kimi Räikkönen,Ferrari,8,8,4,12.0,1
2014,Belgian Grand Prix,Felipe Massa,Williams,9,9,13,0.0,1
2014,Belgian Grand Prix,Jenson Button,McLaren,10,10,6,8.0,1
2014,Belgian Grand Prix,Daniil Kvyat,Toro Rosso,11,11,9,2.0,1
2014,Belgian Grand Prix,Jean-Éric Vergne,Toro Rosso,12,12,11,0.0,1
2014,Belgian Grand Prix,Sergio Pérez,Force India,13,13,8,4.0,1
2014,Belgian Grand Prix,Adrian Sutil,Sauber,14,14,14,0.0,1
2014,Belgian Grand Prix,Romain Grosjean,Lotus F1,15,15,20,0.0,31
2014,Belgian Grand Prix,Jules Bianchi,Marussia,16,16,18,0.0,6
2014,Belgian Grand Prix,Pastor Maldonado,Lotus F1,17,17,21,0.0,26
2014,Belgian Grand Prix,Nico Hülkenberg,Force India,18,18,10,1.0,1
2014,Belgian Grand Prix,Max Chilton,Marussia,19,19,16,0.0,11
2014,Belgian Grand Prix,Esteban Gutiérrez,Sauber,20,20,15,0.0,1
2014,Belgian Grand Prix,André Lotterer,Caterham,21,21,22,0.0,131
2014,Belgian Grand Prix,Marcus Ericsson,Caterham,22,22,17,0.0,11
2014,Italian Grand Prix,Lewis Hamilton,Mercedes,1,1,1,25.0,1
2014,Italian Grand Prix,Nico Rosberg,Mercedes,2,2,2,18.0,1
2014,Italian Grand Prix,Valtteri Bottas,Williams,3,3,4,12.0,1
2014,Italian Grand Prix,Felipe Massa,Williams,4,4,3,15.0,1
2014,Italian Grand Prix,Kevin Magnussen,McLaren,5,5,10,1.0,1
2014,Italian Grand Prix,Jenson Button,McLaren,6,6,8,4.0,1
2014,Italian Grand Prix,Fernando Alonso,Ferrari,7,7,21,0.0,5
2014,Italian Grand Prix,Sebastian Vettel,Red Bull,8,8,6,8.0,1
2014,Italian Grand Prix,Daniel Ricciardo,Red Bull,9,9,5,10.0,1
2014,Italian Grand Prix,Sergio Pérez,Force India,10,10,7,6.0,1
2014,Italian Grand Prix,Daniil Kvyat,Toro Rosso,11,21,11,0.0,1
2014,Italian Grand Prix,Kimi Räikkönen,Ferrari,12,11,9,2.0,1
2014,Italian Grand Prix,Jean-Éric Vergne,Toro Rosso,13,12,13,0.0,1
2014,Italian Grand Prix,Nico Hülkenberg,Force India,14,13,12,0.0,1
2014,Italian Grand Prix,Adrian Sutil,Sauber,15,14,15,0.0,11
2014,Italian Grand Prix,Esteban Gutiérrez,Sauber,16,15,19,0.0,12
2014,Italian Grand Prix,Pastor Maldonado,Lotus F1,17,16,14,0.0,11
2014,Italian Grand Prix,Romain Grosjean,Lotus F1,18,17,16,0.0,11
2014,Italian Grand Prix,Kamui Kobayashi,Caterham,19,18,17,0.0,11
2014,Italian Grand Prix,Jules Bianchi,Marussia,20,19,18,0.0,11
2014,Italian Grand Prix,Max Chilton,Marussia,21,20,22,0.0,3
2014,Italian Grand Prix,Marcus Ericsson,Caterham,22,22,20,0.0,12
2014,Singapore Grand Prix,Lewis Hamilton,Mercedes,1,1,1,25.0,1
2014,Singapore Grand Prix,Nico Rosberg,Mercedes,2,2,21,0.0,10
2014,Singapore Grand Prix,Daniel Ricciardo,Red Bull,3,3,3,15.0,1
2014,Singapore Grand Prix,Sebastian Vettel,Red Bull,4,4,2,18.0,1
2014,Singapore Grand Prix,Fernando Alonso,Ferrari,5,5,4,12.0,1
2014,Singapore Grand Prix,Felipe Massa,Williams,6,6,5,10.0,1
2014,Singapore Grand Prix,Kimi Räikkönen,Ferrari,7,7,8,4.0,1
2014,Singapore Grand Prix,Valtteri Bottas,Williams,8,8,11,0.0,1
2014,Singapore Grand Prix,Kevin Magnussen,McLaren,9,9,10,1.0,1
2014,Singapore Grand Prix,Daniil Kvyat,Toro Rosso,10,10,14,0.0,1
2014,Singapore Grand Prix,Jenson Button,McLaren,11,11,18,0.0,31
2014,Singapore Grand Prix,Jean-Éric Vergne,Toro Rosso,12,12,6,8.0,1
2014,Singapore Grand Prix,Nico Hülkenberg,Force India,13,13,9,2.0,1
2014,Singapore Grand Prix,Esteban Gutiérrez,Sauber,14,14,20,0.0,10
2014,Singapore Grand Prix,Sergio Pérez,Force India,15,15,7,6.0,1
2014,Singapore Grand Prix,Romain Grosjean,Lotus F1,16,16,13,0.0,1
2014,Singapore Grand Prix,Adrian Sutil,Sauber,17,17,19,0.0,34
2014,Singapore Grand Prix,Pastor Maldonado,Lotus F1,18,18,12,0.0,1
2014,Singapore Grand Prix,Jules Bianchi,Marussia,19,19,16,0.0,1
2014,Singapore Grand Prix,Kamui Kobayashi,Caterham,20,20,22,0.0,131
2014,Singapore Grand Prix,Max Chilton,Marussia,21,21,17,0.0,11
2014,Singapore Grand Prix,Marcus Ericsson,Caterham,22,22,15,0.0,1
2014,Japanese Grand Prix,Nico Rosberg,Mercedes,1,1,2,18.0,1
2014,Japanese Grand Prix,Lewis Hamilton,Mercedes,2,2,1,25.0,1
2014,Japanese Grand Prix,Valtteri Bottas,Williams,3,3,6,8.0,1
2014,Japanese Grand Prix,Felipe Massa,Williams,4,4,7,6.0,1
2014,Japanese Grand Prix,Fernando Alonso,Ferrari,5,5,22,0.0,40
2014,Japanese Grand Prix,Daniel Ricciardo,Red Bull,6,6,4,12.0,1
2014,Japanese Grand Prix,Kevin Magnussen,McLaren,7,7,14,0.0,11
2014,Japanese Grand Prix,Jenson Button,McLaren,8,8,5,10.0,1
2014,Japanese Grand Prix,Sebastian Vettel,Red Bull,9,9,3,15.0,1
2014,Japanese Grand Prix,Kimi Räikkönen,Ferrari,10,10,12,0.0,11
2014,Japanese Grand Prix,Jean-Éric Vergne,Toro Rosso,11,20,9,2.0,1
2014,Japanese Grand Prix,Sergio Pérez,Force India,12,11,10,1.0,11
2014,Japanese Grand Prix,Daniil Kvyat,Toro Rosso,13,12,11,0.0,11
2014,Japanese Grand Prix,Nico Hülkenberg,Force India,14,13,8,4.0,1
2014,Japanese Grand Prix,Adrian Sutil,Sauber,15,14,21,0.0,3
2014,Japanese Grand Prix,Esteban Gutiérrez,Sauber,16,15,13,0.0,11
2014,Japanese Grand Prix,Pastor Maldonado,Lotus F1,17,22,16,0.0,11
2014,Japanese Grand Prix,Romain Grosjean,Lotus F1,18,16,15,0.0,11
2014,Japanese Grand Prix,Marcus Ericsson,Caterham,19,17,17,0.0,11
2014,Japanese Grand Prix,Jules Bianchi,Marussia,20,18,20,0.0,3
2014,Japanese Grand Prix,Kamui Kobayashi,Caterham,21,19,19,0.0,11
2014,Japanese Grand Prix,Max Chilton,Marussia,22,21,18,0.0,11
2014,Russian Grand Prix,Lewis Hamilton,Mercedes,1,1,1,25.0,1
2014,Russian Grand Prix,Nico Rosberg,Mercedes,2,2,2,18.0,1
2014,Russian Grand Prix,Valtteri Bottas,Williams,3,3,3,15.0,1
2014,Russian Grand Prix,Jenson Button,McLaren,4,4,4,12.0,1
2014,Russian Grand Prix,Daniil Kvyat,Toro Rosso,5,5,14,0.0,11
2014,Russian Grand Prix,Kevin Magnussen,McLaren,6,11,5,10.0,1
2014,Russian Grand Prix,Daniel Ricciardo,Red Bull,7,6,7,6.0,1
2014,Russian Grand Prix,Fernando Alonso,Ferrari,8,7,6,8.0,1
2014,Russian Grand Prix,Kimi Räikkönen,Ferrari,9,8,9,2.0,1
2014,Russian Grand Prix,Jean-Éric Vergne,Toro Rosso,10,9,13,0.0,1
2014,Russian Grand Prix,Sebastian Vettel,Red Bull,11,10,8,4.0,1
2014,Russian Grand Prix,Nico Hülkenberg,Force India,12,17,12,0.0,1
2014,Russian Grand Prix,Sergio Pérez,Force India,13,12,10,1.0,1
2014,Russian Grand Prix,Esteban Gutiérrez,Sauber,14,13,15,0.0,11
2014,Russian Grand Prix,Adrian Sutil,Sauber,15,14,16,0.0,11
2014,Russian Grand Prix,Romain Grosjean,Lotus F1,16,15,17,0.0,11
2014,Russian Grand Prix,Marcus Ericsson,Caterham,17,16,19,0.0,12
2014,Russian Grand Prix,Felipe Massa,Williams,18,18,11,0.0,1
2014,Russian Grand Prix,Kamui Kobayashi,Caterham,19,19,20,0.0,23
2014,Russian Grand Prix,Pastor Maldonado,Lotus F1,20,21,18,0.0,11
2014,Russian Grand Prix,Max Chilton,Marussia,21,20,21,0.0,22
2014,United States Grand Prix,Nico Rosberg,Mercedes,1,1,2,18.0,1
2014,United States Grand Prix,Lewis Hamilton,Mercedes,2,2,1,25.0,1
2014,United States Grand Prix,Valtteri Bottas,Williams,3,3,5,10.0,1
2014,United States Grand Prix,Felipe Massa,Williams,4,4,4,12.0,1
2014,United States Grand Prix,Daniel Ricciardo,Red Bull,5,5,3,15.0,1
2014,United States Grand Prix,Fernando Alonso,Ferrari,6,6,6,8.0,1
2014,United States Grand Prix,Jenson Button,McLaren,7,12,12,0.0,11
2014,United States Grand Prix,Kevin Magnussen,McLaren,8,7,8,4.0,1
2014,United States Grand Prix,Kimi Räikkönen,Ferrari,9,8,13,0.0,11
2014,United States Grand Prix,Adrian Sutil,Sauber,10,9,18,0.0,4
2014,United States Grand Prix,Pastor Maldonado,Lotus F1,11,10,9,2.0,1
2014,United States Grand Prix,Sergio Pérez,Force India,12,11,17,0.0,130
2014,United States Grand Prix,Nico Hülkenberg,Force India,13,13,16,0.0,5
2014,United States Grand Prix,Daniil Kvyat,Toro Rosso,14,17,15,0.0,11
2014,United States Grand Prix,Jean-Éric Vergne,Toro Rosso,15,14,10,1.0,1
2014,United States Grand Prix,Esteban Gutiérrez,Sauber,16,15,14,0.0,11
2014,United States Grand Prix,Sebastian Vettel,Red Bull,17,18,7,6.0,1
2014,United States Grand Prix,Romain Grosjean,Lotus F1,18,16,11,0.0,11
2014,Brazilian Grand Prix,Nico Rosberg,Mercedes,1,1,1,25.0,1
2014,Brazilian Grand Prix,Lewis Hamilton,Mercedes,2,2,2,18.0,1
2014,Brazilian Grand Prix,Felipe Massa,Williams,3,3,3,15.0,1
2014,Brazilian Grand Prix,Valtteri Bottas,Williams,4,4,10,1.0,11
2014,Brazilian Grand Prix,Jenson Button,McLaren,5,5,4,12.0,1
2014,Brazilian Grand Prix,Sebastian Vettel,Red Bull,6,6,5,10.0,1
2014,Brazilian Grand Prix,Kevin Magnussen,McLaren,7,7,9,2.0,1
2014,Brazilian Grand Prix,Fernando Alonso,Ferrari,8,8,6,8.0,1
2014,Brazilian Grand Prix,Daniel Ricciardo,Red Bull,9,9,18,0.0,22
2014,Brazilian Grand Prix,Kimi Räikkönen,Ferrari,10,10,7,6.0,1
2014,Brazilian Grand Prix,Esteban Gutiérrez,Sauber,11,11,14,0.0,11
2014,Brazilian Grand Prix,Nico Hülkenberg,Force India,12,12,8,4.0,1
2014,Brazilian Grand Prix,Adrian Sutil,Sauber,13,13,16,0.0,11
2014,Brazilian Grand Prix,Daniil Kvyat,Toro Rosso,14,17,11,0.0,11
2014,Brazilian Grand Prix,Romain Grosjean,Lotus F1,15,14,17,0.0,18
2014,Brazilian Grand Prix,Jean-Éric Vergne,Toro Rosso,16,15,13,0.0,11
2014,Brazilian Grand Prix,Sergio Pérez,Force India,17,18,15,0.0,11
2014,Brazilian Grand Prix,Pastor Maldonado,Lotus F1,18,16,12,0.0,11
2014,Abu Dhabi Grand Prix,Esteban Gutiérrez,Sauber,15,14,15,0.0,11
2014,Abu Dhabi Grand Prix,Romain Grosjean,Lotus F1,14,18,13,0.0,11
2014,Abu Dhabi Grand Prix,Adrian Sutil,Sauber,13,13,16,0.0,11
2014,Abu Dhabi Grand Prix,Nico Hülkenberg,Force India,12,12,6,16.0,1
2014,Abu Dhabi Grand Prix,Sergio Pérez,Force India,11,11,7,12.0,1
2014,Abu Dhabi Grand Prix,Jean-Éric Vergne,Toro Rosso,10,10,12,0.0,1
2014,Abu Dhabi Grand Prix,Kevin Magnussen,McLaren,9,9,11,0.0,1
2014,Abu Dhabi Grand Prix,Fernando Alonso,Ferrari,8,8,9,4.0,1
2014,Abu Dhabi Grand Prix,Kimi Räikkönen,Ferrari,7,7,10,2.0,1
2014,Abu Dhabi Grand Prix,Jenson Button,McLaren,6,6,5,20.0,1
2014,Abu Dhabi Grand Prix,Daniil Kvyat,Toro Rosso,5,5,20,0.0,131
2014,Abu Dhabi Grand Prix,Felipe Massa,Williams,4,4,2,36.0,1
2014,Abu Dhabi Grand Prix,Valtteri Bottas,Williams,3,3,3,30.0,1
2014,Abu Dhabi Grand Prix,Lewis Hamilton,Mercedes,2,2,1,50.0,1
2014,Abu Dhabi Grand Prix,Nico Rosberg,Mercedes,1,1,14,0.0,11
2014,Abu Dhabi Grand Prix,Pastor Maldonado,Lotus F1,16,15,19,0.0,131
2014,Abu Dhabi Grand Prix,Kamui Kobayashi,Caterham,17,16,18,0.0,31
2014,Abu Dhabi Grand Prix,Will Stevens,Caterham,18,17,17,0.0,11
2015,Australian Grand Prix,Lewis Hamilton,Mercedes,1,1,1,25.0,1
2015,Australian Grand Prix,Nico Rosberg,Mercedes,2,2,2,18.0,1
2015,Australian Grand Prix,Felipe Massa,Williams,3,3,4,12.0,1
2015,Australian Grand Prix,Sebastian Vettel,Ferrari,4,4,3,15.0,1
2015,Australian Grand Prix,Kimi Räikkönen,Ferrari,5,5,12,0.0,36
2015,Australian Grand Prix,Valtteri Bottas,Williams,6,0,18,0.0,54
2015,Australian Grand Prix,Daniel Ricciardo,Red Bull,7,6,6,8.0,11
2015,Australian Grand Prix,Carlos Sainz,Toro Rosso,8,7,9,2.0,11
2015,Australian Grand Prix,Romain Grosjean,Lotus F1,9,8,14,0.0,75
2015,Australian Grand Prix,Pastor Maldonado,Lotus F1,10,9,15,0.0,3
2015,Australian Grand Prix,Felipe Nasr,Sauber,11,10,5,10.0,1
2015,Australian Grand Prix,Max Verstappen,Toro Rosso,12,11,13,0.0,5
2015,Australian Grand Prix,Daniil Kvyat,Red Bull,13,12,16,0.0,54
2015,Australian Grand Prix,Nico Hülkenberg,Force India,14,13,7,6.0,11
2015,Australian Grand Prix,Sergio Pérez,Force India,15,14,10,1.0,11
2015,Australian Grand Prix,Marcus Ericsson,Sauber,16,15,8,4.0,11
2015,Australian Grand Prix,Jenson Button,McLaren,17,16,11,0.0,12
2015,Australian Grand Prix,Kevin Magnussen,McLaren,18,17,17,0.0,54
2015,Malaysian Grand Prix,Lewis Hamilton,Mercedes,1,1,2,18.0,1
2015,Malaysian Grand Prix,Sebastian Vettel,Ferrari,2,2,1,25.0,1
2015,Malaysian Grand Prix,Nico Rosberg,Mercedes,3,3,3,15.0,1
2015,Malaysian Grand Prix,Daniel Ricciardo,Red Bull,4,4,10,1.0,11
2015,Malaysian Grand Prix,Daniil Kvyat,Red Bull,5,5,9,2.0,11
2015,Malaysian Grand Prix,Max Verstappen,Toro Rosso,6,6,7,6.0,1
2015,Malaysian Grand Prix,Felipe Massa,Williams,7,7,6,8.0,1
2015,Malaysian Grand Prix,Romain Grosjean,Lotus F1,8,10,11,0.0,11
2015,Malaysian Grand Prix,Valtteri Bottas,Williams,9,8,5,10.0,1
2015,Malaysian Grand Prix,Marcus Ericsson,Sauber,10,9,19,0.0,20
2015,Malaysian Grand Prix,Kimi Räikkönen,Ferrari,11,11,4,12.0,1
2015,Malaysian Grand Prix,Pastor Maldonado,Lotus F1,12,12,16,0.0,31
2015,Malaysian Grand Prix,Nico Hülkenberg,Force India,13,13,14,0.0,11
2015,Malaysian Grand Prix,Sergio Pérez,Force India,14,14,13,0.0,11
2015,Malaysian Grand Prix,Carlos Sainz,Toro Rosso,15,15,8,4.0,11
2015,Malaysian Grand Prix,Felipe Nasr,Sauber,16,16,12,0.0,11
2015,Malaysian Grand Prix,Jenson Button,McLaren,17,17,17,0.0,101
2015,Malaysian Grand Prix,Fernando Alonso,McLaren,18,18,18,0.0,132
2015,Malaysian Grand Prix,Roberto Merhi,Manor Marussia,19,19,15,0.0,13
2015,Chinese Grand Prix,Lewis Hamilton,Mercedes,1,1,1,25.0,1
2015,Chinese Grand Prix,Nico Rosberg,Mercedes,2,2,2,18.0,1
2015,Chinese Grand Prix,Sebastian Vettel,Ferrari,3,3,3,15.0,1
2015,Chinese Grand Prix,Felipe Massa,Williams,4,4,5,10.0,1
2015,Chinese Grand Prix,Valtteri Bottas,Williams,5,5,6,8.0,1
2015,Chinese Grand Prix,Kimi Räikkönen,Ferrari,6,6,4,12.0,1
2015,Chinese Grand Prix,Daniel Ricciardo,Red Bull,7,7,9,2.0,1
2015,Chinese Grand Prix,Romain Grosjean,Lotus F1,8,8,7,6.0,1
2015,Chinese Grand Prix,Felipe Nasr,Sauber,9,9,8,4.0,1
2015,Chinese Grand Prix,Marcus Ericsson,Sauber,10,10,10,1.0,11
2015,Chinese Grand Prix,Pastor Maldonado,Lotus F1,11,11,18,0.0,23
2015,Chinese Grand Prix,Daniil Kvyat,Red Bull,12,12,19,0.0,131
2015,Chinese Grand Prix,Max Verstappen,Toro Rosso,13,13,17,0.0,7
2015,Chinese Grand Prix,Carlos Sainz,Toro Rosso,14,14,13,0.0,11
2015,Chinese Grand Prix,Sergio Pérez,Force India,15,15,11,0.0,11
2015,Chinese Grand Prix,Nico Hülkenberg,Force India,16,16,20,0.0,6
2015,Chinese Grand Prix,Jenson Button,McLaren,17,17,14,0.0,11
2015,Chinese Grand Prix,Fernando Alonso,McLaren,18,18,12,0.0,11
2015,Chinese Grand Prix,Will Stevens,Manor Marussia,19,19,15,0.0,12
2015,Chinese Grand Prix,Roberto Merhi,Manor Marussia,20,20,16,0.0,12
2015,Bahrain Grand Prix,Lewis Hamilton,Mercedes,1,1,1,25.0,1
2015,Bahrain Grand Prix,Sebastian Vettel,Ferrari,2,2,5,10.0,1
2015,Bahrain Grand Prix,Nico Rosberg,Mercedes,3,3,3,15.0,1
2015,Bahrain Grand Prix,Kimi Räikkönen,Ferrari,4,4,2,18.0,1
2015,Bahrain Grand Prix,Valtteri Bottas,Williams,5,5,4,12.0,1
2015,Bahrain Grand Prix,Felipe Massa,Williams,6,6,10,1.0,11
2015,Bahrain Grand Prix,Daniel Ricciardo,Red Bull,7,7,6,8.0,1
2015,Bahrain Grand Prix,Nico Hülkenberg,Force India,8,8,13,0.0,11
2015,Bahrain Grand Prix,Carlos Sainz,Toro Rosso,9,9,19,0.0,5
2015,Bahrain Grand Prix,Romain Grosjean,Lotus F1,10,10,7,6.0,1
2015,Bahrain Grand Prix,Sergio Pérez,Force India,11,11,8,4.0,11
2015,Bahrain Grand Prix,Felipe Nasr,Sauber,12,12,12,0.0,11
2015,Bahrain Grand Prix,Marcus Ericsson,Sauber,13,13,14,0.0,11
2015,Bahrain Grand Prix,Fernando Alonso,McLaren,14,14,11,0.0,11
2015,Bahrain Grand Prix,Max Verstappen,Toro Rosso,15,15,18,0.0,10
2015,Bahrain Grand Prix,Pastor Maldonado,Lotus F1,16,16,15,0.0,11
2015,Bahrain Grand Prix,Daniil Kvyat,Red Bull,17,17,9,2.0,11
2015,Bahrain Grand Prix,Will Stevens,Manor Marussia,18,18,16,0.0,12
2015,Bahrain Grand Prix,Roberto Merhi,Manor Marussia,19,19,17,0.0,13
2015,Spanish Grand Prix,Nico Rosberg,Mercedes,1,1,1,25.0,1
2015,Spanish Grand Prix,Lewis Hamilton,Mercedes,2,2,2,18.0,1
2015,Spanish Grand Prix,Sebastian Vettel,Ferrari,3,3,3,15.0,1
2015,Spanish Grand Prix,Valtteri Bottas,Williams,4,4,4,12.0,1
2015,Spanish Grand Prix,Carlos Sainz,Toro Rosso,5,5,9,2.0,11
2015,Spanish Grand Prix,Max Verstappen,Toro Rosso,6,6,11,0.0,11
2015,Spanish Grand Prix,Kimi Räikkönen,Ferrari,7,7,5,10.0,1
2015,Spanish Grand Prix,Daniil Kvyat,Red Bull,8,8,10,1.0,11
2015,Spanish Grand Prix,Felipe Massa,Williams,9,9,6,8.0,1
2015,Spanish Grand Prix,Daniel Ricciardo,Red Bull,10,10,7,6.0,11
2015,Spanish Grand Prix,Romain Grosjean,Lotus F1,11,11,8,4.0,11
2015,Spanish Grand Prix,Pastor Maldonado,Lotus F1,12,12,19,0.0,3
2015,Spanish Grand Prix,Fernando Alonso,McLaren,13,13,20,0.0,23
2015,Spanish Grand Prix,Jenson Button,McLaren,14,14,16,0.0,11
2015,Spanish Grand Prix,Felipe Nasr,Sauber,15,15,12,0.0,11
2015,Spanish Grand Prix,Marcus Ericsson,Sauber,16,16,14,0.0,11
2015,Spanish Grand Prix,Nico Hülkenberg,Force India,17,17,15,0.0,11
2015,Spanish Grand Prix,Sergio Pérez,Force India,18,18,13,0.0,11
2015,Spanish Grand Prix,Will Stevens,Manor Marussia,19,19,17,0.0,13
2015,Spanish Grand Prix,Roberto Merhi,Manor Marussia,20,20,18,0.0,14
2015,Monaco Grand Prix,Lewis Hamilton,Mercedes,1,1,3,15.0,1
2015,Monaco Grand Prix,Nico Rosberg,Mercedes,2,2,1,25.0,1
2015,Monaco Grand Prix,Sebastian Vettel,Ferrari,3,3,2,18.0,1
2015,Monaco Grand Prix,Daniel Ricciardo,Red Bull,4,4,5,10.0,1
2015,Monaco Grand Prix,Daniil Kvyat,Red Bull,5,5,4,12.0,1
2015,Monaco Grand Prix,Kimi Räikkönen,Ferrari,6,6,6,8.0,1
2015,Monaco Grand Prix,Sergio Pérez,Force India,7,7,7,6.0,1
2015,Monaco Grand Prix,Carlos Sainz,Toro Rosso,8,0,10,1.0,1
2015,Monaco Grand Prix,Pastor Maldonado,Lotus F1,9,8,20,0.0,23
2015,Monaco Grand Prix,Max Verstappen,Toro Rosso,10,9,18,0.0,3
2015,Monaco Grand Prix,Romain Grosjean,Lotus F1,11,15,12,0.0,1
2015,Monaco Grand Prix,Jenson Button,McLaren,12,10,8,4.0,1
2015,Monaco Grand Prix,Nico Hülkenberg,Force India,13,11,11,0.0,1
2015,Monaco Grand Prix,Felipe Massa,Williams,14,12,15,0.0,11
2015,Monaco Grand Prix,Fernando Alonso,McLaren,15,13,19,0.0,6
2015,Monaco Grand Prix,Felipe Nasr,Sauber,16,14,9,2.0,1
2015,Monaco Grand Prix,Valtteri Bottas,Williams,17,16,14,0.0,1
2015,Monaco Grand Prix,Marcus Ericsson,Sauber,18,17,13,0.0,1
2015,Monaco Grand Prix,Will Stevens,Manor Marussia,19,18,17,0.0,12
2015,Monaco Grand Prix,Roberto Merhi,Manor Marussia,20,19,16,0.0,12
2015,Canadian Grand Prix,Lewis Hamilton,Mercedes,1,1,1,25.0,1
2015,Canadian Grand Prix,Nico Rosberg,Mercedes,2,2,2,18.0,1
2015,Canadian Grand Prix,Kimi Räikkönen,Ferrari,3,3,4,12.0,1
2015,Canadian Grand Prix,Valtteri Bottas,Williams,4,4,3,15.0,1
2015,Canadian Grand Prix,Romain Grosjean,Lotus F1,5,5,10,1.0,11
2015,Canadian Grand Prix,Pastor Maldonado,Lotus F1,6,6,7,6.0,1
2015,Canadian Grand Prix,Nico Hülkenberg,Force India,7,7,8,4.0,11
2015,Canadian Grand Prix,Daniil Kvyat,Red Bull,8,8,9,2.0,11
2015,Canadian Grand Prix,Daniel Ricciardo,Red Bull,9,9,13,0.0,11
2015,Canadian Grand Prix,Sergio Pérez,Force India,10,10,11,0.0,11
2015,Canadian Grand Prix,Carlos Sainz,Toro Rosso,11,11,12,0.0,11
2015,Canadian Grand Prix,Max Verstappen,Toro Rosso,12,19,15,0.0,11
2015,Canadian Grand Prix,Marcus Ericsson,Sauber,13,12,14,0.0,11
2015,Canadian Grand Prix,Fernando Alonso,McLaren,14,13,20,0.0,5
2015,Canadian Grand Prix,Felipe Nasr,Sauber,15,14,16,0.0,12
2015,Canadian Grand Prix,Sebastian Vettel,Ferrari,16,18,5,10.0,1
2015,Canadian Grand Prix,Felipe Massa,Williams,17,15,6,8.0,1
2015,Canadian Grand Prix,Roberto Merhi,Manor Marussia,18,16,18,0.0,31
2015,Canadian Grand Prix,Will Stevens,Manor Marussia,19,17,17,0.0,14
2015,Austrian Grand Prix,Lewis Hamilton,Mercedes,1,1,2,18.0,1
2015,Austrian Grand Prix,Nico Rosberg,Mercedes,2,2,1,25.0,1
2015,Austrian Grand Prix,Sebastian Vettel,Ferrari,3,3,4,12.0,1
2015,Austrian Grand Prix,Felipe Massa,Williams,4,4,3,15.0,1
2015,Austrian Grand Prix,Nico Hülkenberg,Force India,5,5,6,8.0,1
2015,Austrian Grand Prix,Valtteri Bottas,Williams,6,6,5,10.0,1
2015,Austrian Grand Prix,Max Verstappen,Toro Rosso,7,7,8,4.0,11
2015,Austrian Grand Prix,Daniil Kvyat,Red Bull,8,15,12,0.0,11
2015,Austrian Grand Prix,Felipe Nasr,Sauber,9,8,11,0.0,11
2015,Austrian Grand Prix,Romain Grosjean,Lotus F1,10,9,15,0.0,6
2015,Austrian Grand Prix,Pastor Maldonado,Lotus F1,11,10,7,6.0,11
2015,Austrian Grand Prix,Marcus Ericsson,Sauber,12,11,13,0.0,12
2015,Austrian Grand Prix,Carlos Sainz,Toro Rosso,13,12,16,0.0,75
2015,Austrian Grand Prix,Daniel Ricciardo,Red Bull,14,18,10,1.0,11
2015,Austrian Grand Prix,Fernando Alonso,McLaren,15,19,20,0.0,4
2015,Austrian Grand Prix,Sergio Pérez,Force India,16,13,9,2.0,11
2015,Austrian Grand Prix,Jenson Button,McLaren,17,20,17,0.0,31
2015,Austrian Grand Prix,Kimi Räikkönen,Ferrari,18,14,19,0.0,4
2015,Austrian Grand Prix,Roberto Merhi,Manor Marussia,19,16,14,0.0,13
2015,Austrian Grand Prix,Will Stevens,Manor Marussia,20,17,18,0.0,44
2015,British Grand Prix,Lewis Hamilton,Mercedes,1,1,1,25.0,1
2015,British Grand Prix,Nico Rosberg,Mercedes,2,2,2,18.0,1
2015,British Grand Prix,Felipe Massa,Williams,3,3,4,12.0,1
2015,British Grand Prix,Valtteri Bottas,Williams,4,4,5,10.0,1
2015,British Grand Prix,Kimi Räikkönen,Ferrari,5,5,8,4.0,11
2015,British Grand Prix,Sebastian Vettel,Ferrari,6,6,3,15.0,1
2015,British Grand Prix,Daniil Kvyat,Red Bull,7,7,6,8.0,1
2015,British Grand Prix,Carlos Sainz,Toro Rosso,8,8,14,0.0,10
2015,British Grand Prix,Nico Hülkenberg,Force India,9,9,7,6.0,1
2015,British Grand Prix,Daniel Ricciardo,Red Bull,10,10,15,0.0,10
2015,British Grand Prix,Sergio Pérez,Force India,11,11,9,2.0,11
2015,British Grand Prix,Romain Grosjean,Lotus F1,12,12,17,0.0,4
2015,British Grand Prix,Max Verstappen,Toro Rosso,13,13,16,0.0,20
2015,British Grand Prix,Pastor Maldonado,Lotus F1,14,14,18,0.0,4
2015,British Grand Prix,Marcus Ericsson,Sauber,15,15,11,0.0,11
2015,British Grand Prix,Felipe Nasr,Sauber,16,16,20,0.0,6
2015,British Grand Prix,Fernando Alonso,McLaren,17,17,10,1.0,11
2015,British Grand Prix,Jenson Button,McLaren,18,18,19,0.0,4
2015,British Grand Prix,Will Stevens,Manor Marussia,19,19,13,0.0,13
2015,British Grand Prix,Roberto Merhi,Manor Marussia,20,20,12,0.0,13
2015,Hungarian Grand Prix,Lewis Hamilton,Mercedes,1,1,6,8.0,1
2015,Hungarian Grand Prix,Nico Rosberg,Mercedes,2,2,8,4.0,1
2015,Hungarian Grand Prix,Sebastian Vettel,Ferrari,3,3,1,25.0,1
2015,Hungarian Grand Prix,Daniel Ricciardo,Red Bull,4,4,3,15.0,1
2015,Hungarian Grand Prix,Kimi Räikkönen,Ferrari,5,5,18,0.0,131
2015,Hungarian Grand Prix,Valtteri Bottas,Williams,6,6,13,0.0,1
2015,Hungarian Grand Prix,Daniil Kvyat,Red Bull,7,7,2,18.0,1
2015,Hungarian Grand Prix,Felipe Massa,Williams,8,8,12,0.0,1
2015,Hungarian Grand Prix,Max Verstappen,Toro Rosso,9,9,4,12.0,1
2015,Hungarian Grand Prix,Romain Grosjean,Lotus F1,10,10,7,6.0,1
2015,Hungarian Grand Prix,Nico Hülkenberg,Force India,11,11,20,0.0,33
2015,Hungarian Grand Prix,Carlos Sainz,Toro Rosso,12,12,17,0.0,10
2015,Hungarian Grand Prix,Sergio Pérez,Force India,13,13,19,0.0,22
2015,Hungarian Grand Prix,Pastor Maldonado,Lotus F1,14,14,14,0.0,1
2015,Hungarian Grand Prix,Fernando Alonso,McLaren,15,15,5,10.0,1
2015,Hungarian Grand Prix,Jenson Button,McLaren,16,16,9,2.0,1
2015,Hungarian Grand Prix,Marcus Ericsson,Sauber,17,17,10,1.0,1
2015,Hungarian Grand Prix,Felipe Nasr,Sauber,18,18,11,0.0,1
2015,Hungarian Grand Prix,Roberto Merhi,Manor Marussia,19,19,15,0.0,12
2015,Hungarian Grand Prix,Will Stevens,Manor Marussia,20,20,16,0.0,14
2015,Belgian Grand Prix,Lewis Hamilton,Mercedes,1,1,1,25.0,1
2015,Belgian Grand Prix,Nico Rosberg,Mercedes,2,2,2,18.0,1
2015,Belgian Grand Prix,Valtteri Bottas,Williams,3,3,9,2.0,131
2015,Belgian Grand Prix,Romain Grosjean,Lotus F1,4,9,3,15.0,1
2015,Belgian Grand Prix,Sergio Pérez,Force India,5,4,5,10.0,1
2015,Belgian Grand Prix,Daniel Ricciardo,Red Bull,6,5,18,0.0,131
2015,Belgian Grand Prix,Felipe Massa,Williams,7,6,6,8.0,1
2015,Belgian Grand Prix,Pastor Maldonado,Lotus F1,8,7,19,0.0,5
2015,Belgian Grand Prix,Sebastian Vettel,Ferrari,9,8,12,0.0,27
2015,Belgian Grand Prix,Carlos Sainz,Toro Rosso,10,10,17,0.0,131
2015,Belgian Grand Prix,Nico Hülkenberg,Force India,11,11,20,0.0,75
2015,Belgian Grand Prix,Daniil Kvyat,Red Bull,12,12,4,12.0,1
2015,Belgian Grand Prix,Marcus Ericsson,Sauber,13,13,10,1.0,1
2015,Belgian Grand Prix,Kimi Räikkönen,Ferrari,14,16,7,6.0,1
2015,Belgian Grand Prix,Max Verstappen,Toro Rosso,15,18,8,4.0,1
2015,Belgian Grand Prix,Felipe Nasr,Sauber,16,14,11,0.0,1
2015,Belgian Grand Prix,Jenson Button,McLaren,17,19,14,0.0,11
2015,Belgian Grand Prix,Fernando Alonso,McLaren,18,20,13,0.0,11
2015,Italian Grand Prix,Lewis Hamilton,Mercedes,1,1,1,25.0,1
2015,Italian Grand Prix,Kimi Räikkönen,Ferrari,2,2,5,10.0,1
2015,Italian Grand Prix,Sebastian Vettel,Ferrari,3,3,2,18.0,1
2015,Italian Grand Prix,Nico Rosberg,Mercedes,4,4,17,0.0,13
2015,Italian Grand Prix,Felipe Massa,Williams,5,5,3,15.0,1
2015,Italian Grand Prix,Valtteri Bottas,Williams,6,6,4,12.0,1
2015,Italian Grand Prix,Sergio Pérez,Force India,7,7,6,8.0,1
2015,Italian Grand Prix,Romain Grosjean,Lotus F1,8,8,19,0.0,130
2015,Italian Grand Prix,Nico Hülkenberg,Force India,9,9,7,6.0,11
2015,Italian Grand Prix,Marcus Ericsson,Sauber,10,12,9,2.0,11
2015,Italian Grand Prix,Pastor Maldonado,Lotus F1,11,10,20,0.0,130
2015,Italian Grand Prix,Felipe Nasr,Sauber,12,17,13,0.0,11
2015,Italian Grand Prix,Carlos Sainz,Toro Rosso,13,17,11,0.0,11
2015,Italian Grand Prix,Daniil Kvyat,Red Bull,14,18,10,1.0,11
2015,Italian Grand Prix,Daniel Ricciardo,Red Bull,15,19,8,4.0,11
2015,Italian Grand Prix,Jenson Button,McLaren,16,15,14,0.0,11
2015,Italian Grand Prix,Fernando Alonso,McLaren,17,16,18,0.0,16
2015,Italian Grand Prix,Will Stevens,Manor Marussia,18,13,15,0.0,12
2015,Italian Grand Prix,Roberto Merhi,Manor Marussia,19,14,16,0.0,12
2015,Italian Grand Prix,Max Verstappen,Toro Rosso,20,20,12,0.0,11
2015,Singapore Grand Prix,Sebastian Vettel,Ferrari,1,1,1,25.0,1
2015,Singapore Grand Prix,Daniel Ricciardo,Red Bull,2,2,2,18.0,1
2015,Singapore Grand Prix,Kimi Räikkönen,Ferrari,3,3,3,15.0,1
2015,Singapore Grand Prix,Daniil Kvyat,Red Bull,4,4,6,8.0,1
2015,Singapore Grand Prix,Lewis Hamilton,Mercedes,5,5,18,0.0,37
2015,Singapore Grand Prix,Nico Rosberg,Mercedes,6,6,4,12.0,1
2015,Singapore Grand Prix,Valtteri Bottas,Williams,7,7,5,10.0,1
2015,Singapore Grand Prix,Max Verstappen,Toro Rosso,8,8,8,4.0,1
2015,Singapore Grand Prix,Felipe Massa,Williams,9,9,19,0.0,6
2015,Singapore Grand Prix,Romain Grosjean,Lotus F1,10,10,13,0.0,27
2015,Singapore Grand Prix,Nico Hülkenberg,Force India,11,11,20,0.0,4
2015,Singapore Grand Prix,Fernando Alonso,McLaren,12,12,17,0.0,6
2015,Singapore Grand Prix,Sergio Pérez,Force India,13,13,7,6.0,1
2015,Singapore Grand Prix,Carlos Sainz,Toro Rosso,14,14,9,2.0,1
2015,Singapore Grand Prix,Jenson Button,McLaren,15,15,16,0.0,6
2015,Singapore Grand Prix,Felipe Nasr,Sauber,16,16,10,1.0,1
2015,Singapore Grand Prix,Marcus Ericsson,Sauber,17,17,11,0.0,1
2015,Singapore Grand Prix,Pastor Maldonado,Lotus F1,18,18,12,0.0,1
2015,Singapore Grand Prix,Will Stevens,Manor Marussia,19,19,15,0.0,12
2015,Singapore Grand Prix,Alexander Rossi,Manor Marussia,20,20,14,0.0,12
2015,Japanese Grand Prix,Nico Rosberg,Mercedes,1,1,2,18.0,1
2015,Japanese Grand Prix,Lewis Hamilton,Mercedes,2,2,1,25.0,1
2015,Japanese Grand Prix,Valtteri Bottas,Williams,3,3,5,10.0,1
2015,Japanese Grand Prix,Sebastian Vettel,Ferrari,4,4,3,15.0,1
2015,Japanese Grand Prix,Felipe Massa,Williams,5,5,17,0.0,12
2015,Japanese Grand Prix,Kimi Räikkönen,Ferrari,6,6,4,12.0,1
2015,Japanese Grand Prix,Daniel Ricciardo,Red Bull,7,7,15,0.0,11
2015,Japanese Grand Prix,Romain Grosjean,Lotus F1,8,8,7,6.0,1
2015,Japanese Grand Prix,Sergio Pérez,Force India,9,9,12,0.0,11
2015,Japanese Grand Prix,Daniil Kvyat,Red Bull,10,20,13,0.0,11
2015,Japanese Grand Prix,Nico Hülkenberg,Force India,11,13,6,8.0,1
2015,Japanese Grand Prix,Carlos Sainz,Toro Rosso,12,10,10,1.0,11
2015,Japanese Grand Prix,Pastor Maldonado,Lotus F1,13,11,8,4.0,1
2015,Japanese Grand Prix,Fernando Alonso,McLaren,14,12,11,0.0,11
2015,Japanese Grand Prix,Max Verstappen,Toro Rosso,15,17,9,2.0,1
2015,Japanese Grand Prix,Jenson Button,McLaren,16,14,16,0.0,11
2015,Japanese Grand Prix,Marcus Ericsson,Sauber,17,15,14,0.0,11
2015,Japanese Grand Prix,Felipe Nasr,Sauber,18,16,20,0.0,31
2015,Japanese Grand Prix,Will Stevens,Manor Marussia,19,18,19,0.0,13
2015,Japanese Grand Prix,Alexander Rossi,Manor Marussia,20,19,18,0.0,12
2015,Russian Grand Prix,Nico Rosberg,Mercedes,1,1,18,0.0,37
2015,Russian Grand Prix,Lewis Hamilton,Mercedes,2,2,1,25.0,1
2015,Russian Grand Prix,Valtteri Bottas,Williams,3,3,12,0.0,4
2015,Russian Grand Prix,Sebastian Vettel,Ferrari,4,4,2,18.0,1
2015,Russian Grand Prix,Kimi Räikkönen,Ferrari,5,5,8,4.0,1
2015,Russian Grand Prix,Nico Hülkenberg,Force India,6,6,19,0.0,4
2015,Russian Grand Prix,Sergio Pérez,Force India,7,7,3,15.0,1
2015,Russian Grand Prix,Romain Grosjean,Lotus F1,8,8,17,0.0,3
2015,Russian Grand Prix,Max Verstappen,Toro Rosso,9,9,10,1.0,1
2015,Russian Grand Prix,Daniel Ricciardo,Red Bull,10,10,15,0.0,22
2015,Russian Grand Prix,Daniil Kvyat,Red Bull,11,11,5,10.0,1
2015,Russian Grand Prix,Felipe Nasr,Sauber,12,12,6,8.0,1
2015,Russian Grand Prix,Jenson Button,McLaren,13,13,9,2.0,1
2015,Russian Grand Prix,Pastor Maldonado,Lotus F1,14,14,7,6.0,1
2015,Russian Grand Prix,Felipe Massa,Williams,15,15,4,12.0,1
2015,Russian Grand Prix,Fernando Alonso,McLaren,16,19,11,0.0,1
2015,Russian Grand Prix,Marcus Ericsson,Sauber,17,17,20,0.0,4
2015,United States Grand Prix,Nico Rosberg,Mercedes,1,1,2,18.0,1
2015,United States Grand Prix,Lewis Hamilton,Mercedes,2,2,1,25.0,1
2015,United States Grand Prix,Daniel Ricciardo,Red Bull,3,3,10,1.0,1
2015,United States Grand Prix,Daniil Kvyat,Red Bull,4,4,13,0.0,3
2015,United States Grand Prix,Sebastian Vettel,Ferrari,5,13,3,15.0,1
2015,United States Grand Prix,Sergio Pérez,Force India,6,5,5,10.0,1
2015,United States Grand Prix,Nico Hülkenberg,Force India,7,6,14,0.0,3
2015,United States Grand Prix,Kimi Räikkönen,Ferrari,8,18,16,0.0,135
2015,United States Grand Prix,Felipe Massa,Williams,9,7,17,0.0,31
2015,United States Grand Prix,Max Verstappen,Toro Rosso,10,8,4,12.0,1
2015,United States Grand Prix,Fernando Alonso,McLaren,11,9,11,0.0,1
2015,United States Grand Prix,Valtteri Bottas,Williams,12,16,19,0.0,31
2015,United States Grand Prix,Romain Grosjean,Lotus F1,13,10,18,0.0,31
2015,United States Grand Prix,Jenson Button,McLaren,14,11,6,8.0,1
2015,United States Grand Prix,Pastor Maldonado,Lotus F1,15,12,8,4.0,1
2015,United States Grand Prix,Marcus Ericsson,Sauber,16,14,15,0.0,31
2015,United States Grand Prix,Felipe Nasr,Sauber,17,15,9,2.0,1
2015,United States Grand Prix,Carlos Sainz,Toro Rosso,20,20,7,6.0,1
2015,Mexican Grand Prix,Nico Rosberg,Mercedes,1,1,1,25.0,1
2015,Mexican Grand Prix,Lewis Hamilton,Mercedes,2,2,2,18.0,1
2015,Mexican Grand Prix,Sebastian Vettel,Ferrari,3,3,18,0.0,3
2015,Mexican Grand Prix,Daniil Kvyat,Red Bull,4,4,4,12.0,1
2015,Mexican Grand Prix,Daniel Ricciardo,Red Bull,5,5,5,10.0,1
2015,Mexican Grand Prix,Valtteri Bottas,Williams,6,6,3,15.0,1
2015,Mexican Grand Prix,Felipe Massa,Williams,7,7,6,8.0,1
2015,Mexican Grand Prix,Max Verstappen,Toro Rosso,8,8,9,2.0,1
2015,Mexican Grand Prix,Sergio Pérez,Force India,9,9,8,4.0,1
2015,Mexican Grand Prix,Nico Hülkenberg,Force India,10,10,7,6.0,1
2015,Mexican Grand Prix,Carlos Sainz,Toro Rosso,11,11,13,0.0,1
2015,Mexican Grand Prix,Romain Grosjean,Lotus F1,12,12,10,1.0,1
2015,Mexican Grand Prix,Pastor Maldonado,Lotus F1,13,13,11,0.0,1
2015,Mexican Grand Prix,Marcus Ericsson,Sauber,14,14,12,0.0,1
2015,Mexican Grand Prix,Kimi Räikkönen,Ferrari,15,19,19,0.0,4
2015,Mexican Grand Prix,Fernando Alonso,McLaren,16,18,20,0.0,31
2015,Mexican Grand Prix,Felipe Nasr,Sauber,17,15,17,0.0,23
2015,Mexican Grand Prix,Jenson Button,McLaren,20,20,14,0.0,1
2015,Brazilian Grand Prix,Nico Rosberg,Mercedes,1,1,1,25.0,1
2015,Brazilian Grand Prix,Lewis Hamilton,Mercedes,2,2,2,18.0,1
2015,Brazilian Grand Prix,Sebastian Vettel,Ferrari,3,3,3,15.0,1
2015,Brazilian Grand Prix,Valtteri Bottas,Williams,4,7,5,10.0,11
2015,Brazilian Grand Prix,Kimi Räikkönen,Ferrari,5,4,4,12.0,1
2015,Brazilian Grand Prix,Nico Hülkenberg,Force India,6,5,6,8.0,11
2015,Brazilian Grand Prix,Daniil Kvyat,Red Bull,7,6,7,6.0,11
2015,Brazilian Grand Prix,Felipe Massa,Williams,8,8,20,0.0,96
2015,Brazilian Grand Prix,Daniel Ricciardo,Red Bull,9,19,11,0.0,11
2015,Brazilian Grand Prix,Max Verstappen,Toro Rosso,10,9,9,2.0,11
2015,Brazilian Grand Prix,Felipe Nasr,Sauber,11,13,13,0.0,11
2015,Brazilian Grand Prix,Carlos Sainz,Toro Rosso,12,10,19,0.0,31
2015,Brazilian Grand Prix,Sergio Pérez,Force India,13,11,12,0.0,11
2015,Brazilian Grand Prix,Marcus Ericsson,Sauber,14,12,16,0.0,12
2015,Brazilian Grand Prix,Romain Grosjean,Lotus F1,15,14,8,4.0,11
2015,Brazilian Grand Prix,Pastor Maldonado,Lotus F1,16,15,10,1.0,11
2015,Brazilian Grand Prix,Jenson Button,McLaren,17,16,14,0.0,11
2015,Brazilian Grand Prix,Fernando Alonso,McLaren,20,20,15,0.0,11
2015,Abu Dhabi Grand Prix,Nico Rosberg,Mercedes,1,1,1,25.0,1
2015,Abu Dhabi Grand Prix,Lewis Hamilton,Mercedes,2,2,2,18.0,1
2015,Abu Dhabi Grand Prix,Kimi Räikkönen,Ferrari,3,3,3,15.0,1
2015,Abu Dhabi Grand Prix,Sergio Pérez,Force India,4,4,5,10.0,1
2015,Abu Dhabi Grand Prix,Daniel Ricciardo,Red Bull,5,5,6,8.0,1
2015,Abu Dhabi Grand Prix,Valtteri Bottas,Williams,6,6,13,0.0,11
2015,Abu Dhabi Grand Prix,Nico Hülkenberg,Force India,7,7,7,6.0,1
2015,Abu Dhabi Grand Prix,Felipe Massa,Williams,8,8,8,4.0,1
2015,Abu Dhabi Grand Prix,Daniil Kvyat,Red Bull,9,9,10,1.0,1
2015,Abu Dhabi Grand Prix,Carlos Sainz,Toro Rosso,10,10,11,0.0,1
2015,Abu Dhabi Grand Prix,Max Verstappen,Toro Rosso,11,11,16,0.0,11
2015,Abu Dhabi Grand Prix,Jenson Button,McLaren,12,12,12,0.0,11
2015,Abu Dhabi Grand Prix,Pastor Maldonado,Lotus F1,13,13,20,0.0,4
2015,Abu Dhabi Grand Prix,Felipe Nasr,Sauber,14,14,15,0.0,11
2015,Abu Dhabi Grand Prix,Romain Grosjean,Lotus F1,15,18,9,2.0,1
2015,Abu Dhabi Grand Prix,Sebastian Vettel,Ferrari,16,15,4,12.0,1
2015,Abu Dhabi Grand Prix,Fernando Alonso,McLaren,17,16,17,0.0,12
2015,Abu Dhabi Grand Prix,Marcus Ericsson,Sauber,18,17,14,0.0,11
2015,Abu Dhabi Grand Prix,Will Stevens,Manor Marussia,19,19,18,0.0,12
2015,Abu Dhabi Grand Prix,Roberto Merhi,Manor Marussia,20,20,19,0.0,13
2016,Australian Grand Prix,Lewis Hamilton,Mercedes,1,1,2,18.0,1
2016,Australian Grand Prix,Nico Rosberg,Mercedes,2,2,1,25.0,1
2016,Australian Grand Prix,Sebastian Vettel,Ferrari,3,3,3,15.0,1
2016,Australian Grand Prix,Kimi Räikkönen,Ferrari,4,4,18,0.0,5
2016,Australian Grand Prix,Max Verstappen,Toro Rosso,5,5,10,1.0,1
2016,Australian Grand Prix,Felipe Massa,Williams,6,6,5,10.0,1
2016,Australian Grand Prix,Carlos Sainz,Toro Rosso,7,7,9,2.0,1
2016,Australian Grand Prix,Daniel Ricciardo,Red Bull,8,8,4,12.0,1
2016,Australian Grand Prix,Sergio Pérez,Force India,9,9,13,0.0,1
2016,Australian Grand Prix,Nico Hülkenberg,Force India,10,10,7,6.0,1
2016,Australian Grand Prix,Valtteri Bottas,Williams,11,16,8,4.0,1
2016,Australian Grand Prix,Fernando Alonso,McLaren,12,11,21,0.0,4
2016,Australian Grand Prix,Jenson Button,McLaren,13,12,14,0.0,11
2016,Australian Grand Prix,Jolyon Palmer,Renault,14,13,11,0.0,1
2016,Australian Grand Prix,Kevin Magnussen,Renault,15,14,12,0.0,1
2016,Australian Grand Prix,Marcus Ericsson,Sauber,16,15,17,0.0,5
2016,Australian Grand Prix,Felipe Nasr,Sauber,17,17,15,0.0,11
2016,Australian Grand Prix,Daniil Kvyat,Red Bull,18,18,22,0.0,31
2016,Australian Grand Prix,Romain Grosjean,Haas F1 Team,19,19,6,8.0,1
2016,Australian Grand Prix,Esteban Gutiérrez,Haas F1 Team,20,20,20,0.0,4
2016,Australian Grand Prix,Rio Haryanto,Manor Marussia,21,22,19,0.0,26
2016,Australian Grand Prix,Pascal Wehrlein,Manor Marussia,22,21,16,0.0,11
2016,Bahrain Grand Prix,Lewis Hamilton,Mercedes,1,1,3,15.0,1
2016,Bahrain Grand Prix,Nico Rosberg,Mercedes,2,2,1,25.0,1
2016,Bahrain Grand Prix,Sebastian Vettel,Ferrari,3,3,21,0.0,5
2016,Bahrain Grand Prix,Kimi Räikkönen,Ferrari,4,4,2,18.0,1
2016,Bahrain Grand Prix,Daniel Ricciardo,Red Bull,5,5,4,12.0,1
2016,Bahrain Grand Prix,Valtteri Bottas,Williams,6,6,9,2.0,11
2016,Bahrain Grand Prix,Felipe Massa,Williams,7,7,8,4.0,11
2016,Bahrain Grand Prix,Nico Hülkenberg,Force India,8,8,15,0.0,11
2016,Bahrain Grand Prix,Romain Grosjean,Haas F1 Team,9,9,5,10.0,1
2016,Bahrain Grand Prix,Max Verstappen,Toro Rosso,10,10,6,8.0,1
2016,Bahrain Grand Prix,Carlos Sainz,Toro Rosso,11,11,18,0.0,31
2016,Bahrain Grand Prix,Stoffel Vandoorne,McLaren,12,12,10,1.0,11
2016,Bahrain Grand Prix,Esteban Gutiérrez,Haas F1 Team,13,13,19,0.0,31
2016,Bahrain Grand Prix,Jenson Button,McLaren,14,14,20,0.0,131
2016,Bahrain Grand Prix,Daniil Kvyat,Red Bull,15,15,7,6.0,11
2016,Bahrain Grand Prix,Pascal Wehrlein,Manor Marussia,16,16,13,0.0,11
2016,Bahrain Grand Prix,Marcus Ericsson,Sauber,17,17,12,0.0,11
2016,Bahrain Grand Prix,Sergio Pérez,Force India,18,18,16,0.0,11
2016,Bahrain Grand Prix,Kevin Magnussen,Renault,19,22,11,0.0,11
2016,Bahrain Grand Prix,Jolyon Palmer,Renault,20,19,22,0.0,9
2016,Bahrain Grand Prix,Rio Haryanto,Manor Marussia,21,20,17,0.0,11
2016,Bahrain Grand Prix,Felipe Nasr,Sauber,22,21,14,0.0,11
2016,Chinese Grand Prix,Nico Rosberg,Mercedes,1,1,1,25.0,1
2016,Chinese Grand Prix,Daniel Ricciardo,Red Bull,2,2,4,12.0,1
2016,Chinese Grand Prix,Kimi Räikkönen,Ferrari,3,3,5,10.0,1
2016,Chinese Grand Prix,Sebastian Vettel,Ferrari,4,4,2,18.0,1
2016,Chinese Grand Prix,Valtteri Bottas,Williams,5,5,10,1.0,1
2016,Chinese Grand Prix,Daniil Kvyat,Red Bull,6,6,3,15.0,1
2016,Chinese Grand Prix,Sergio Pérez,Force India,7,7,11,0.0,1
2016,Chinese Grand Prix,Carlos Sainz,Toro Rosso,8,8,9,2.0,1
2016,Chinese Grand Prix,Max Verstappen,Toro Rosso,9,9,8,4.0,1
2016,Chinese Grand Prix,Nico Hülkenberg,Force India,10,13,15,0.0,11
2016,Chinese Grand Prix,Felipe Massa,Williams,11,10,6,8.0,1
2016,Chinese Grand Prix,Fernando Alonso,McLaren,12,11,12,0.0,1
2016,Chinese Grand Prix,Jenson Button,McLaren,13,12,13,0.0,1
2016,Chinese Grand Prix,Romain Grosjean,Haas F1 Team,14,14,19,0.0,11
2016,Chinese Grand Prix,Marcus Ericsson,Sauber,15,15,16,0.0,11
2016,Chinese Grand Prix,Felipe Nasr,Sauber,16,16,20,0.0,11
2016,Chinese Grand Prix,Kevin Magnussen,Renault,17,17,17,0.0,11
2016,Chinese Grand Prix,Esteban Gutiérrez,Haas F1 Team,18,18,14,0.0,11
2016,Chinese Grand Prix,Jolyon Palmer,Renault,19,19,22,0.0,11
2016,Chinese Grand Prix,Rio Haryanto,Manor Marussia,20,20,21,0.0,11
2016,Chinese Grand Prix,Pascal Wehrlein,Manor Marussia,21,21,18,0.0,11
2016,Chinese Grand Prix,Lewis Hamilton,Mercedes,22,22,7,6.0,1
2016,Russian Grand Prix,Nico Rosberg,Mercedes,1,1,1,25.0,1
2016,Russian Grand Prix,Sebastian Vettel,Ferrari,2,7,20,0.0,4
2016,Russian Grand Prix,Valtteri Bottas,Williams,3,2,4,12.0,1
2016,Russian Grand Prix,Kimi Räikkönen,Ferrari,4,3,3,15.0,1
2016,Russian Grand Prix,Felipe Massa,Williams,5,4,5,10.0,1
2016,Russian Grand Prix,Daniel Ricciardo,Red Bull,6,5,11,0.0,11
2016,Russian Grand Prix,Sergio Pérez,Force India,7,6,9,2.0,11
2016,Russian Grand Prix,Daniil Kvyat,Red Bull,8,8,15,0.0,11
2016,Russian Grand Prix,Max Verstappen,Toro Rosso,9,9,19,0.0,131
2016,Russian Grand Prix,Lewis Hamilton,Mercedes,10,10,2,18.0,1
2016,Russian Grand Prix,Carlos Sainz,Toro Rosso,11,11,12,0.0,11
2016,Russian Grand Prix,Jenson Button,McLaren,12,12,10,1.0,11
2016,Russian Grand Prix,Nico Hülkenberg,Force India,13,13,21,0.0,4
2016,Russian Grand Prix,Fernando Alonso,McLaren,14,14,6,8.0,11
2016,Russian Grand Prix,Romain Grosjean,Haas F1 Team,15,15,8,4.0,11
2016,Russian Grand Prix,Esteban Gutiérrez,Haas F1 Team,16,16,17,0.0,11
2016,Russian Grand Prix,Kevin Magnussen,Renault,17,17,7,6.0,11
2016,Russian Grand Prix,Jolyon Palmer,Renault,18,18,13,0.0,11
2016,Russian Grand Prix,Felipe Nasr,Sauber,19,19,16,0.0,11
2016,Russian Grand Prix,Pascal Wehrlein,Manor Marussia,20,20,18,0.0,12
2016,Russian Grand Prix,Rio Haryanto,Manor Marussia,21,21,22,0.0,4
2016,Russian Grand Prix,Marcus Ericsson,Sauber,22,22,14,0.0,11
2016,Spanish Grand Prix,Lewis Hamilton,Mercedes,1,1,21,0.0,4
2016,Spanish Grand Prix,Nico Rosberg,Mercedes,2,2,22,0.0,4
2016,Spanish Grand Prix,Daniel Ricciardo,Red Bull,3,3,4,12.0,1
2016,Spanish Grand Prix,Max Verstappen,Red Bull,4,4,1,25.0,1
2016,Spanish Grand Prix,Kimi Räikkönen,Ferrari,5,5,2,18.0,1
2016,Spanish Grand Prix,Sebastian Vettel,Ferrari,6,6,3,15.0,1
2016,Spanish Grand Prix,Valtteri Bottas,Williams,7,7,5,10.0,1
2016,Spanish Grand Prix,Carlos Sainz,Toro Rosso,8,8,6,8.0,1
2016,Spanish Grand Prix,Sergio Pérez,Force India,9,9,7,6.0,1
2016,Spanish Grand Prix,Fernando Alonso,McLaren,10,10,19,0.0,5
2016,Spanish Grand Prix,Nico Hülkenberg,Force India,11,11,20,0.0,5
2016,Spanish Grand Prix,Jenson Button,McLaren,12,12,9,2.0,11
2016,Spanish Grand Prix,Daniil Kvyat,Toro Rosso,13,13,10,1.0,11
2016,Spanish Grand Prix,Romain Grosjean,Haas F1 Team,14,14,18,0.0,5
2016,Spanish Grand Prix,Kevin Magnussen,Renault,15,15,14,0.0,11
2016,Spanish Grand Prix,Esteban Gutiérrez,Haas F1 Team,16,16,11,0.0,11
2016,Spanish Grand Prix,Jolyon Palmer,Renault,17,17,13,0.0,11
2016,Spanish Grand Prix,Felipe Massa,Williams,18,18,8,4.0,1
2016,Spanish Grand Prix,Marcus Ericsson,Sauber,19,19,12,0.0,11
2016,Spanish Grand Prix,Felipe Nasr,Sauber,20,20,15,0.0,11
2016,Spanish Grand Prix,Pascal Wehrlein,Manor Marussia,21,21,16,0.0,11
2016,Spanish Grand Prix,Rio Haryanto,Manor Marussia,22,22,17,0.0,11
2016,Monaco Grand Prix,Daniel Ricciardo,Red Bull,1,1,2,18.0,1
2016,Monaco Grand Prix,Nico Rosberg,Mercedes,2,2,7,6.0,1
2016,Monaco Grand Prix,Lewis Hamilton,Mercedes,3,3,1,25.0,1
2016,Monaco Grand Prix,Sebastian Vettel,Ferrari,4,4,4,12.0,1
2016,Monaco Grand Prix,Nico Hülkenberg,Force India,5,5,6,8.0,1
2016,Monaco Grand Prix,Kimi Räikkönen,Ferrari,6,11,21,0.0,3
2016,Monaco Grand Prix,Carlos Sainz,Toro Rosso,7,6,8,4.0,11
2016,Monaco Grand Prix,Sergio Pérez,Force India,8,7,3,15.0,1
2016,Monaco Grand Prix,Daniil Kvyat,Toro Rosso,9,8,20,0.0,3
2016,Monaco Grand Prix,Fernando Alonso,McLaren,10,9,5,10.0,1
2016,Monaco Grand Prix,Valtteri Bottas,Williams,11,10,12,0.0,11
2016,Monaco Grand Prix,Esteban Gutiérrez,Haas F1 Team,12,12,11,0.0,11
2016,Monaco Grand Prix,Jenson Button,McLaren,13,13,9,2.0,11
2016,Monaco Grand Prix,Felipe Massa,Williams,14,14,10,1.0,11
2016,Monaco Grand Prix,Romain Grosjean,Haas F1 Team,15,15,13,0.0,12
2016,Monaco Grand Prix,Kevin Magnussen,Renault,16,16,19,0.0,31
2016,Monaco Grand Prix,Marcus Ericsson,Sauber,17,17,16,0.0,4
2016,Monaco Grand Prix,Jolyon Palmer,Renault,18,18,22,0.0,3
2016,Monaco Grand Prix,Rio Haryanto,Manor Marussia,19,19,15,0.0,14
2016,Monaco Grand Prix,Pascal Wehrlein,Manor Marussia,20,20,14,0.0,12
2016,Monaco Grand Prix,Max Verstappen,Red Bull,21,0,18,0.0,3
2016,Monaco Grand Prix,Felipe Nasr,Sauber,22,0,17,0.0,31
2016,Canadian Grand Prix,Lewis Hamilton,Mercedes,1,1,1,25.0,1
2016,Canadian Grand Prix,Nico Rosberg,Mercedes,2,2,5,10.0,1
2016,Canadian Grand Prix,Sebastian Vettel,Ferrari,3,3,2,18.0,1
2016,Canadian Grand Prix,Daniel Ricciardo,Red Bull,4,4,7,6.0,1
2016,Canadian Grand Prix,Max Verstappen,Red Bull,5,5,4,12.0,1
2016,Canadian Grand Prix,Kimi Räikkönen,Ferrari,6,6,6,8.0,1
2016,Canadian Grand Prix,Valtteri Bottas,Williams,7,7,3,15.0,1
2016,Canadian Grand Prix,Felipe Massa,Williams,8,8,20,0.0,31
2016,Canadian Grand Prix,Nico Hülkenberg,Force India,9,9,8,4.0,11
2016,Canadian Grand Prix,Fernando Alonso,McLaren,10,10,11,0.0,11
2016,Canadian Grand Prix,Sergio Pérez,Force India,11,11,10,1.0,11
2016,Canadian Grand Prix,Jenson Button,McLaren,12,12,22,0.0,131
2016,Canadian Grand Prix,Daniil Kvyat,Toro Rosso,13,15,12,0.0,11
2016,Canadian Grand Prix,Esteban Gutiérrez,Haas F1 Team,14,13,13,0.0,12
2016,Canadian Grand Prix,Romain Grosjean,Haas F1 Team,15,14,14,0.0,12
2016,Canadian Grand Prix,Carlos Sainz,Toro Rosso,16,20,9,2.0,11
2016,Canadian Grand Prix,Jolyon Palmer,Renault,17,16,21,0.0,31
2016,Canadian Grand Prix,Pascal Wehrlein,Manor Marussia,18,17,17,0.0,12
2016,Canadian Grand Prix,Marcus Ericsson,Sauber,19,21,15,0.0,12
2016,Canadian Grand Prix,Felipe Nasr,Sauber,20,18,18,0.0,12
2016,Canadian Grand Prix,Rio Haryanto,Manor Marussia,21,19,19,0.0,12
2016,European Grand Prix,Nico Rosberg,Mercedes,1,1,1,25.0,1
2016,European Grand Prix,Sergio Pérez,Force India,2,7,3,15.0,1
2016,European Grand Prix,Daniel Ricciardo,Red Bull,3,2,7,6.0,1
2016,European Grand Prix,Sebastian Vettel,Ferrari,4,3,2,18.0,1
2016,European Grand Prix,Kimi Räikkönen,Ferrari,5,4,4,12.0,1
2016,European Grand Prix,Felipe Massa,Williams,6,5,10,1.0,1
2016,European Grand Prix,Daniil Kvyat,Toro Rosso,7,6,22,0.0,22
2016,European Grand Prix,Valtteri Bottas,Williams,8,8,6,8.0,1
2016,European Grand Prix,Max Verstappen,Red Bull,9,9,8,4.0,1
2016,European Grand Prix,Lewis Hamilton,Mercedes,10,10,5,10.0,1
2016,European Grand Prix,Romain Grosjean,Haas F1 Team,11,11,13,0.0,11
2016,European Grand Prix,Nico Hülkenberg,Force India,12,12,9,2.0,1
2016,European Grand Prix,Carlos Sainz,Toro Rosso,13,18,21,0.0,22
2016,European Grand Prix,Fernando Alonso,McLaren,14,13,19,0.0,6
2016,European Grand Prix,Esteban Gutiérrez,Haas F1 Team,15,14,16,0.0,11
2016,European Grand Prix,Felipe Nasr,Sauber,16,15,12,0.0,11
2016,European Grand Prix,Rio Haryanto,Manor Marussia,17,16,18,0.0,12
2016,European Grand Prix,Pascal Wehrlein,Manor Marussia,18,17,20,0.0,23
2016,European Grand Prix,Jenson Button,McLaren,19,19,11,0.0,1
2016,European Grand Prix,Marcus Ericsson,Sauber,20,20,17,0.0,11
2016,European Grand Prix,Kevin Magnussen,Renault,21,22,14,0.0,11
2016,European Grand Prix,Jolyon Palmer,Renault,22,21,15,0.0,11
2016,Austrian Grand Prix,Lewis Hamilton,Mercedes,1,1,1,25.0,1
2016,Austrian Grand Prix,Nico Rosberg,Mercedes,2,6,4,12.0,1
2016,Austrian Grand Prix,Nico Hülkenberg,Force India,3,2,19,0.0,23
2016,Austrian Grand Prix,Sebastian Vettel,Ferrari,4,9,21,0.0,27
2016,Austrian Grand Prix,Jenson Button,McLaren,5,3,6,8.0,1
2016,Austrian Grand Prix,Kimi Räikkönen,Ferrari,6,4,3,15.0,1
2016,Austrian Grand Prix,Daniel Ricciardo,Red Bull,7,5,5,10.0,1
2016,Austrian Grand Prix,Valtteri Bottas,Williams,8,7,9,2.0,11
2016,Austrian Grand Prix,Max Verstappen,Red Bull,9,8,2,18.0,1
2016,Austrian Grand Prix,Felipe Massa,Williams,10,0,20,0.0,23
2016,Austrian Grand Prix,Esteban Gutiérrez,Haas F1 Team,11,11,11,0.0,11
2016,Austrian Grand Prix,Pascal Wehrlein,Manor Marussia,12,12,10,1.0,11
2016,Austrian Grand Prix,Romain Grosjean,Haas F1 Team,13,13,7,6.0,1
2016,Austrian Grand Prix,Fernando Alonso,McLaren,14,14,18,0.0,84
2016,Austrian Grand Prix,Carlos Sainz,Toro Rosso,15,15,8,4.0,1
2016,Austrian Grand Prix,Sergio Pérez,Force India,16,16,17,0.0,23
2016,Austrian Grand Prix,Kevin Magnussen,Renault,17,17,14,0.0,11
2016,Austrian Grand Prix,Jolyon Palmer,Renault,18,19,12,0.0,11
2016,Austrian Grand Prix,Rio Haryanto,Manor Marussia,19,20,16,0.0,11
2016,Austrian Grand Prix,Daniil Kvyat,Toro Rosso,20,0,22,0.0,31
2016,Austrian Grand Prix,Marcus Ericsson,Sauber,21,18,15,0.0,11
2016,Austrian Grand Prix,Felipe Nasr,Sauber,22,21,13,0.0,11
2016,British Grand Prix,Lewis Hamilton,Mercedes,1,1,1,25.0,1
2016,British Grand Prix,Nico Rosberg,Mercedes,2,2,3,15.0,1
2016,British Grand Prix,Max Verstappen,Red Bull,3,3,2,18.0,1
2016,British Grand Prix,Daniel Ricciardo,Red Bull,4,4,4,12.0,1
2016,British Grand Prix,Kimi Räikkönen,Ferrari,5,5,5,10.0,1
2016,British Grand Prix,Sebastian Vettel,Ferrari,6,11,9,2.0,1
2016,British Grand Prix,Valtteri Bottas,Williams,7,6,14,0.0,11
2016,British Grand Prix,Carlos Sainz,Toro Rosso,8,7,8,4.0,1
2016,British Grand Prix,Nico Hülkenberg,Force India,9,8,7,6.0,1
2016,British Grand Prix,Fernando Alonso,McLaren,10,9,13,0.0,11
2016,British Grand Prix,Sergio Pérez,Force India,11,10,6,8.0,1
2016,British Grand Prix,Felipe Massa,Williams,12,12,11,0.0,11
2016,British Grand Prix,Romain Grosjean,Haas F1 Team,13,13,20,0.0,31
2016,British Grand Prix,Esteban Gutiérrez,Haas F1 Team,14,14,16,0.0,11
2016,British Grand Prix,Daniil Kvyat,Toro Rosso,15,15,10,1.0,1
2016,British Grand Prix,Kevin Magnussen,Renault,16,16,17,0.0,6
2016,British Grand Prix,Jenson Button,McLaren,17,17,12,0.0,11
2016,British Grand Prix,Jolyon Palmer,Renault,18,18,18,0.0,6
2016,British Grand Prix,Rio Haryanto,Manor Marussia,19,19,19,0.0,20
2016,British Grand Prix,Pascal Wehrlein,Manor Marussia,20,20,22,0.0,20
2016,British Grand Prix,Felipe Nasr,Sauber,21,21,15,0.0,11
2016,Hungarian Grand Prix,Nico Rosberg,Mercedes,1,1,2,18.0,1
2016,Hungarian Grand Prix,Lewis Hamilton,Mercedes,2,2,1,25.0,1
2016,Hungarian Grand Prix,Daniel Ricciardo,Red Bull,3,3,3,15.0,1
2016,Hungarian Grand Prix,Max Verstappen,Red Bull,4,4,5,10.0,1
2016,Hungarian Grand Prix,Sebastian Vettel,Ferrari,5,5,4,12.0,1
2016,Hungarian Grand Prix,Carlos Sainz,Toro Rosso,6,6,8,4.0,11
2016,Hungarian Grand Prix,Fernando Alonso,McLaren,7,7,7,6.0,11
2016,Hungarian Grand Prix,Jenson Button,McLaren,8,8,22,0.0,44
2016,Hungarian Grand Prix,Nico Hülkenberg,Force India,9,9,10,1.0,11
2016,Hungarian Grand Prix,Valtteri Bottas,Williams,10,10,9,2.0,11
2016,Hungarian Grand Prix,Romain Grosjean,Haas F1 Team,11,11,14,0.0,11
2016,Hungarian Grand Prix,Daniil Kvyat,Toro Rosso,12,12,16,0.0,11
2016,Hungarian Grand Prix,Sergio Pérez,Force India,13,13,11,0.0,11
2016,Hungarian Grand Prix,Kimi Räikkönen,Ferrari,14,14,6,8.0,1
2016,Hungarian Grand Prix,Esteban Gutiérrez,Haas F1 Team,15,15,13,0.0,11
2016,Hungarian Grand Prix,Felipe Nasr,Sauber,16,16,17,0.0,11
2016,Hungarian Grand Prix,Jolyon Palmer,Renault,17,17,12,0.0,11
2016,Hungarian Grand Prix,Felipe Massa,Williams,18,18,18,0.0,12
2016,Hungarian Grand Prix,Kevin Magnussen,Renault,19,19,15,0.0,11
2016,Hungarian Grand Prix,Marcus Ericsson,Sauber,20,22,20,0.0,12
2016,Hungarian Grand Prix,Pascal Wehrlein,Manor Marussia,21,20,19,0.0,12
2016,Hungarian Grand Prix,Rio Haryanto,Manor Marussia,22,21,21,0.0,12
2016,German Grand Prix,Nico Rosberg,Mercedes,1,1,4,12.0,1
2016,German Grand Prix,Lewis Hamilton,Mercedes,2,2,1,25.0,1
2016,German Grand Prix,Daniel Ricciardo,Red Bull,3,3,2,18.0,1
2016,German Grand Prix,Max Verstappen,Red Bull,4,4,3,15.0,1
2016,German Grand Prix,Kimi Räikkönen,Ferrari,5,5,6,8.0,1
2016,German Grand Prix,Sebastian Vettel,Ferrari,6,6,5,10.0,1
2016,German Grand Prix,Nico Hülkenberg,Force India,7,8,7,6.0,1
2016,German Grand Prix,Valtteri Bottas,Williams,8,7,9,2.0,11
2016,German Grand Prix,Sergio Pérez,Force India,9,9,10,1.0,11
2016,German Grand Prix,Felipe Massa,Williams,10,10,22,0.0,22
2016,German Grand Prix,Esteban Gutiérrez,Haas F1 Team,11,11,11,0.0,11
2016,German Grand Prix,Jenson Button,McLaren,12,12,8,4.0,11
2016,German Grand Prix,Carlos Sainz,Toro Rosso,13,15,14,0.0,11
2016,German Grand Prix,Fernando Alonso,McLaren,14,13,12,0.0,11
2016,German Grand Prix,Romain Grosjean,Haas F1 Team,15,20,13,0.0,11
2016,German Grand Prix,Jolyon Palmer,Renault,16,14,19,0.0,12
2016,German Grand Prix,Kevin Magnussen,Renault,17,16,16,0.0,11
2016,German Grand Prix,Pascal Wehrlein,Manor Marussia,18,17,17,0.0,12
2016,German Grand Prix,Daniil Kvyat,Toro Rosso,19,18,15,0.0,11
2016,German Grand Prix,Rio Haryanto,Manor Marussia,20,19,20,0.0,12
2016,German Grand Prix,Felipe Nasr,Sauber,21,21,21,0.0,131
2016,German Grand Prix,Marcus Ericsson,Sauber,22,22,18,0.0,12
2016,Belgian Grand Prix,Nico Rosberg,Mercedes,1,1,1,25.0,1
2016,Belgian Grand Prix,Max Verstappen,Red Bull,2,2,11,0.0,1
2016,Belgian Grand Prix,Kimi Räikkönen,Ferrari,3,3,9,2.0,1
2016,Belgian Grand Prix,Sebastian Vettel,Ferrari,4,4,6,8.0,1
2016,Belgian Grand Prix,Daniel Ricciardo,Red Bull,5,5,2,18.0,1
2016,Belgian Grand Prix,Sergio Pérez,Force India,6,6,5,10.0,1
2016,Belgian Grand Prix,Nico Hülkenberg,Force India,7,7,4,12.0,1
2016,Belgian Grand Prix,Valtteri Bottas,Williams,8,8,8,4.0,1
2016,Belgian Grand Prix,Jenson Button,McLaren,9,9,21,0.0,130
2016,Belgian Grand Prix,Felipe Massa,Williams,10,10,10,1.0,1
2016,Belgian Grand Prix,Romain Grosjean,Haas F1 Team,11,11,13,0.0,1
2016,Belgian Grand Prix,Kevin Magnussen,Renault,12,12,18,0.0,3
2016,Belgian Grand Prix,Esteban Gutiérrez,Haas F1 Team,13,18,12,0.0,1
2016,Belgian Grand Prix,Jolyon Palmer,Renault,14,13,15,0.0,1
2016,Belgian Grand Prix,Carlos Sainz,Toro Rosso,15,14,20,0.0,29
2016,Belgian Grand Prix,Pascal Wehrlein,Manor Marussia,16,15,22,0.0,130
2016,Belgian Grand Prix,Felipe Nasr,Sauber,17,16,17,0.0,11
2016,Belgian Grand Prix,Esteban Ocon,Manor Marussia,18,17,16,0.0,11
2016,Belgian Grand Prix,Daniil Kvyat,Toro Rosso,19,19,14,0.0,1
2016,Belgian Grand Prix,Marcus Ericsson,Sauber,20,20,19,0.0,6
2016,Belgian Grand Prix,Lewis Hamilton,Mercedes,21,21,3,15.0,1
2016,Italian Grand Prix,Lewis Hamilton,Mercedes,1,1,2,18.0,1
2016,Italian Grand Prix,Nico Rosberg,Mercedes,2,2,1,25.0,1
2016,Italian Grand Prix,Sebastian Vettel,Ferrari,3,3,3,15.0,1
2016,Italian Grand Prix,Kimi Räikkönen,Ferrari,4,4,4,12.0,1
2016,Italian Grand Prix,Valtteri Bottas,Williams,5,5,6,8.0,1
2016,Italian Grand Prix,Daniel Ricciardo,Red Bull,6,6,5,10.0,1
2016,Italian Grand Prix,Max Verstappen,Red Bull,7,7,7,6.0,1
2016,Italian Grand Prix,Sergio Pérez,Force India,8,8,8,4.0,1
2016,Italian Grand Prix,Nico Hülkenberg,Force India,9,9,10,1.0,1
2016,Italian Grand Prix,Esteban Gutiérrez,Haas F1 Team,10,10,13,0.0,11
2016,Italian Grand Prix,Felipe Massa,Williams,11,11,9,2.0,1
2016,Italian Grand Prix,Romain Grosjean,Haas F1 Team,12,17,11,0.0,11
2016,Italian Grand Prix,Fernando Alonso,McLaren,13,12,14,0.0,11
2016,Italian Grand Prix,Pascal Wehrlein,Manor Marussia,14,13,20,0.0,44
2016,Italian Grand Prix,Jenson Button,McLaren,15,14,12,0.0,11
2016,Italian Grand Prix,Carlos Sainz,Toro Rosso,16,15,15,0.0,11
2016,Italian Grand Prix,Daniil Kvyat,Toro Rosso,17,16,19,0.0,84
2016,Italian Grand Prix,Felipe Nasr,Sauber,18,18,22,0.0,130
2016,Italian Grand Prix,Marcus Ericsson,Sauber,19,19,16,0.0,11
2016,Italian Grand Prix,Jolyon Palmer,Renault,20,20,21,0.0,130
2016,Italian Grand Prix,Kevin Magnussen,Renault,21,21,17,0.0,11
2016,Singapore Grand Prix,Nico Rosberg,Mercedes,1,1,1,25.0,1
2016,Singapore Grand Prix,Daniel Ricciardo,Red Bull,2,2,2,18.0,1
2016,Singapore Grand Prix,Lewis Hamilton,Mercedes,3,3,3,15.0,1
2016,Singapore Grand Prix,Max Verstappen,Red Bull,4,4,6,8.0,1
2016,Singapore Grand Prix,Kimi Räikkönen,Ferrari,5,5,4,12.0,1
2016,Singapore Grand Prix,Carlos Sainz,Toro Rosso,6,6,14,0.0,11
2016,Singapore Grand Prix,Daniil Kvyat,Toro Rosso,7,7,9,2.0,1
2016,Singapore Grand Prix,Nico Hülkenberg,Force India,8,8,21,0.0,4
2016,Singapore Grand Prix,Fernando Alonso,McLaren,9,9,7,6.0,1
2016,Singapore Grand Prix,Sergio Pérez,Force India,10,17,8,4.0,1
2016,Singapore Grand Prix,Valtteri Bottas,Williams,11,10,20,0.0,25
2016,Singapore Grand Prix,Felipe Massa,Williams,12,11,12,0.0,11
2016,Singapore Grand Prix,Jenson Button,McLaren,13,12,19,0.0,23
2016,Singapore Grand Prix,Esteban Gutiérrez,Haas F1 Team,14,13,11,0.0,11
2016,Singapore Grand Prix,Romain Grosjean,Haas F1 Team,15,20,22,0.0,54
2016,Singapore Grand Prix,Marcus Ericsson,Sauber,16,14,17,0.0,11
2016,Singapore Grand Prix,Kevin Magnussen,Renault,17,15,10,1.0,1
2016,Singapore Grand Prix,Felipe Nasr,Sauber,18,16,13,0.0,11
2016,Singapore Grand Prix,Jolyon Palmer,Renault,19,18,15,0.0,11
2016,Singapore Grand Prix,Pascal Wehrlein,Manor Marussia,20,19,16,0.0,11
2016,Singapore Grand Prix,Esteban Ocon,Manor Marussia,21,21,18,0.0,12
2016,Singapore Grand Prix,Sebastian Vettel,Ferrari,22,22,5,10.0,1
2016,Malaysian Grand Prix,Lewis Hamilton,Mercedes,1,1,18,0.0,5
2016,Malaysian Grand Prix,Nico Rosberg,Mercedes,2,2,3,15.0,1
2016,Malaysian Grand Prix,Max Verstappen,Red Bull,3,3,2,18.0,1
2016,Malaysian Grand Prix,Daniel Ricciardo,Red Bull,4,4,1,25.0,1
2016,Malaysian Grand Prix,Sebastian Vettel,Ferrari,5,5,22,0.0,4
2016,Malaysian Grand Prix,Kimi Räikkönen,Ferrari,6,6,4,12.0,1
2016,Malaysian Grand Prix,Sergio Pérez,Force India,7,7,6,8.0,1
2016,Malaysian Grand Prix,Nico Hülkenberg,Force India,8,8,8,4.0,1
2016,Malaysian Grand Prix,Jenson Button,McLaren,9,9,9,2.0,1
2016,Malaysian Grand Prix,Felipe Massa,Williams,10,10,13,0.0,11
2016,Malaysian Grand Prix,Valtteri Bottas,Williams,11,11,5,10.0,1
2016,Malaysian Grand Prix,Romain Grosjean,Haas F1 Team,12,12,21,0.0,23
2016,Malaysian Grand Prix,Esteban Gutiérrez,Haas F1 Team,13,13,19,0.0,61
2016,Malaysian Grand Prix,Kevin Magnussen,Renault,14,14,20,0.0,75
2016,Malaysian Grand Prix,Daniil Kvyat,Toro Rosso,15,15,14,0.0,11
2016,Malaysian Grand Prix,Carlos Sainz,Toro Rosso,16,16,11,0.0,1
2016,Malaysian Grand Prix,Marcus Ericsson,Sauber,17,17,12,0.0,11
2016,Malaysian Grand Prix,Felipe Nasr,Sauber,18,18,17,0.0,23
2016,Malaysian Grand Prix,Jolyon Palmer,Renault,19,19,10,1.0,1
2016,Malaysian Grand Prix,Esteban Ocon,Manor Marussia,20,20,16,0.0,11
2016,Malaysian Grand Prix,Pascal Wehrlein,Manor Marussia,21,21,15,0.0,11
2016,Malaysian Grand Prix,Fernando Alonso,McLaren,22,22,7,6.0,1
2016,Japanese Grand Prix,Nico Rosberg,Mercedes,1,1,1,25.0,1
2016,Japanese Grand Prix,Lewis Hamilton,Mercedes,2,2,3,15.0,1
2016,Japanese Grand Prix,Kimi Räikkönen,Ferrari,3,8,5,10.0,1
2016,Japanese Grand Prix,Sebastian Vettel,Ferrari,4,6,4,12.0,1
2016,Japanese Grand Prix,Max Verstappen,Red Bull,5,3,2,18.0,1
2016,Japanese Grand Prix,Daniel Ricciardo,Red Bull,6,4,6,8.0,1
2016,Japanese Grand Prix,Sergio Pérez,Force India,7,5,7,6.0,1
2016,Japanese Grand Prix,Romain Grosjean,Haas F1 Team,8,7,11,0.0,1
2016,Japanese Grand Prix,Nico Hülkenberg,Force India,9,9,8,4.0,1
2016,Japanese Grand Prix,Esteban Gutiérrez,Haas F1 Team,10,10,20,0.0,11
2016,Japanese Grand Prix,Valtteri Bottas,Williams,11,11,10,1.0,1
2016,Japanese Grand Prix,Felipe Massa,Williams,12,12,9,2.0,1
2016,Japanese Grand Prix,Daniil Kvyat,Toro Rosso,13,13,13,0.0,11
2016,Japanese Grand Prix,Carlos Sainz,Toro Rosso,14,14,17,0.0,11
2016,Japanese Grand Prix,Fernando Alonso,McLaren,15,15,16,0.0,11
2016,Japanese Grand Prix,Jolyon Palmer,Renault,16,16,12,0.0,11
2016,Japanese Grand Prix,Jenson Button,McLaren,17,22,18,0.0,11
2016,Japanese Grand Prix,Kevin Magnussen,Renault,18,17,14,0.0,11
2016,Japanese Grand Prix,Marcus Ericsson,Sauber,19,18,15,0.0,11
2016,Japanese Grand Prix,Felipe Nasr,Sauber,20,19,19,0.0,11
2016,Japanese Grand Prix,Esteban Ocon,Manor Marussia,21,20,21,0.0,11
2016,Japanese Grand Prix,Pascal Wehrlein,Manor Marussia,22,21,22,0.0,11
2016,United States Grand Prix,Lewis Hamilton,Mercedes,1,1,1,25.0,1
2016,United States Grand Prix,Nico Rosberg,Mercedes,2,2,2,18.0,1
2016,United States Grand Prix,Daniel Ricciardo,Red Bull,3,3,3,15.0,1
2016,United States Grand Prix,Max Verstappen,Red Bull,4,4,20,0.0,6
2016,United States Grand Prix,Kimi Räikkönen,Ferrari,5,5,19,0.0,36
2016,United States Grand Prix,Sebastian Vettel,Ferrari,6,6,4,12.0,1
2016,United States Grand Prix,Nico Hülkenberg,Force India,7,7,22,0.0,4
2016,United States Grand Prix,Valtteri Bottas,Williams,8,8,16,0.0,11
2016,United States Grand Prix,Felipe Massa,Williams,9,9,7,6.0,11
2016,United States Grand Prix,Carlos Sainz,Toro Rosso,10,10,6,8.0,1
2016,United States Grand Prix,Sergio Pérez,Force India,11,11,8,4.0,11
2016,United States Grand Prix,Fernando Alonso,McLaren,12,12,5,10.0,1
2016,United States Grand Prix,Daniil Kvyat,Toro Rosso,13,13,11,0.0,11
2016,United States Grand Prix,Esteban Gutiérrez,Haas F1 Team,14,14,21,0.0,23
2016,United States Grand Prix,Jolyon Palmer,Renault,15,15,13,0.0,11
2016,United States Grand Prix,Marcus Ericsson,Sauber,16,16,14,0.0,11
2016,United States Grand Prix,Romain Grosjean,Haas F1 Team,17,17,10,1.0,11
2016,United States Grand Prix,Kevin Magnussen,Renault,18,18,12,0.0,11
2016,United States Grand Prix,Jenson Button,McLaren,19,19,9,2.0,11
2016,United States Grand Prix,Pascal Wehrlein,Manor Marussia,20,20,17,0.0,11
2016,United States Grand Prix,Felipe Nasr,Sauber,21,21,15,0.0,11
2016,United States Grand Prix,Esteban Ocon,Manor Marussia,22,22,18,0.0,12
2016,Mexican Grand Prix,Lewis Hamilton,Mercedes,1,1,1,25.0,1
2016,Mexican Grand Prix,Nico Rosberg,Mercedes,2,2,2,18.0,1
2016,Mexican Grand Prix,Max Verstappen,Red Bull,3,3,4,12.0,1
2016,Mexican Grand Prix,Daniel Ricciardo,Red Bull,4,4,3,15.0,1
2016,Mexican Grand Prix,Nico Hülkenberg,Force India,5,5,7,6.0,1
2016,Mexican Grand Prix,Kimi Räikkönen,Ferrari,6,6,6,8.0,1
2016,Mexican Grand Prix,Sebastian Vettel,Ferrari,7,7,5,10.0,1
2016,Mexican Grand Prix,Valtteri Bottas,Williams,8,8,8,4.0,1
2016,Mexican Grand Prix,Felipe Massa,Williams,9,9,9,2.0,1
2016,Mexican Grand Prix,Carlos Sainz,Toro Rosso,10,10,16,0.0,11
2016,Mexican Grand Prix,Fernando Alonso,McLaren,11,11,13,0.0,11
2016,Mexican Grand Prix,Sergio Pérez,Force India,12,12,10,1.0,1
2016,Mexican Grand Prix,Jenson Button,McLaren,13,13,12,0.0,11
2016,Mexican Grand Prix,Kevin Magnussen,Renault,14,14,17,0.0,11
2016,Mexican Grand Prix,Marcus Ericsson,Sauber,15,15,11,0.0,11
2016,Mexican Grand Prix,Pascal Wehrlein,Manor Marussia,16,16,22,0.0,4
2016,Mexican Grand Prix,Esteban Gutiérrez,Haas F1 Team,17,17,19,0.0,11
2016,Mexican Grand Prix,Daniil Kvyat,Toro Rosso,18,18,18,0.0,11
2016,Mexican Grand Prix,Felipe Nasr,Sauber,19,19,15,0.0,11
2016,Mexican Grand Prix,Esteban Ocon,Manor Marussia,20,20,21,0.0,12
2016,Mexican Grand Prix,Romain Grosjean,Haas F1 Team,21,22,20,0.0,11
2016,Brazilian Grand Prix,Lewis Hamilton,Mercedes,1,1,1,25.0,1
2016,Brazilian Grand Prix,Nico Rosberg,Mercedes,2,2,2,18.0,1
2016,Brazilian Grand Prix,Kimi Räikkönen,Ferrari,3,3,20,0.0,4
2016,Brazilian Grand Prix,Max Verstappen,Red Bull,4,4,3,15.0,1
2016,Brazilian Grand Prix,Sebastian Vettel,Ferrari,5,5,5,10.0,1
2016,Brazilian Grand Prix,Daniel Ricciardo,Red Bull,6,6,8,4.0,1
2016,Brazilian Grand Prix,Romain Grosjean,Haas F1 Team,7,7,22,0.0,54
2016,Brazilian Grand Prix,Nico Hülkenberg,Force India,8,8,7,6.0,1
2016,Brazilian Grand Prix,Sergio Pérez,Force India,9,9,4,12.0,1
2016,Brazilian Grand Prix,Fernando Alonso,McLaren,10,10,10,1.0,1
2016,Brazilian Grand Prix,Valtteri Bottas,Williams,11,11,11,0.0,1
2016,Brazilian Grand Prix,Esteban Gutiérrez,Haas F1 Team,12,12,17,0.0,31
2016,Brazilian Grand Prix,Felipe Massa,Williams,13,13,18,0.0,4
2016,Brazilian Grand Prix,Daniil Kvyat,Toro Rosso,14,14,13,0.0,1
2016,Brazilian Grand Prix,Carlos Sainz,Toro Rosso,15,15,6,8.0,1
2016,Brazilian Grand Prix,Jolyon Palmer,Renault,16,16,19,0.0,130
2016,Brazilian Grand Prix,Jenson Button,McLaren,17,17,16,0.0,1
2016,Brazilian Grand Prix,Kevin Magnussen,Renault,18,18,14,0.0,1
2016,Brazilian Grand Prix,Pascal Wehrlein,Manor Marussia,19,19,15,0.0,1
2016,Brazilian Grand Prix,Esteban Ocon,Manor Marussia,20,22,12,0.0,1
2016,Brazilian Grand Prix,Marcus Ericsson,Sauber,21,20,21,0.0,4
2016,Brazilian Grand Prix,Felipe Nasr,Sauber,22,21,9,2.0,1
2016,Abu Dhabi Grand Prix,Lewis Hamilton,Mercedes,1,1,1,25.0,1
2016,Abu Dhabi Grand Prix,Nico Rosberg,Mercedes,2,2,2,18.0,1
2016,Abu Dhabi Grand Prix,Daniel Ricciardo,Red Bull,3,3,5,10.0,1
2016,Abu Dhabi Grand Prix,Kimi Räikkönen,Ferrari,4,4,6,8.0,1
2016,Abu Dhabi Grand Prix,Sebastian Vettel,Ferrari,5,5,3,15.0,1
2016,Abu Dhabi Grand Prix,Max Verstappen,Red Bull,6,6,4,12.0,1
2016,Abu Dhabi Grand Prix,Nico Hülkenberg,Force India,7,7,7,6.0,1
2016,Abu Dhabi Grand Prix,Sergio Pérez,Force India,8,8,8,4.0,1
2016,Abu Dhabi Grand Prix,Fernando Alonso,McLaren,9,9,10,1.0,1
2016,Abu Dhabi Grand Prix,Felipe Massa,Williams,10,10,9,2.0,1
2016,Abu Dhabi Grand Prix,Valtteri Bottas,Williams,11,11,21,0.0,22
2016,Abu Dhabi Grand Prix,Jenson Button,McLaren,12,12,20,0.0,22
2016,Abu Dhabi Grand Prix,Esteban Gutiérrez,Haas F1 Team,13,13,12,0.0,1
2016,Abu Dhabi Grand Prix,Romain Grosjean,Haas F1 Team,14,14,11,0.0,1
2016,Abu Dhabi Grand Prix,Jolyon Palmer,Renault,15,15,17,0.0,11
2016,Abu Dhabi Grand Prix,Pascal Wehrlein,Manor Marussia,16,16,14,0.0,11
2016,Abu Dhabi Grand Prix,Daniil Kvyat,Toro Rosso,17,17,19,0.0,6
2016,Abu Dhabi Grand Prix,Kevin Magnussen,Renault,18,18,22,0.0,22
2016,Abu Dhabi Grand Prix,Felipe Nasr,Sauber,19,19,16,0.0,11
2016,Abu Dhabi Grand Prix,Esteban Ocon,Manor Marussia,20,20,13,0.0,11
2016,Abu Dhabi Grand Prix,Carlos Sainz,Toro Rosso,21,21,18,0.0,130
2016,Abu Dhabi Grand Prix,Marcus Ericsson,Sauber,22,22,15,0.0,11
2017,Australian Grand Prix,Lewis Hamilton,Mercedes,1,1,2,18.0,1
2017,Australian Grand Prix,Sebastian Vettel,Ferrari,2,2,1,25.0,1
2017,Australian Grand Prix,Valtteri Bottas,Mercedes,3,3,3,15.0,1
2017,Australian Grand Prix,Kimi Räikkönen,Ferrari,4,4,4,12.0,1
2017,Australian Grand Prix,Max Verstappen,Red Bull,5,5,5,10.0,1
2017,Australian Grand Prix,Romain Grosjean,Haas F1 Team,6,6,20,0.0,47
2017,Australian Grand Prix,Felipe Massa,Williams,7,7,6,8.0,1
2017,Australian Grand Prix,Carlos Sainz,Toro Rosso,8,8,8,4.0,11
2017,Australian Grand Prix,Daniil Kvyat,Toro Rosso,9,9,9,2.0,11
2017,Australian Grand Prix,Daniel Ricciardo,Red Bull,10,0,17,0.0,131
2017,Australian Grand Prix,Sergio Pérez,Force India,11,10,7,6.0,11
2017,Australian Grand Prix,Nico Hülkenberg,Renault,12,11,11,0.0,11
2017,Australian Grand Prix,Fernando Alonso,McLaren,13,12,14,0.0,76
2017,Australian Grand Prix,Esteban Ocon,Force India,14,13,10,1.0,11
2017,Australian Grand Prix,Marcus Ericsson,Sauber,15,14,18,0.0,9
2017,Australian Grand Prix,Antonio Giovinazzi,Sauber,16,16,12,0.0,12
2017,Australian Grand Prix,Kevin Magnussen,Haas F1 Team,17,17,15,0.0,22
2017,Australian Grand Prix,Stoffel Vandoorne,McLaren,18,18,13,0.0,12
2017,Australian Grand Prix,Lance Stroll,Williams,19,20,16,0.0,23
2017,Australian Grand Prix,Jolyon Palmer,Renault,20,19,19,0.0,23
2017,Chinese Grand Prix,Lewis Hamilton,Mercedes,1,1,1,25.0,1
2017,Chinese Grand Prix,Sebastian Vettel,Ferrari,2,2,2,18.0,1
2017,Chinese Grand Prix,Valtteri Bottas,Mercedes,3,3,6,8.0,1
2017,Chinese Grand Prix,Kimi Räikkönen,Ferrari,4,4,5,10.0,1
2017,Chinese Grand Prix,Daniel Ricciardo,Red Bull,5,5,4,12.0,1
2017,Chinese Grand Prix,Felipe Massa,Williams,6,6,14,0.0,11
2017,Chinese Grand Prix,Nico Hülkenberg,Renault,7,7,12,0.0,11
2017,Chinese Grand Prix,Sergio Pérez,Force India,8,8,9,2.0,11
2017,Chinese Grand Prix,Daniil Kvyat,Toro Rosso,9,9,17,0.0,9
2017,Chinese Grand Prix,Lance Stroll,Williams,10,10,20,0.0,4
2017,Chinese Grand Prix,Carlos Sainz,Toro Rosso,11,11,7,6.0,1
2017,Chinese Grand Prix,Kevin Magnussen,Haas F1 Team,12,12,8,4.0,11
2017,Chinese Grand Prix,Fernando Alonso,McLaren,13,13,16,0.0,30
2017,Chinese Grand Prix,Marcus Ericsson,Sauber,14,14,15,0.0,11
2017,Chinese Grand Prix,Antonio Giovinazzi,Sauber,15,18,19,0.0,3
2017,Chinese Grand Prix,Stoffel Vandoorne,McLaren,16,15,18,0.0,32
2017,Chinese Grand Prix,Romain Grosjean,Haas F1 Team,17,19,11,0.0,11
2017,Chinese Grand Prix,Jolyon Palmer,Renault,18,20,13,0.0,11
2017,Chinese Grand Prix,Max Verstappen,Red Bull,19,16,3,15.0,1
2017,Chinese Grand Prix,Esteban Ocon,Force India,20,17,10,1.0,11
2017,Bahrain Grand Prix,Valtteri Bottas,Mercedes,1,1,3,15.0,1
2017,Bahrain Grand Prix,Lewis Hamilton,Mercedes,2,2,2,18.0,1
2017,Bahrain Grand Prix,Sebastian Vettel,Ferrari,3,3,1,25.0,1
2017,Bahrain Grand Prix,Daniel Ricciardo,Red Bull,4,4,5,10.0,1
2017,Bahrain Grand Prix,Kimi Räikkönen,Ferrari,5,5,4,12.0,1
2017,Bahrain Grand Prix,Max Verstappen,Red Bull,6,6,18,0.0,23
2017,Bahrain Grand Prix,Nico Hülkenberg,Renault,7,7,9,2.0,1
2017,Bahrain Grand Prix,Felipe Massa,Williams,8,8,6,8.0,1
2017,Bahrain Grand Prix,Romain Grosjean,Haas F1 Team,9,9,8,4.0,1
2017,Bahrain Grand Prix,Jolyon Palmer,Renault,10,10,13,0.0,11
2017,Bahrain Grand Prix,Daniil Kvyat,Toro Rosso,11,11,12,0.0,11
2017,Bahrain Grand Prix,Lance Stroll,Williams,12,12,17,0.0,4
2017,Bahrain Grand Prix,Pascal Wehrlein,Sauber,13,13,11,0.0,11
2017,Bahrain Grand Prix,Esteban Ocon,Force India,14,14,10,1.0,1
2017,Bahrain Grand Prix,Fernando Alonso,McLaren,15,15,14,0.0,131
2017,Bahrain Grand Prix,Carlos Sainz,Toro Rosso,16,16,16,0.0,4
2017,Bahrain Grand Prix,Stoffel Vandoorne,McLaren,17,17,20,0.0,131
2017,Bahrain Grand Prix,Sergio Pérez,Force India,18,18,7,6.0,1
2017,Bahrain Grand Prix,Marcus Ericsson,Sauber,19,19,15,0.0,6
2017,Bahrain Grand Prix,Kevin Magnussen,Haas F1 Team,20,20,19,0.0,10
2017,Russian Grand Prix,Sebastian Vettel,Ferrari,1,1,2,18.0,1
2017,Russian Grand Prix,Kimi Räikkönen,Ferrari,2,2,3,15.0,1
2017,Russian Grand Prix,Valtteri Bottas,Mercedes,3,3,1,25.0,1
2017,Russian Grand Prix,Lewis Hamilton,Mercedes,4,4,4,12.0,1
2017,Russian Grand Prix,Daniel Ricciardo,Red Bull,5,5,17,0.0,23
2017,Russian Grand Prix,Felipe Massa,Williams,6,6,9,2.0,11
2017,Russian Grand Prix,Max Verstappen,Red Bull,7,7,5,10.0,1
2017,Russian Grand Prix,Nico Hülkenberg,Renault,8,8,8,4.0,1
2017,Russian Grand Prix,Sergio Pérez,Force India,9,9,6,8.0,1
2017,Russian Grand Prix,Esteban Ocon,Force India,10,10,7,6.0,1
2017,Russian Grand Prix,Carlos Sainz,Toro Rosso,11,14,10,1.0,11
2017,Russian Grand Prix,Lance Stroll,Williams,12,11,11,0.0,11
2017,Russian Grand Prix,Daniil Kvyat,Toro Rosso,13,12,12,0.0,11
2017,Russian Grand Prix,Kevin Magnussen,Haas F1 Team,14,13,13,0.0,11
2017,Russian Grand Prix,Fernando Alonso,McLaren,15,15,20,0.0,131
2017,Russian Grand Prix,Jolyon Palmer,Renault,16,16,18,0.0,4
2017,Russian Grand Prix,Stoffel Vandoorne,McLaren,17,20,14,0.0,11
2017,Russian Grand Prix,Pascal Wehrlein,Sauber,18,17,16,0.0,12
2017,Russian Grand Prix,Marcus Ericsson,Sauber,19,18,15,0.0,11
2017,Russian Grand Prix,Romain Grosjean,Haas F1 Team,20,19,19,0.0,4
2017,Spanish Grand Prix,Lewis Hamilton,Mercedes,1,1,1,25.0,1
2017,Spanish Grand Prix,Sebastian Vettel,Ferrari,2,2,2,18.0,1
2017,Spanish Grand Prix,Valtteri Bottas,Mercedes,3,3,17,0.0,131
2017,Spanish Grand Prix,Kimi Räikkönen,Ferrari,4,4,20,0.0,130
2017,Spanish Grand Prix,Max Verstappen,Red Bull,5,5,19,0.0,130
2017,Spanish Grand Prix,Daniel Ricciardo,Red Bull,6,6,3,15.0,1
2017,Spanish Grand Prix,Fernando Alonso,McLaren,7,7,12,0.0,12
2017,Spanish Grand Prix,Sergio Pérez,Force India,8,8,4,12.0,11
2017,Spanish Grand Prix,Felipe Massa,Williams,9,9,13,0.0,12
2017,Spanish Grand Prix,Esteban Ocon,Force India,10,10,5,10.0,11
2017,Spanish Grand Prix,Kevin Magnussen,Haas F1 Team,11,11,14,0.0,12
2017,Spanish Grand Prix,Carlos Sainz,Toro Rosso,12,12,7,6.0,11
2017,Spanish Grand Prix,Nico Hülkenberg,Renault,13,13,6,8.0,11
2017,Spanish Grand Prix,Romain Grosjean,Haas F1 Team,14,14,10,1.0,11
2017,Spanish Grand Prix,Pascal Wehrlein,Sauber,15,15,8,4.0,11
2017,Spanish Grand Prix,Marcus Ericsson,Sauber,16,16,11,0.0,12
2017,Spanish Grand Prix,Jolyon Palmer,Renault,17,17,15,0.0,12
2017,Spanish Grand Prix,Lance Stroll,Williams,18,18,16,0.0,12
2017,Spanish Grand Prix,Stoffel Vandoorne,McLaren,19,20,18,0.0,4
2017,Spanish Grand Prix,Daniil Kvyat,Toro Rosso,20,19,9,2.0,11
2017,Monaco Grand Prix,Kimi Räikkönen,Ferrari,1,1,2,18.0,1
2017,Monaco Grand Prix,Sebastian Vettel,Ferrari,2,2,1,25.0,1
2017,Monaco Grand Prix,Valtteri Bottas,Mercedes,3,3,4,12.0,1
2017,Monaco Grand Prix,Max Verstappen,Red Bull,4,4,5,10.0,1
2017,Monaco Grand Prix,Daniel Ricciardo,Red Bull,5,5,3,15.0,1
2017,Monaco Grand Prix,Carlos Sainz,Toro Rosso,6,6,6,8.0,1
2017,Monaco Grand Prix,Sergio Pérez,Force India,7,7,13,0.0,1
2017,Monaco Grand Prix,Romain Grosjean,Haas F1 Team,8,8,8,4.0,1
2017,Monaco Grand Prix,Jenson Button,McLaren,9,20,18,0.0,130
2017,Monaco Grand Prix,Stoffel Vandoorne,McLaren,10,12,16,0.0,3
2017,Monaco Grand Prix,Daniil Kvyat,Toro Rosso,11,9,14,0.0,130
2017,Monaco Grand Prix,Nico Hülkenberg,Renault,12,10,20,0.0,6
2017,Monaco Grand Prix,Kevin Magnussen,Haas F1 Team,13,11,10,1.0,1
2017,Monaco Grand Prix,Lewis Hamilton,Mercedes,14,13,7,6.0,1
2017,Monaco Grand Prix,Felipe Massa,Williams,15,14,9,2.0,1
2017,Monaco Grand Prix,Esteban Ocon,Force India,16,15,12,0.0,1
2017,Monaco Grand Prix,Jolyon Palmer,Renault,17,16,11,0.0,1
2017,Monaco Grand Prix,Lance Stroll,Williams,18,17,15,0.0,23
2017,Monaco Grand Prix,Pascal Wehrlein,Sauber,19,18,19,0.0,4
2017,Monaco Grand Prix,Marcus Ericsson,Sauber,20,19,17,0.0,3
2017,Canadian Grand Prix,Lewis Hamilton,Mercedes,1,1,1,25.0,1
2017,Canadian Grand Prix,Sebastian Vettel,Ferrari,2,2,4,12.0,1
2017,Canadian Grand Prix,Valtteri Bottas,Mercedes,3,3,2,18.0,1
2017,Canadian Grand Prix,Kimi Räikkönen,Ferrari,4,4,7,6.0,1
2017,Canadian Grand Prix,Max Verstappen,Red Bull,5,5,18,0.0,10
2017,Canadian Grand Prix,Daniel Ricciardo,Red Bull,6,6,3,15.0,1
2017,Canadian Grand Prix,Felipe Massa,Williams,7,7,19,0.0,4
2017,Canadian Grand Prix,Sergio Pérez,Force India,8,8,5,10.0,1
2017,Canadian Grand Prix,Esteban Ocon,Force India,9,9,6,8.0,1
2017,Canadian Grand Prix,Nico Hülkenberg,Renault,10,10,8,4.0,1
2017,Canadian Grand Prix,Daniil Kvyat,Toro Rosso,11,11,17,0.0,131
2017,Canadian Grand Prix,Fernando Alonso,McLaren,12,12,16,0.0,131
2017,Canadian Grand Prix,Carlos Sainz,Toro Rosso,13,13,20,0.0,4
2017,Canadian Grand Prix,Romain Grosjean,Haas F1 Team,14,14,10,1.0,11
2017,Canadian Grand Prix,Jolyon Palmer,Renault,15,15,11,0.0,11
2017,Canadian Grand Prix,Stoffel Vandoorne,McLaren,16,16,14,0.0,11
2017,Canadian Grand Prix,Lance Stroll,Williams,17,17,9,2.0,11
2017,Canadian Grand Prix,Kevin Magnussen,Haas F1 Team,18,18,12,0.0,11
2017,Canadian Grand Prix,Marcus Ericsson,Sauber,19,19,13,0.0,11
2017,Canadian Grand Prix,Pascal Wehrlein,Sauber,20,20,15,0.0,12
2017,Azerbaijan Grand Prix,Lewis Hamilton,Mercedes,1,1,5,10.0,1
2017,Azerbaijan Grand Prix,Valtteri Bottas,Mercedes,2,2,2,18.0,1
2017,Azerbaijan Grand Prix,Kimi Räikkönen,Ferrari,3,3,14,0.0,34
2017,Azerbaijan Grand Prix,Sebastian Vettel,Ferrari,4,4,4,12.0,1
2017,Azerbaijan Grand Prix,Max Verstappen,Red Bull,5,5,18,0.0,51
2017,Azerbaijan Grand Prix,Sergio Pérez,Force India,6,6,15,0.0,136
2017,Azerbaijan Grand Prix,Esteban Ocon,Force India,7,7,6,8.0,1
2017,Azerbaijan Grand Prix,Lance Stroll,Williams,8,8,3,15.0,1
2017,Azerbaijan Grand Prix,Felipe Massa,Williams,9,9,16,0.0,22
2017,Azerbaijan Grand Prix,Daniel Ricciardo,Red Bull,10,10,1,25.0,1
2017,Azerbaijan Grand Prix,Daniil Kvyat,Toro Rosso,11,11,19,0.0,84
2017,Azerbaijan Grand Prix,Carlos Sainz,Toro Rosso,12,15,8,4.0,1
2017,Azerbaijan Grand Prix,Kevin Magnussen,Haas F1 Team,13,12,7,6.0,1
2017,Azerbaijan Grand Prix,Nico Hülkenberg,Renault,14,13,17,0.0,3
2017,Azerbaijan Grand Prix,Pascal Wehrlein,Sauber,15,14,10,1.0,1
2017,Azerbaijan Grand Prix,Fernando Alonso,McLaren,16,19,9,2.0,1
2017,Azerbaijan Grand Prix,Romain Grosjean,Haas F1 Team,17,16,13,0.0,11
2017,Azerbaijan Grand Prix,Marcus Ericsson,Sauber,18,17,11,0.0,1
2017,Azerbaijan Grand Prix,Stoffel Vandoorne,McLaren,19,18,12,0.0,1
2003,Monaco Grand Prix,Jenson Button,BAR,20,20,20,0.0,73
2017,Austrian Grand Prix,Valtteri Bottas,Mercedes,1,1,1,25.0,1
2017,Austrian Grand Prix,Sebastian Vettel,Ferrari,2,2,2,18.0,1
2017,Austrian Grand Prix,Lewis Hamilton,Mercedes,3,8,4,12.0,1
2017,Austrian Grand Prix,Kimi Räikkönen,Ferrari,4,3,5,10.0,1
2017,Austrian Grand Prix,Daniel Ricciardo,Red Bull,5,4,3,15.0,1
2017,Austrian Grand Prix,Max Verstappen,Red Bull,6,5,20,0.0,130
2017,Austrian Grand Prix,Romain Grosjean,Haas F1 Team,7,6,6,8.0,1
2017,Austrian Grand Prix,Sergio Pérez,Force India,8,7,7,6.0,11
2017,Austrian Grand Prix,Esteban Ocon,Force India,9,9,8,4.0,11
2017,Austrian Grand Prix,Carlos Sainz,Toro Rosso,10,10,17,0.0,5
2017,Austrian Grand Prix,Nico Hülkenberg,Renault,11,11,13,0.0,11
2017,Austrian Grand Prix,Fernando Alonso,McLaren,12,12,19,0.0,130
2017,Austrian Grand Prix,Stoffel Vandoorne,McLaren,13,13,12,0.0,11
2017,Austrian Grand Prix,Daniil Kvyat,Toro Rosso,14,14,16,0.0,13
2017,Austrian Grand Prix,Kevin Magnussen,Haas F1 Team,15,15,18,0.0,9
2017,Austrian Grand Prix,Jolyon Palmer,Renault,16,16,11,0.0,11
2017,Austrian Grand Prix,Felipe Massa,Williams,17,17,9,2.0,11
2017,Austrian Grand Prix,Lance Stroll,Williams,18,18,10,1.0,11
2017,Austrian Grand Prix,Marcus Ericsson,Sauber,19,19,15,0.0,12
2017,Austrian Grand Prix,Pascal Wehrlein,Sauber,20,20,14,0.0,11
2017,British Grand Prix,Lewis Hamilton,Mercedes,1,1,1,25.0,1
2017,British Grand Prix,Kimi Räikkönen,Ferrari,2,2,3,15.0,1
2017,British Grand Prix,Sebastian Vettel,Ferrari,3,3,7,6.0,1
2017,British Grand Prix,Valtteri Bottas,Mercedes,4,9,2,18.0,1
2017,British Grand Prix,Max Verstappen,Red Bull,5,4,4,12.0,1
2017,British Grand Prix,Nico Hülkenberg,Renault,6,5,6,8.0,1
2017,British Grand Prix,Sergio Pérez,Force India,7,6,9,2.0,11
2017,British Grand Prix,Esteban Ocon,Force India,8,7,8,4.0,11
2017,British Grand Prix,Stoffel Vandoorne,McLaren,9,8,11,0.0,11
2017,British Grand Prix,Romain Grosjean,Haas F1 Team,10,10,13,0.0,11
2017,British Grand Prix,Jolyon Palmer,Renault,11,11,20,0.0,9
2017,British Grand Prix,Daniil Kvyat,Toro Rosso,12,12,15,0.0,11
2017,British Grand Prix,Fernando Alonso,McLaren,13,20,18,0.0,131
2017,British Grand Prix,Carlos Sainz,Toro Rosso,14,13,19,0.0,130
2017,British Grand Prix,Felipe Massa,Williams,15,14,10,1.0,11
2017,British Grand Prix,Lance Stroll,Williams,16,15,16,0.0,11
2017,British Grand Prix,Kevin Magnussen,Haas F1 Team,17,16,12,0.0,11
2017,British Grand Prix,Pascal Wehrlein,Sauber,18,17,17,0.0,11
2017,British Grand Prix,Marcus Ericsson,Sauber,19,18,14,0.0,11
2017,British Grand Prix,Daniel Ricciardo,Red Bull,20,19,5,10.0,1
2017,Hungarian Grand Prix,Sebastian Vettel,Ferrari,1,1,1,25.0,1
2017,Hungarian Grand Prix,Kimi Räikkönen,Ferrari,2,2,2,18.0,1
2017,Hungarian Grand Prix,Valtteri Bottas,Mercedes,3,3,3,15.0,1
2017,Hungarian Grand Prix,Lewis Hamilton,Mercedes,4,4,4,12.0,1
2017,Hungarian Grand Prix,Max Verstappen,Red Bull,5,5,5,10.0,1
2017,Hungarian Grand Prix,Daniel Ricciardo,Red Bull,6,6,20,0.0,4
2017,Hungarian Grand Prix,Nico Hülkenberg,Renault,7,12,17,0.0,23
2017,Hungarian Grand Prix,Fernando Alonso,McLaren,8,7,6,8.0,1
2017,Hungarian Grand Prix,Stoffel Vandoorne,McLaren,9,8,10,1.0,11
2017,Hungarian Grand Prix,Carlos Sainz,Toro Rosso,10,9,7,6.0,11
2017,Hungarian Grand Prix,Jolyon Palmer,Renault,11,10,12,0.0,11
2017,Hungarian Grand Prix,Esteban Ocon,Force India,12,11,9,2.0,11
2017,Hungarian Grand Prix,Daniil Kvyat,Toro Rosso,13,16,11,0.0,11
2017,Hungarian Grand Prix,Sergio Pérez,Force India,14,13,8,4.0,11
2017,Hungarian Grand Prix,Romain Grosjean,Haas F1 Team,15,14,19,0.0,61
2017,Hungarian Grand Prix,Kevin Magnussen,Haas F1 Team,16,15,13,0.0,11
2017,Hungarian Grand Prix,Lance Stroll,Williams,17,17,14,0.0,11
2017,Hungarian Grand Prix,Pascal Wehrlein,Sauber,18,18,15,0.0,12
2017,Hungarian Grand Prix,Paul di Resta,Williams,19,19,18,0.0,44
2017,Hungarian Grand Prix,Marcus Ericsson,Sauber,20,20,16,0.0,12
2017,Belgian Grand Prix,Lewis Hamilton,Mercedes,1,1,1,25.0,1
2017,Belgian Grand Prix,Sebastian Vettel,Ferrari,2,2,2,18.0,1
2017,Belgian Grand Prix,Valtteri Bottas,Mercedes,3,3,5,10.0,1
2017,Belgian Grand Prix,Kimi Räikkönen,Ferrari,4,4,4,12.0,1
2017,Belgian Grand Prix,Max Verstappen,Red Bull,5,5,19,0.0,5
2017,Belgian Grand Prix,Daniel Ricciardo,Red Bull,6,6,3,15.0,1
2017,Belgian Grand Prix,Nico Hülkenberg,Renault,7,7,6,8.0,1
2017,Belgian Grand Prix,Sergio Pérez,Force India,8,8,17,0.0,6
2017,Belgian Grand Prix,Esteban Ocon,Force India,9,9,9,2.0,1
2017,Belgian Grand Prix,Jolyon Palmer,Renault,10,14,13,0.0,1
2017,Belgian Grand Prix,Fernando Alonso,McLaren,11,10,18,0.0,5
2017,Belgian Grand Prix,Romain Grosjean,Haas F1 Team,12,11,7,6.0,1
2017,Belgian Grand Prix,Kevin Magnussen,Haas F1 Team,13,12,15,0.0,1
2017,Belgian Grand Prix,Carlos Sainz,Toro Rosso,14,13,10,1.0,1
2017,Belgian Grand Prix,Stoffel Vandoorne,McLaren,15,20,14,0.0,1
2017,Belgian Grand Prix,Felipe Massa,Williams,16,16,8,4.0,1
2017,Belgian Grand Prix,Daniil Kvyat,Toro Rosso,17,19,12,0.0,1
2017,Belgian Grand Prix,Lance Stroll,Williams,18,15,11,0.0,1
2017,Belgian Grand Prix,Marcus Ericsson,Sauber,19,17,16,0.0,1
2017,Belgian Grand Prix,Pascal Wehrlein,Sauber,20,18,20,0.0,4
2017,Italian Grand Prix,Lewis Hamilton,Mercedes,1,1,1,25.0,1
2017,Italian Grand Prix,Max Verstappen,Red Bull,2,13,10,1.0,11
2017,Italian Grand Prix,Daniel Ricciardo,Red Bull,3,16,4,12.0,1
2017,Italian Grand Prix,Lance Stroll,Williams,4,2,7,6.0,1
2017,Italian Grand Prix,Esteban Ocon,Force India,5,3,6,8.0,1
2017,Italian Grand Prix,Valtteri Bottas,Mercedes,6,4,2,18.0,1
2017,Italian Grand Prix,Kimi Räikkönen,Ferrari,7,5,5,10.0,1
2017,Italian Grand Prix,Sebastian Vettel,Ferrari,8,6,3,15.0,1
2017,Italian Grand Prix,Felipe Massa,Williams,9,7,8,4.0,1
2017,Italian Grand Prix,Stoffel Vandoorne,McLaren,10,18,19,0.0,5
2017,Italian Grand Prix,Sergio Pérez,Force India,11,10,9,2.0,1
2017,Italian Grand Prix,Nico Hülkenberg,Renault,12,14,13,0.0,11
2017,Italian Grand Prix,Fernando Alonso,McLaren,13,19,17,0.0,6
2017,Italian Grand Prix,Daniil Kvyat,Toro Rosso,14,8,12,0.0,11
2017,Italian Grand Prix,Carlos Sainz,Toro Rosso,15,15,14,0.0,11
2017,Italian Grand Prix,Kevin Magnussen,Haas F1 Team,16,9,11,0.0,11
2017,Italian Grand Prix,Jolyon Palmer,Renault,17,17,20,0.0,5
2017,Italian Grand Prix,Marcus Ericsson,Sauber,18,11,18,0.0,6
2017,Italian Grand Prix,Pascal Wehrlein,Sauber,19,12,16,0.0,12
2017,Italian Grand Prix,Romain Grosjean,Haas F1 Team,20,20,15,0.0,11
2017,Singapore Grand Prix,Sebastian Vettel,Ferrari,1,1,18,0.0,3
2017,Singapore Grand Prix,Max Verstappen,Red Bull,2,2,19,0.0,3
2017,Singapore Grand Prix,Daniel Ricciardo,Red Bull,3,3,2,18.0,1
2017,Singapore Grand Prix,Kimi Räikkönen,Ferrari,4,4,20,0.0,3
2017,Singapore Grand Prix,Lewis Hamilton,Mercedes,5,5,1,25.0,1
2017,Singapore Grand Prix,Valtteri Bottas,Mercedes,6,6,3,15.0,1
2017,Singapore Grand Prix,Nico Hülkenberg,Renault,7,7,14,0.0,5
2017,Singapore Grand Prix,Fernando Alonso,McLaren,8,8,17,0.0,130
2017,Singapore Grand Prix,Stoffel Vandoorne,McLaren,9,9,7,6.0,1
2017,Singapore Grand Prix,Carlos Sainz,Toro Rosso,10,10,4,12.0,1
2017,Singapore Grand Prix,Jolyon Palmer,Renault,11,11,6,8.0,1
2017,Singapore Grand Prix,Sergio Pérez,Force India,12,12,5,10.0,1
2017,Singapore Grand Prix,Daniil Kvyat,Toro Rosso,13,13,16,0.0,3
2017,Singapore Grand Prix,Esteban Ocon,Force India,14,14,10,1.0,1
2017,Singapore Grand Prix,Romain Grosjean,Haas F1 Team,15,15,9,2.0,1
2017,Singapore Grand Prix,Kevin Magnussen,Haas F1 Team,16,16,13,0.0,5
2017,Singapore Grand Prix,Felipe Massa,Williams,17,17,11,0.0,1
2017,Singapore Grand Prix,Lance Stroll,Williams,18,18,8,4.0,1
2017,Singapore Grand Prix,Pascal Wehrlein,Sauber,19,19,12,0.0,12
2017,Singapore Grand Prix,Marcus Ericsson,Sauber,20,20,15,0.0,3
2017,Malaysian Grand Prix,Lewis Hamilton,Mercedes,1,1,2,18.0,1
2017,Malaysian Grand Prix,Kimi Räikkönen,Ferrari,2,0,20,0.0,84
2017,Malaysian Grand Prix,Max Verstappen,Red Bull,3,3,1,25.0,1
2017,Malaysian Grand Prix,Daniel Ricciardo,Red Bull,4,4,3,15.0,1
2017,Malaysian Grand Prix,Sebastian Vettel,Ferrari,20,20,4,12.0,1
2017,Malaysian Grand Prix,Esteban Ocon,Force India,6,6,10,1.0,11
2017,Malaysian Grand Prix,Stoffel Vandoorne,McLaren,7,7,7,6.0,11
2017,Malaysian Grand Prix,Nico Hülkenberg,Renault,8,8,16,0.0,11
2017,Malaysian Grand Prix,Sergio Pérez,Force India,9,9,6,8.0,1
2017,Malaysian Grand Prix,Fernando Alonso,McLaren,10,10,11,0.0,11
2017,Malaysian Grand Prix,Felipe Massa,Williams,11,11,9,2.0,11
2017,Malaysian Grand Prix,Jolyon Palmer,Renault,12,12,15,0.0,11
2017,Malaysian Grand Prix,Lance Stroll,Williams,13,13,8,4.0,11
2017,Malaysian Grand Prix,Carlos Sainz,Toro Rosso,14,14,19,0.0,5
2017,Malaysian Grand Prix,Pierre Gasly,Toro Rosso,15,15,14,0.0,11
2017,Malaysian Grand Prix,Romain Grosjean,Haas F1 Team,16,16,13,0.0,11
2017,Malaysian Grand Prix,Kevin Magnussen,Haas F1 Team,17,17,12,0.0,11
2017,Malaysian Grand Prix,Pascal Wehrlein,Sauber,18,18,17,0.0,11
2017,Malaysian Grand Prix,Marcus Ericsson,Sauber,19,19,18,0.0,12
2017,Malaysian Grand Prix,Valtteri Bottas,Mercedes,5,5,5,10.0,1
2017,Japanese Grand Prix,Lewis Hamilton,Mercedes,1,1,1,25.0,1
2017,Japanese Grand Prix,Valtteri Bottas,Mercedes,2,6,4,12.0,1
2017,Japanese Grand Prix,Sebastian Vettel,Ferrari,3,2,19,0.0,105
2017,Japanese Grand Prix,Daniel Ricciardo,Red Bull,4,3,3,15.0,1
2017,Japanese Grand Prix,Max Verstappen,Red Bull,5,4,2,18.0,1
2017,Japanese Grand Prix,Kimi Räikkönen,Ferrari,6,10,5,10.0,1
2017,Japanese Grand Prix,Esteban Ocon,Force India,7,5,6,8.0,1
2017,Japanese Grand Prix,Sergio Pérez,Force India,8,7,7,6.0,1
2017,Japanese Grand Prix,Felipe Massa,Williams,9,8,10,1.0,11
2017,Japanese Grand Prix,Fernando Alonso,McLaren,10,20,11,0.0,11
2017,Japanese Grand Prix,Stoffel Vandoorne,McLaren,11,9,14,0.0,11
2017,Japanese Grand Prix,Nico Hülkenberg,Renault,12,11,17,0.0,33
2017,Japanese Grand Prix,Kevin Magnussen,Haas F1 Team,13,12,8,4.0,1
2017,Japanese Grand Prix,Jolyon Palmer,Renault,14,18,12,0.0,11
2017,Japanese Grand Prix,Carlos Sainz,Toro Rosso,15,19,20,0.0,3
2017,Japanese Grand Prix,Romain Grosjean,Haas F1 Team,16,13,9,2.0,1
2017,Japanese Grand Prix,Pierre Gasly,Toro Rosso,17,14,13,0.0,11
2017,Japanese Grand Prix,Lance Stroll,Williams,18,15,16,0.0,36
2017,Japanese Grand Prix,Marcus Ericsson,Sauber,19,16,18,0.0,3
2017,Japanese Grand Prix,Pascal Wehrlein,Sauber,20,17,15,0.0,12
2017,United States Grand Prix,Lewis Hamilton,Mercedes,1,1,1,25.0,1
2017,United States Grand Prix,Sebastian Vettel,Ferrari,2,2,2,18.0,1
2017,United States Grand Prix,Valtteri Bottas,Mercedes,3,3,5,10.0,1
2017,United States Grand Prix,Daniel Ricciardo,Red Bull,4,4,18,0.0,5
2017,United States Grand Prix,Kimi Räikkönen,Ferrari,5,5,3,15.0,1
2017,United States Grand Prix,Max Verstappen,Red Bull,6,16,4,12.0,1
2017,United States Grand Prix,Esteban Ocon,Force India,7,6,6,8.0,1
2017,United States Grand Prix,Carlos Sainz,Renault,8,7,7,6.0,1
2017,United States Grand Prix,Fernando Alonso,McLaren,9,8,17,0.0,5
2017,United States Grand Prix,Sergio Pérez,Force India,10,9,8,4.0,11
2017,United States Grand Prix,Felipe Massa,Williams,11,10,9,2.0,11
2017,United States Grand Prix,Daniil Kvyat,Toro Rosso,12,11,10,1.0,11
2017,United States Grand Prix,Stoffel Vandoorne,McLaren,13,20,12,0.0,11
2017,United States Grand Prix,Romain Grosjean,Haas F1 Team,14,12,14,0.0,11
2017,United States Grand Prix,Nico Hülkenberg,Renault,15,18,20,0.0,5
2017,United States Grand Prix,Marcus Ericsson,Sauber,16,13,15,0.0,11
2017,United States Grand Prix,Lance Stroll,Williams,17,15,11,0.0,11
2017,United States Grand Prix,Brendon Hartley,Toro Rosso,18,19,13,0.0,11
2017,United States Grand Prix,Pascal Wehrlein,Sauber,19,14,19,0.0,4
2017,United States Grand Prix,Kevin Magnussen,Haas F1 Team,20,17,16,0.0,11
2017,Mexican Grand Prix,Sebastian Vettel,Ferrari,1,1,4,12.0,1
2017,Mexican Grand Prix,Max Verstappen,Red Bull,2,2,1,25.0,1
2017,Mexican Grand Prix,Lewis Hamilton,Mercedes,3,3,9,2.0,11
2017,Mexican Grand Prix,Valtteri Bottas,Mercedes,4,4,2,18.0,1
2017,Mexican Grand Prix,Kimi Räikkönen,Ferrari,5,5,3,15.0,1
2017,Mexican Grand Prix,Esteban Ocon,Force India,6,6,5,10.0,11
2017,Mexican Grand Prix,Daniel Ricciardo,Red Bull,7,16,20,0.0,5
2017,Mexican Grand Prix,Nico Hülkenberg,Renault,8,7,19,0.0,10
2017,Mexican Grand Prix,Carlos Sainz,Renault,9,8,16,0.0,5
2017,Mexican Grand Prix,Sergio Pérez,Force India,10,9,7,6.0,11
2017,Mexican Grand Prix,Felipe Massa,Williams,11,10,11,0.0,11
2017,Mexican Grand Prix,Lance Stroll,Williams,12,11,6,8.0,11
2017,Mexican Grand Prix,Brendon Hartley,Toro Rosso,13,17,18,0.0,5
2017,Mexican Grand Prix,Fernando Alonso,McLaren,14,18,10,1.0,11
2017,Mexican Grand Prix,Stoffel Vandoorne,McLaren,15,19,12,0.0,11
2017,Mexican Grand Prix,Marcus Ericsson,Sauber,16,12,17,0.0,5
2017,Mexican Grand Prix,Pascal Wehrlein,Sauber,17,13,14,0.0,12
2017,Mexican Grand Prix,Kevin Magnussen,Haas F1 Team,18,14,8,4.0,11
2017,Mexican Grand Prix,Romain Grosjean,Haas F1 Team,19,15,15,0.0,12
2017,Brazilian Grand Prix,Valtteri Bottas,Mercedes,1,1,2,18.0,1
2017,Brazilian Grand Prix,Sebastian Vettel,Ferrari,2,2,1,25.0,1
2017,Brazilian Grand Prix,Kimi Räikkönen,Ferrari,3,3,3,15.0,1
2017,Brazilian Grand Prix,Max Verstappen,Red Bull,4,4,5,10.0,1
2017,Brazilian Grand Prix,Daniel Ricciardo,Red Bull,5,14,6,8.0,1
2017,Brazilian Grand Prix,Sergio Pérez,Force India,6,5,9,2.0,1
2017,Brazilian Grand Prix,Fernando Alonso,McLaren,7,6,8,4.0,1
2017,Brazilian Grand Prix,Nico Hülkenberg,Renault,8,7,10,1.0,11
2017,Brazilian Grand Prix,Carlos Sainz,Renault,9,8,11,0.0,11
2017,Brazilian Grand Prix,Felipe Massa,Williams,10,9,7,6.0,1
2017,Brazilian Grand Prix,Esteban Ocon,Force India,11,10,18,0.0,3
2017,Brazilian Grand Prix,Romain Grosjean,Haas F1 Team,12,11,15,0.0,12
2017,Brazilian Grand Prix,Stoffel Vandoorne,McLaren,13,12,19,0.0,3
2017,Brazilian Grand Prix,Kevin Magnussen,Haas F1 Team,14,13,20,0.0,3
2017,Brazilian Grand Prix,Brendon Hartley,Toro Rosso,15,18,17,0.0,5
2017,Brazilian Grand Prix,Pascal Wehrlein,Sauber,16,15,14,0.0,11
2017,Brazilian Grand Prix,Pierre Gasly,Toro Rosso,17,19,12,0.0,11
2017,Brazilian Grand Prix,Lance Stroll,Williams,18,16,16,0.0,12
2017,Brazilian Grand Prix,Marcus Ericsson,Sauber,19,17,13,0.0,11
2017,Abu Dhabi Grand Prix,Valtteri Bottas,Mercedes,1,1,1,25.0,1
2017,Brazilian Grand Prix,Lewis Hamilton,Mercedes,20,20,4,12.0,1
2017,Abu Dhabi Grand Prix,Lewis Hamilton,Mercedes,2,2,2,18.0,1
2017,Abu Dhabi Grand Prix,Sebastian Vettel,Ferrari,3,3,3,15.0,1
2017,Abu Dhabi Grand Prix,Daniel Ricciardo,Red Bull,4,4,20,0.0,9
2017,Abu Dhabi Grand Prix,Kimi Räikkönen,Ferrari,5,5,4,12.0,1
2017,Abu Dhabi Grand Prix,Max Verstappen,Red Bull,6,6,5,10.0,1
2017,Abu Dhabi Grand Prix,Nico Hülkenberg,Renault,7,7,6,8.0,1
2017,Abu Dhabi Grand Prix,Sergio Pérez,Force India,8,8,7,6.0,1
2017,Abu Dhabi Grand Prix,Esteban Ocon,Force India,9,9,8,4.0,1
2017,Abu Dhabi Grand Prix,Felipe Massa,Williams,10,10,10,1.0,11
2017,Abu Dhabi Grand Prix,Fernando Alonso,McLaren,11,11,9,2.0,11
2017,Abu Dhabi Grand Prix,Carlos Sainz,Renault,12,12,19,0.0,36
2017,Abu Dhabi Grand Prix,Stoffel Vandoorne,McLaren,13,13,12,0.0,11
2017,Abu Dhabi Grand Prix,Kevin Magnussen,Haas F1 Team,14,14,13,0.0,11
2017,Abu Dhabi Grand Prix,Lance Stroll,Williams,15,15,18,0.0,11
2017,Abu Dhabi Grand Prix,Romain Grosjean,Haas F1 Team,16,16,11,0.0,11
2017,Abu Dhabi Grand Prix,Pierre Gasly,Toro Rosso,17,17,16,0.0,11
2017,Abu Dhabi Grand Prix,Pascal Wehrlein,Sauber,18,18,14,0.0,11
2017,Abu Dhabi Grand Prix,Marcus Ericsson,Sauber,19,19,17,0.0,11
2017,Abu Dhabi Grand Prix,Brendon Hartley,Toro Rosso,20,20,15,0.0,11
2018,Australian Grand Prix,Lewis Hamilton,Mercedes,1,1,2,18.0,1
2018,Australian Grand Prix,Kimi Räikkönen,Ferrari,2,2,3,15.0,1
2018,Australian Grand Prix,Sebastian Vettel,Ferrari,3,3,1,25.0,1
2018,Australian Grand Prix,Max Verstappen,Red Bull,4,4,6,8.0,1
2018,Australian Grand Prix,Daniel Ricciardo,Red Bull,5,8,4,12.0,1
2018,Australian Grand Prix,Kevin Magnussen,Haas F1 Team,6,5,17,0.0,36
2018,Australian Grand Prix,Romain Grosjean,Haas F1 Team,7,6,16,0.0,36
2018,Australian Grand Prix,Nico Hülkenberg,Renault,8,7,7,6.0,1
2018,Australian Grand Prix,Carlos Sainz,Renault,9,9,10,1.0,1
2018,Australian Grand Prix,Valtteri Bottas,Mercedes,10,15,8,4.0,1
2018,Australian Grand Prix,Fernando Alonso,McLaren,11,10,5,10.0,1
2018,Australian Grand Prix,Stoffel Vandoorne,McLaren,12,11,9,2.0,1
2018,Australian Grand Prix,Sergio Pérez,Force India,13,12,11,0.0,1
2018,Australian Grand Prix,Lance Stroll,Williams,14,13,14,0.0,1
2018,Australian Grand Prix,Esteban Ocon,Force India,15,14,12,0.0,1
2018,Australian Grand Prix,Brendon Hartley,Toro Rosso,16,16,15,0.0,11
2018,Australian Grand Prix,Marcus Ericsson,Sauber,17,17,19,0.0,38
2018,Australian Grand Prix,Charles Leclerc,Sauber,18,18,13,0.0,1
2018,Australian Grand Prix,Sergey Sirotkin,Williams,19,19,20,0.0,23
2018,Australian Grand Prix,Pierre Gasly,Toro Rosso,20,20,18,0.0,5
2018,Bahrain Grand Prix,Sebastian Vettel,Ferrari,1,1,1,25.0,1
2018,Bahrain Grand Prix,Kimi Räikkönen,Ferrari,2,2,18,0.0,36
2018,Bahrain Grand Prix,Valtteri Bottas,Mercedes,3,3,2,18.0,1
2018,Bahrain Grand Prix,Lewis Hamilton,Mercedes,4,9,3,15.0,1
2018,Bahrain Grand Prix,Daniel Ricciardo,Red Bull,5,4,20,0.0,10
2018,Bahrain Grand Prix,Pierre Gasly,Toro Rosso,6,5,4,12.0,1
2018,Bahrain Grand Prix,Kevin Magnussen,Haas F1 Team,7,6,5,10.0,1
2018,Bahrain Grand Prix,Nico Hülkenberg,Renault,8,7,6,8.0,1
2018,Bahrain Grand Prix,Esteban Ocon,Force India,9,8,10,1.0,11
2018,Bahrain Grand Prix,Carlos Sainz,Renault,10,10,11,0.0,11
2018,Bahrain Grand Prix,Brendon Hartley,Toro Rosso,11,11,17,0.0,11
2018,Bahrain Grand Prix,Sergio Pérez,Force India,12,12,16,0.0,11
2018,Bahrain Grand Prix,Fernando Alonso,McLaren,13,13,7,6.0,11
2018,Bahrain Grand Prix,Stoffel Vandoorne,McLaren,14,14,8,4.0,11
2018,Bahrain Grand Prix,Max Verstappen,Red Bull,15,15,19,0.0,29
2018,Bahrain Grand Prix,Romain Grosjean,Haas F1 Team,16,16,13,0.0,11
2018,Bahrain Grand Prix,Marcus Ericsson,Sauber,17,17,9,2.0,11
2018,Bahrain Grand Prix,Sergey Sirotkin,Williams,18,18,15,0.0,11
2018,Bahrain Grand Prix,Charles Leclerc,Sauber,19,19,12,0.0,11
2018,Bahrain Grand Prix,Lance Stroll,Williams,20,20,14,0.0,11
2018,Chinese Grand Prix,Sebastian Vettel,Ferrari,1,1,8,4.0,1
2018,Chinese Grand Prix,Kimi Räikkönen,Ferrari,2,2,3,15.0,1
2018,Chinese Grand Prix,Valtteri Bottas,Mercedes,3,3,2,18.0,1
2018,Chinese Grand Prix,Lewis Hamilton,Mercedes,4,4,4,12.0,1
2018,Chinese Grand Prix,Max Verstappen,Red Bull,5,5,5,10.0,1
2018,Chinese Grand Prix,Daniel Ricciardo,Red Bull,6,6,1,25.0,1
2018,Chinese Grand Prix,Nico Hülkenberg,Renault,7,7,6,8.0,1
2018,Chinese Grand Prix,Sergio Pérez,Force India,8,8,12,0.0,1
2018,Chinese Grand Prix,Carlos Sainz,Renault,9,9,9,2.0,1
2018,Chinese Grand Prix,Romain Grosjean,Haas F1 Team,10,10,17,0.0,1
2018,Chinese Grand Prix,Kevin Magnussen,Haas F1 Team,11,11,10,1.0,1
2018,Chinese Grand Prix,Esteban Ocon,Force India,12,12,11,0.0,1
2018,Chinese Grand Prix,Fernando Alonso,McLaren,13,13,7,6.0,1
2018,Chinese Grand Prix,Stoffel Vandoorne,McLaren,14,14,13,0.0,1
2018,Chinese Grand Prix,Brendon Hartley,Toro Rosso,15,15,20,0.0,130
2018,Chinese Grand Prix,Sergey Sirotkin,Williams,16,16,15,0.0,1
2018,Chinese Grand Prix,Pierre Gasly,Toro Rosso,17,17,18,0.0,1
2018,Chinese Grand Prix,Lance Stroll,Williams,18,18,14,0.0,1
2018,Chinese Grand Prix,Charles Leclerc,Sauber,19,19,19,0.0,1
2018,Chinese Grand Prix,Marcus Ericsson,Sauber,20,20,16,0.0,1
2018,Azerbaijan Grand Prix,Sebastian Vettel,Ferrari,1,1,4,12.0,1
2018,Azerbaijan Grand Prix,Lewis Hamilton,Mercedes,2,2,1,25.0,1
2018,Azerbaijan Grand Prix,Valtteri Bottas,Mercedes,3,3,14,0.0,29
2018,Azerbaijan Grand Prix,Daniel Ricciardo,Red Bull,4,4,17,0.0,4
2018,Azerbaijan Grand Prix,Max Verstappen,Red Bull,5,5,16,0.0,4
2018,Azerbaijan Grand Prix,Kimi Räikkönen,Ferrari,6,6,2,18.0,1
2018,Azerbaijan Grand Prix,Esteban Ocon,Force India,7,7,19,0.0,4
2018,Azerbaijan Grand Prix,Sergio Pérez,Force India,8,8,3,15.0,1
2018,Azerbaijan Grand Prix,Nico Hülkenberg,Renault,9,14,18,0.0,3
2018,Azerbaijan Grand Prix,Carlos Sainz,Renault,10,9,5,10.0,1
2018,Azerbaijan Grand Prix,Lance Stroll,Williams,11,10,8,4.0,1
2018,Azerbaijan Grand Prix,Sergey Sirotkin,Williams,12,11,20,0.0,4
2018,Azerbaijan Grand Prix,Fernando Alonso,McLaren,13,12,7,6.0,1
2018,Azerbaijan Grand Prix,Charles Leclerc,Sauber,14,13,6,8.0,1
2018,Azerbaijan Grand Prix,Kevin Magnussen,Haas F1 Team,15,15,13,0.0,1
2018,Azerbaijan Grand Prix,Stoffel Vandoorne,McLaren,16,16,9,2.0,1
2018,Azerbaijan Grand Prix,Pierre Gasly,Toro Rosso,17,17,12,0.0,1
2018,Azerbaijan Grand Prix,Marcus Ericsson,Sauber,18,18,11,0.0,1
2018,Azerbaijan Grand Prix,Brendon Hartley,Toro Rosso,19,19,10,1.0,1
2018,Azerbaijan Grand Prix,Romain Grosjean,Haas F1 Team,20,20,15,0.0,3
2018,Spanish Grand Prix,Lewis Hamilton,Mercedes,1,1,1,25.0,1
2018,Spanish Grand Prix,Valtteri Bottas,Mercedes,2,2,2,18.0,1
2018,Spanish Grand Prix,Sebastian Vettel,Ferrari,3,3,4,12.0,1
2018,Spanish Grand Prix,Kimi Räikkönen,Ferrari,4,4,17,0.0,101
2018,Spanish Grand Prix,Max Verstappen,Red Bull,5,5,3,15.0,1
2018,Spanish Grand Prix,Daniel Ricciardo,Red Bull,6,6,5,10.0,1
2018,Spanish Grand Prix,Kevin Magnussen,Haas F1 Team,7,7,6,8.0,11
2018,Spanish Grand Prix,Fernando Alonso,McLaren,8,8,8,4.0,11
2018,Spanish Grand Prix,Carlos Sainz,Renault,9,9,7,6.0,11
2018,Spanish Grand Prix,Romain Grosjean,Haas F1 Team,10,10,18,0.0,4
2018,Spanish Grand Prix,Stoffel Vandoorne,McLaren,11,11,15,0.0,6
2018,Spanish Grand Prix,Pierre Gasly,Toro Rosso,12,12,19,0.0,4
2018,Spanish Grand Prix,Esteban Ocon,Force India,13,13,16,0.0,44
2018,Spanish Grand Prix,Charles Leclerc,Sauber,14,14,10,1.0,12
2018,Spanish Grand Prix,Sergio Pérez,Force India,15,15,9,2.0,12
2018,Spanish Grand Prix,Nico Hülkenberg,Renault,16,16,20,0.0,4
2018,Spanish Grand Prix,Marcus Ericsson,Sauber,17,17,13,0.0,12
2018,Spanish Grand Prix,Sergey Sirotkin,Williams,18,19,14,0.0,13
2018,Spanish Grand Prix,Lance Stroll,Williams,19,18,11,0.0,12
2018,Spanish Grand Prix,Brendon Hartley,Toro Rosso,20,20,12,0.0,12
2018,Monaco Grand Prix,Daniel Ricciardo,Red Bull,1,1,1,25.0,1
2018,Monaco Grand Prix,Sebastian Vettel,Ferrari,2,2,2,18.0,1
2018,Monaco Grand Prix,Lewis Hamilton,Mercedes,3,3,3,15.0,1
2018,Monaco Grand Prix,Kimi Räikkönen,Ferrari,4,4,4,12.0,1
2018,Monaco Grand Prix,Fernando Alonso,McLaren,7,7,20,0.0,6
2018,Monaco Grand Prix,Carlos Sainz,Renault,8,8,10,1.0,1
2018,Monaco Grand Prix,Sergio Pérez,Force India,9,9,12,0.0,1
2018,Monaco Grand Prix,Pierre Gasly,Toro Rosso,10,10,7,6.0,1
2018,Monaco Grand Prix,Stoffel Vandoorne,McLaren,12,12,14,0.0,11
2018,Monaco Grand Prix,Sergey Sirotkin,Williams,13,13,16,0.0,11
2018,Monaco Grand Prix,Charles Leclerc,Sauber,14,14,18,0.0,4
2018,Monaco Grand Prix,Romain Grosjean,Haas F1 Team,15,18,15,0.0,11
2018,Monaco Grand Prix,Brendon Hartley,Toro Rosso,16,15,19,0.0,4
2018,Monaco Grand Prix,Marcus Ericsson,Sauber,17,16,11,0.0,1
2018,Monaco Grand Prix,Lance Stroll,Williams,18,17,17,0.0,12
2018,Monaco Grand Prix,Kevin Magnussen,Haas F1 Team,19,19,13,0.0,1
2018,Monaco Grand Prix,Max Verstappen,Red Bull,20,20,9,2.0,1
2018,Monaco Grand Prix,Valtteri Bottas,Mercedes,5,5,5,10.0,1
2018,Monaco Grand Prix,Esteban Ocon,Force India,6,6,6,8.0,1
2018,Monaco Grand Prix,Nico Hülkenberg,Renault,11,11,8,4.0,1
2018,Canadian Grand Prix,Sebastian Vettel,Ferrari,1,1,1,25.0,1
2018,Canadian Grand Prix,Valtteri Bottas,Mercedes,2,2,2,18.0,1
2018,Canadian Grand Prix,Max Verstappen,Red Bull,3,3,3,15.0,1
2018,Canadian Grand Prix,Lewis Hamilton,Mercedes,4,4,5,10.0,1
2018,Canadian Grand Prix,Kimi Räikkönen,Ferrari,5,5,6,8.0,1
2018,Canadian Grand Prix,Daniel Ricciardo,Red Bull,6,6,4,12.0,1
2018,Canadian Grand Prix,Nico Hülkenberg,Renault,7,7,7,6.0,11
2018,Canadian Grand Prix,Esteban Ocon,Force India,8,8,9,2.0,11
2018,Canadian Grand Prix,Carlos Sainz,Renault,9,9,8,4.0,11
2018,Canadian Grand Prix,Sergio Pérez,Force India,10,10,14,0.0,11
2018,Canadian Grand Prix,Brendon Hartley,Toro Rosso,12,12,19,0.0,4
2018,Canadian Grand Prix,Fernando Alonso,McLaren,14,14,18,0.0,43
2018,Canadian Grand Prix,Stoffel Vandoorne,McLaren,15,15,16,0.0,12
2018,Canadian Grand Prix,Pierre Gasly,Toro Rosso,16,16,11,0.0,11
2018,Canadian Grand Prix,Lance Stroll,Williams,17,17,20,0.0,4
2018,Canadian Grand Prix,Sergey Sirotkin,Williams,18,18,17,0.0,12
2018,Canadian Grand Prix,Marcus Ericsson,Sauber,19,19,15,0.0,12
2018,Canadian Grand Prix,Romain Grosjean,Haas F1 Team,20,20,12,0.0,11
2018,Canadian Grand Prix,Kevin Magnussen,Haas F1 Team,11,11,13,0.0,11
2018,Canadian Grand Prix,Charles Leclerc,Sauber,13,13,10,1.0,11
2018,French Grand Prix,Lewis Hamilton,Mercedes,1,1,1,25.0,1
2018,French Grand Prix,Valtteri Bottas,Mercedes,2,2,7,6.0,1
2018,French Grand Prix,Sebastian Vettel,Ferrari,3,3,5,10.0,1
2018,French Grand Prix,Max Verstappen,Red Bull,4,4,2,18.0,1
2018,French Grand Prix,Daniel Ricciardo,Red Bull,5,5,4,12.0,1
2018,French Grand Prix,Kimi Räikkönen,Ferrari,6,6,3,15.0,1
2018,French Grand Prix,Carlos Sainz,Renault,7,7,8,4.0,1
2018,French Grand Prix,Charles Leclerc,Sauber,8,8,10,1.0,1
2018,French Grand Prix,Kevin Magnussen,Haas F1 Team,9,9,6,8.0,1
2018,French Grand Prix,Romain Grosjean,Haas F1 Team,10,10,11,0.0,11
2018,French Grand Prix,Esteban Ocon,Force India,11,11,19,0.0,4
2018,French Grand Prix,Nico Hülkenberg,Renault,12,12,9,2.0,1
2018,French Grand Prix,Sergio Pérez,Force India,13,13,18,0.0,5
2018,French Grand Prix,Pierre Gasly,Toro Rosso,14,14,20,0.0,4
2018,French Grand Prix,Marcus Ericsson,Sauber,15,15,13,0.0,11
2018,French Grand Prix,Fernando Alonso,McLaren,16,16,16,0.0,36
2018,French Grand Prix,Brendon Hartley,Toro Rosso,17,20,14,0.0,11
2018,French Grand Prix,Stoffel Vandoorne,McLaren,18,17,12,0.0,11
2018,French Grand Prix,Sergey Sirotkin,Williams,19,18,15,0.0,11
2018,French Grand Prix,Lance Stroll,Williams,20,19,17,0.0,29
2018,Austrian Grand Prix,Valtteri Bottas,Mercedes,1,1,19,0.0,9
2018,Austrian Grand Prix,Lewis Hamilton,Mercedes,2,2,16,0.0,32
2018,Austrian Grand Prix,Sebastian Vettel,Ferrari,3,6,3,15.0,1
2018,Austrian Grand Prix,Kimi Räikkönen,Ferrari,4,3,2,18.0,1
2018,Austrian Grand Prix,Max Verstappen,Red Bull,5,4,1,25.0,1
2018,Austrian Grand Prix,Romain Grosjean,Haas F1 Team,6,5,4,12.0,11
2018,Austrian Grand Prix,Daniel Ricciardo,Red Bull,7,7,18,0.0,43
2018,Austrian Grand Prix,Kevin Magnussen,Haas F1 Team,8,8,5,10.0,11
2018,Austrian Grand Prix,Carlos Sainz,Renault,9,9,12,0.0,11
2018,Austrian Grand Prix,Nico Hülkenberg,Renault,10,10,20,0.0,5
2018,Austrian Grand Prix,Esteban Ocon,Force India,11,11,6,8.0,11
2018,Austrian Grand Prix,Pierre Gasly,Toro Rosso,12,12,11,0.0,11
2018,Austrian Grand Prix,Charles Leclerc,Sauber,13,18,9,2.0,11
2018,Austrian Grand Prix,Fernando Alonso,McLaren,14,13,8,4.0,11
2018,Austrian Grand Prix,Lance Stroll,Williams,15,14,14,0.0,12
2018,Austrian Grand Prix,Stoffel Vandoorne,McLaren,16,15,15,0.0,130
2018,Austrian Grand Prix,Sergio Pérez,Force India,17,16,7,6.0,11
2018,Austrian Grand Prix,Sergey Sirotkin,Williams,18,17,13,0.0,12
2018,Austrian Grand Prix,Brendon Hartley,Toro Rosso,19,19,17,0.0,9
2018,Austrian Grand Prix,Marcus Ericsson,Sauber,20,20,10,1.0,11
2018,British Grand Prix,Lewis Hamilton,Mercedes,1,1,2,18.0,1
2018,British Grand Prix,Sebastian Vettel,Ferrari,2,2,1,25.0,1
2018,British Grand Prix,Kimi Räikkönen,Ferrari,3,3,3,15.0,1
2018,British Grand Prix,Valtteri Bottas,Mercedes,4,4,4,12.0,1
2018,British Grand Prix,Max Verstappen,Red Bull,5,5,15,0.0,23
2018,British Grand Prix,Daniel Ricciardo,Red Bull,6,6,5,10.0,1
2018,British Grand Prix,Kevin Magnussen,Haas F1 Team,7,7,9,2.0,1
2018,British Grand Prix,Romain Grosjean,Haas F1 Team,8,8,16,0.0,4
2018,British Grand Prix,Charles Leclerc,Sauber,9,9,19,0.0,27
2018,British Grand Prix,Esteban Ocon,Force India,10,10,7,6.0,1
2018,British Grand Prix,Nico Hülkenberg,Renault,11,11,6,8.0,1
2018,British Grand Prix,Sergio Pérez,Force India,12,12,10,1.0,1
2018,British Grand Prix,Fernando Alonso,McLaren,13,13,8,4.0,1
2018,British Grand Prix,Pierre Gasly,Toro Rosso,14,14,13,0.0,1
2018,British Grand Prix,Marcus Ericsson,Sauber,15,15,18,0.0,3
2018,British Grand Prix,Carlos Sainz,Renault,16,16,17,0.0,4
2018,British Grand Prix,Stoffel Vandoorne,McLaren,17,17,11,0.0,1
2018,British Grand Prix,Sergey Sirotkin,Williams,18,18,14,0.0,1
2018,British Grand Prix,Lance Stroll,Williams,19,19,12,0.0,1
2018,British Grand Prix,Brendon Hartley,Toro Rosso,20,0,20,0.0,131
2018,German Grand Prix,Sebastian Vettel,Ferrari,1,1,18,0.0,3
2018,German Grand Prix,Valtteri Bottas,Mercedes,2,2,2,18.0,1
2018,German Grand Prix,Kimi Räikkönen,Ferrari,3,3,3,15.0,1
2018,German Grand Prix,Max Verstappen,Red Bull,4,4,4,12.0,1
2018,German Grand Prix,Kevin Magnussen,Haas F1 Team,5,5,11,0.0,1
2018,German Grand Prix,Romain Grosjean,Haas F1 Team,6,6,6,8.0,1
2018,German Grand Prix,Nico Hülkenberg,Renault,7,7,5,10.0,1
2018,German Grand Prix,Carlos Sainz,Renault,8,8,12,0.0,1
2018,German Grand Prix,Charles Leclerc,Sauber,9,9,15,0.0,11
2018,German Grand Prix,Sergio Pérez,Force India,10,10,7,6.0,1
2018,German Grand Prix,Fernando Alonso,McLaren,11,11,16,0.0,31
2018,German Grand Prix,Sergey Sirotkin,Williams,12,12,19,0.0,5
2018,German Grand Prix,Marcus Ericsson,Sauber,13,13,9,2.0,1
2018,German Grand Prix,Lewis Hamilton,Mercedes,14,14,1,25.0,1
2018,German Grand Prix,Daniel Ricciardo,Red Bull,15,20,20,0.0,5
2018,German Grand Prix,Esteban Ocon,Force India,16,15,8,4.0,1
2018,German Grand Prix,Pierre Gasly,Toro Rosso,17,16,14,0.0,11
2018,German Grand Prix,Brendon Hartley,Toro Rosso,18,17,10,1.0,1
2018,German Grand Prix,Lance Stroll,Williams,19,18,17,0.0,5
2018,German Grand Prix,Stoffel Vandoorne,McLaren,20,19,13,0.0,1
2018,Hungarian Grand Prix,Kimi Räikkönen,Ferrari,3,3,3,15.0,1
2018,Hungarian Grand Prix,Sebastian Vettel,Ferrari,4,4,2,18.0,1
2018,Hungarian Grand Prix,Carlos Sainz,Renault,5,5,9,2.0,11
2018,Hungarian Grand Prix,Pierre Gasly,Toro Rosso,6,6,6,8.0,1
2018,Hungarian Grand Prix,Max Verstappen,Red Bull,7,7,19,0.0,75
2018,Hungarian Grand Prix,Brendon Hartley,Toro Rosso,8,8,11,0.0,11
2018,Hungarian Grand Prix,Kevin Magnussen,Haas F1 Team,9,9,7,6.0,11
2018,Hungarian Grand Prix,Romain Grosjean,Haas F1 Team,10,10,10,1.0,11
2018,Hungarian Grand Prix,Fernando Alonso,McLaren,11,11,8,4.0,11
2018,Hungarian Grand Prix,Daniel Ricciardo,Red Bull,12,12,4,12.0,1
2018,Hungarian Grand Prix,Nico Hülkenberg,Renault,13,13,12,0.0,11
2018,Hungarian Grand Prix,Marcus Ericsson,Sauber,14,14,15,0.0,12
2018,Hungarian Grand Prix,Lance Stroll,Williams,15,15,17,0.0,12
2018,Hungarian Grand Prix,Stoffel Vandoorne,McLaren,16,16,18,0.0,6
2018,Hungarian Grand Prix,Charles Leclerc,Sauber,17,17,20,0.0,22
2018,Hungarian Grand Prix,Esteban Ocon,Force India,18,18,13,0.0,11
2018,Hungarian Grand Prix,Sergio Pérez,Force India,19,19,14,0.0,11
2018,Hungarian Grand Prix,Sergey Sirotkin,Williams,20,20,16,0.0,12
2018,Hungarian Grand Prix,Lewis Hamilton,Mercedes,1,1,1,25.0,1
2018,Hungarian Grand Prix,Valtteri Bottas,Mercedes,2,2,5,10.0,1
2018,Belgian Grand Prix,Lewis Hamilton,Mercedes,1,1,2,18.0,1
2018,Belgian Grand Prix,Sebastian Vettel,Ferrari,2,2,1,25.0,1
2018,Belgian Grand Prix,Esteban Ocon,Force India,3,3,6,8.0,1
2018,Belgian Grand Prix,Sergio Pérez,Force India,4,4,5,10.0,1
2018,Belgian Grand Prix,Romain Grosjean,Haas F1 Team,5,5,7,6.0,1
2018,Belgian Grand Prix,Kimi Räikkönen,Ferrari,6,6,17,0.0,23
2018,Belgian Grand Prix,Max Verstappen,Red Bull,7,7,3,15.0,1
2018,Belgian Grand Prix,Daniel Ricciardo,Red Bull,8,8,16,0.0,31
2018,Belgian Grand Prix,Kevin Magnussen,Haas F1 Team,9,9,8,4.0,1
2018,Belgian Grand Prix,Valtteri Bottas,Mercedes,10,19,4,12.0,1
2018,Belgian Grand Prix,Pierre Gasly,Toro Rosso,11,10,9,2.0,1
2018,Belgian Grand Prix,Brendon Hartley,Toro Rosso,12,11,14,0.0,11
2018,Belgian Grand Prix,Charles Leclerc,Sauber,13,12,18,0.0,3
2018,Belgian Grand Prix,Marcus Ericsson,Sauber,14,13,10,1.0,11
2018,Belgian Grand Prix,Nico Hülkenberg,Renault,15,20,20,0.0,3
2018,Belgian Grand Prix,Carlos Sainz,Renault,16,14,11,0.0,11
2018,Belgian Grand Prix,Fernando Alonso,McLaren,17,15,19,0.0,3
2018,Belgian Grand Prix,Sergey Sirotkin,Williams,18,16,12,0.0,11
2018,Belgian Grand Prix,Lance Stroll,Williams,19,17,13,0.0,11
2018,Belgian Grand Prix,Stoffel Vandoorne,McLaren,20,18,15,0.0,11
2018,Italian Grand Prix,Kimi Räikkönen,Ferrari,1,1,2,18.0,1
2018,Italian Grand Prix,Sebastian Vettel,Ferrari,2,2,4,12.0,1
2018,Italian Grand Prix,Lewis Hamilton,Mercedes,3,3,1,25.0,1
2018,Italian Grand Prix,Valtteri Bottas,Mercedes,4,4,3,15.0,1
2018,Italian Grand Prix,Max Verstappen,Red Bull,5,5,5,10.0,1
2018,Italian Grand Prix,Romain Grosjean,Haas F1 Team,6,6,20,0.0,2
2018,Italian Grand Prix,Carlos Sainz,Renault,7,7,8,4.0,1
2018,Italian Grand Prix,Esteban Ocon,Force India,8,8,6,8.0,1
2018,Italian Grand Prix,Pierre Gasly,Toro Rosso,9,9,14,0.0,11
2018,Italian Grand Prix,Lance Stroll,Williams,10,10,9,2.0,11
2018,Italian Grand Prix,Kevin Magnussen,Haas F1 Team,11,11,16,0.0,11
2018,Italian Grand Prix,Sergey Sirotkin,Williams,12,12,10,1.0,11
2018,Italian Grand Prix,Fernando Alonso,McLaren,13,13,18,0.0,5
2018,Italian Grand Prix,Nico Hülkenberg,Renault,14,20,13,0.0,11
2018,Italian Grand Prix,Daniel Ricciardo,Red Bull,15,19,17,0.0,5
2018,Italian Grand Prix,Sergio Pérez,Force India,16,14,7,6.0,1
2018,Italian Grand Prix,Charles Leclerc,Sauber,17,15,11,0.0,11
2018,Italian Grand Prix,Brendon Hartley,Toro Rosso,18,16,19,0.0,23
2018,Italian Grand Prix,Marcus Ericsson,Sauber,19,18,15,0.0,11
2018,Italian Grand Prix,Stoffel Vandoorne,McLaren,20,17,12,0.0,11
2018,Singapore Grand Prix,Lewis Hamilton,Mercedes,1,1,1,25.0,1
2018,Singapore Grand Prix,Max Verstappen,Red Bull,2,2,2,18.0,1
2018,Singapore Grand Prix,Sebastian Vettel,Ferrari,3,3,3,15.0,1
2018,Singapore Grand Prix,Valtteri Bottas,Mercedes,4,4,4,12.0,1
2018,Singapore Grand Prix,Kimi Räikkönen,Ferrari,5,5,5,10.0,1
2018,Singapore Grand Prix,Daniel Ricciardo,Red Bull,6,6,6,8.0,1
2018,Singapore Grand Prix,Sergio Pérez,Force India,7,7,16,0.0,11
2018,Singapore Grand Prix,Romain Grosjean,Haas F1 Team,8,8,15,0.0,11
2018,Singapore Grand Prix,Esteban Ocon,Force India,9,9,20,0.0,4
2018,Singapore Grand Prix,Nico Hülkenberg,Renault,10,10,10,1.0,11
2018,Singapore Grand Prix,Fernando Alonso,McLaren,11,11,7,6.0,1
2018,Singapore Grand Prix,Carlos Sainz,Renault,12,12,8,4.0,11
2018,Singapore Grand Prix,Charles Leclerc,Sauber,13,13,9,2.0,11
2018,Singapore Grand Prix,Marcus Ericsson,Sauber,14,14,11,0.0,11
2018,Singapore Grand Prix,Pierre Gasly,Toro Rosso,15,15,13,0.0,11
2018,Singapore Grand Prix,Kevin Magnussen,Haas F1 Team,16,16,18,0.0,12
2018,Singapore Grand Prix,Brendon Hartley,Toro Rosso,17,17,17,0.0,11
2018,Singapore Grand Prix,Stoffel Vandoorne,McLaren,18,18,12,0.0,11
2018,Singapore Grand Prix,Sergey Sirotkin,Williams,19,19,19,0.0,12
2018,Singapore Grand Prix,Lance Stroll,Williams,20,20,14,0.0,11
2018,Russian Grand Prix,Valtteri Bottas,Mercedes,1,1,2,18.0,1
2018,Russian Grand Prix,Lewis Hamilton,Mercedes,2,2,1,25.0,1
2018,Russian Grand Prix,Sebastian Vettel,Ferrari,3,3,3,15.0,1
2018,Russian Grand Prix,Kimi Räikkönen,Ferrari,4,4,4,12.0,1
2018,Russian Grand Prix,Kevin Magnussen,Haas F1 Team,5,5,8,4.0,11
2018,Russian Grand Prix,Esteban Ocon,Force India,6,6,9,2.0,11
2018,Russian Grand Prix,Charles Leclerc,Sauber,7,7,7,6.0,1
2018,Russian Grand Prix,Sergio Pérez,Force India,8,8,10,1.0,11
2018,Russian Grand Prix,Romain Grosjean,Haas F1 Team,9,9,11,0.0,11
2018,Russian Grand Prix,Marcus Ericsson,Sauber,10,10,13,0.0,11
2018,Russian Grand Prix,Max Verstappen,Red Bull,11,19,5,10.0,1
2018,Russian Grand Prix,Daniel Ricciardo,Red Bull,12,18,6,8.0,1
2018,Russian Grand Prix,Pierre Gasly,Toro Rosso,13,17,19,0.0,23
2018,Russian Grand Prix,Carlos Sainz,Renault,14,11,17,0.0,12
2018,Russian Grand Prix,Nico Hülkenberg,Renault,15,12,12,0.0,11
2018,Russian Grand Prix,Brendon Hartley,Toro Rosso,16,20,20,0.0,23
2018,Russian Grand Prix,Fernando Alonso,McLaren,17,16,14,0.0,11
2018,Russian Grand Prix,Sergey Sirotkin,Williams,18,13,18,0.0,12
2018,Russian Grand Prix,Stoffel Vandoorne,McLaren,19,15,16,0.0,12
2018,Russian Grand Prix,Lance Stroll,Williams,20,14,15,0.0,11
2018,Japanese Grand Prix,Lewis Hamilton,Mercedes,1,1,1,25.0,1
2018,Japanese Grand Prix,Valtteri Bottas,Mercedes,2,2,2,18.0,1
2018,Japanese Grand Prix,Max Verstappen,Red Bull,3,3,3,15.0,1
2018,Japanese Grand Prix,Kimi Räikkönen,Ferrari,4,4,5,10.0,1
2018,Japanese Grand Prix,Romain Grosjean,Haas F1 Team,5,5,8,4.0,1
2018,Japanese Grand Prix,Brendon Hartley,Toro Rosso,6,6,13,0.0,11
2018,Japanese Grand Prix,Pierre Gasly,Toro Rosso,7,7,11,0.0,11
2018,Japanese Grand Prix,Esteban Ocon,Force India,8,11,9,2.0,1
2018,Japanese Grand Prix,Sebastian Vettel,Ferrari,9,8,6,8.0,1
2018,Japanese Grand Prix,Sergio Pérez,Force India,10,9,7,6.0,1
2018,Japanese Grand Prix,Charles Leclerc,Sauber,11,10,18,0.0,26
2018,Japanese Grand Prix,Kevin Magnussen,Haas F1 Team,12,12,20,0.0,130
2018,Japanese Grand Prix,Carlos Sainz,Renault,13,13,10,1.0,11
2018,Japanese Grand Prix,Lance Stroll,Williams,14,14,17,0.0,11
2018,Japanese Grand Prix,Daniel Ricciardo,Red Bull,15,15,4,12.0,1
2018,Japanese Grand Prix,Nico Hülkenberg,Renault,16,16,19,0.0,5
2018,Japanese Grand Prix,Sergey Sirotkin,Williams,17,17,16,0.0,11
2018,Japanese Grand Prix,Fernando Alonso,McLaren,18,18,14,0.0,11
2018,Japanese Grand Prix,Stoffel Vandoorne,McLaren,19,19,15,0.0,11
2018,Japanese Grand Prix,Marcus Ericsson,Sauber,20,20,12,0.0,11
2018,United States Grand Prix,Lewis Hamilton,Mercedes,1,1,3,15.0,1
2018,United States Grand Prix,Sebastian Vettel,Ferrari,2,5,4,12.0,1
2018,United States Grand Prix,Kimi Räikkönen,Ferrari,3,2,1,25.0,1
2018,United States Grand Prix,Valtteri Bottas,Mercedes,4,3,5,10.0,1
2018,United States Grand Prix,Daniel Ricciardo,Red Bull,5,4,16,0.0,84
2018,United States Grand Prix,Esteban Ocon,Force India,6,6,19,0.0,2
2018,United States Grand Prix,Nico Hülkenberg,Renault,7,7,6,8.0,1
2018,United States Grand Prix,Romain Grosjean,Haas F1 Team,8,8,17,0.0,130
2018,United States Grand Prix,Charles Leclerc,Sauber,9,9,15,0.0,130
2018,United States Grand Prix,Sergio Pérez,Force India,10,10,8,4.0,1
2018,United States Grand Prix,Carlos Sainz,Renault,11,11,7,6.0,1
2018,United States Grand Prix,Kevin Magnussen,Haas F1 Team,12,12,20,0.0,2
2018,United States Grand Prix,Pierre Gasly,Toro Rosso,13,19,12,0.0,11
2018,United States Grand Prix,Brendon Hartley,Toro Rosso,14,20,9,2.0,11
2018,United States Grand Prix,Max Verstappen,Red Bull,15,18,2,18.0,1
2018,United States Grand Prix,Fernando Alonso,McLaren,16,13,18,0.0,4
2018,United States Grand Prix,Sergey Sirotkin,Williams,17,14,13,0.0,11
2018,United States Grand Prix,Lance Stroll,Williams,18,15,14,0.0,12
2018,United States Grand Prix,Marcus Ericsson,Sauber,19,16,10,1.0,11
2018,United States Grand Prix,Stoffel Vandoorne,McLaren,20,17,11,0.0,11
2018,Mexican Grand Prix,Daniel Ricciardo,Red Bull,1,1,17,0.0,5
2018,Mexican Grand Prix,Max Verstappen,Red Bull,2,2,1,25.0,1
2018,Mexican Grand Prix,Lewis Hamilton,Mercedes,3,3,4,12.0,1
2018,Mexican Grand Prix,Sebastian Vettel,Ferrari,4,4,2,18.0,1
2018,Mexican Grand Prix,Valtteri Bottas,Mercedes,5,5,5,10.0,11
2018,Mexican Grand Prix,Kimi Räikkönen,Ferrari,6,6,3,15.0,1
2018,Mexican Grand Prix,Nico Hülkenberg,Renault,7,7,6,8.0,12
2018,Mexican Grand Prix,Carlos Sainz,Renault,8,8,19,0.0,22
2018,Mexican Grand Prix,Charles Leclerc,Sauber,9,9,7,6.0,12
2018,Mexican Grand Prix,Marcus Ericsson,Sauber,10,10,9,2.0,12
2018,Mexican Grand Prix,Esteban Ocon,Force India,11,11,11,0.0,12
2018,Mexican Grand Prix,Sergio Pérez,Force India,13,13,18,0.0,23
2018,Mexican Grand Prix,Brendon Hartley,Toro Rosso,14,14,14,0.0,12
2018,Mexican Grand Prix,Pierre Gasly,Toro Rosso,15,20,10,1.0,12
2018,Mexican Grand Prix,Romain Grosjean,Haas F1 Team,16,18,16,0.0,13
2018,Mexican Grand Prix,Stoffel Vandoorne,McLaren,17,15,8,4.0,12
2018,Mexican Grand Prix,Kevin Magnussen,Haas F1 Team,18,16,15,0.0,12
2018,Mexican Grand Prix,Lance Stroll,Williams,19,17,12,0.0,12
2018,Mexican Grand Prix,Sergey Sirotkin,Williams,20,19,13,0.0,12
2018,Mexican Grand Prix,Fernando Alonso,McLaren,12,12,20,0.0,5
2018,Brazilian Grand Prix,Lewis Hamilton,Mercedes,1,1,1,25.0,1
2018,Brazilian Grand Prix,Sebastian Vettel,Ferrari,2,2,6,8.0,1
2018,Brazilian Grand Prix,Valtteri Bottas,Mercedes,3,3,5,10.0,1
2018,Brazilian Grand Prix,Kimi Räikkönen,Ferrari,4,4,3,15.0,1
2018,Brazilian Grand Prix,Max Verstappen,Red Bull,5,5,2,18.0,1
2018,Brazilian Grand Prix,Daniel Ricciardo,Red Bull,6,11,4,12.0,1
2018,Brazilian Grand Prix,Marcus Ericsson,Sauber,7,6,20,0.0,4
2018,Brazilian Grand Prix,Charles Leclerc,Sauber,8,7,7,6.0,1
2018,Brazilian Grand Prix,Romain Grosjean,Haas F1 Team,9,8,8,4.0,1
2018,Brazilian Grand Prix,Pierre Gasly,Toro Rosso,10,9,13,0.0,11
2018,Brazilian Grand Prix,Kevin Magnussen,Haas F1 Team,11,10,9,2.0,1
2018,Brazilian Grand Prix,Sergio Pérez,Force India,12,12,10,1.0,11
2018,Brazilian Grand Prix,Esteban Ocon,Force India,13,18,15,0.0,11
2018,Brazilian Grand Prix,Nico Hülkenberg,Renault,14,13,19,0.0,25
2018,Brazilian Grand Prix,Sergey Sirotkin,Williams,15,14,16,0.0,12
2018,Brazilian Grand Prix,Carlos Sainz,Renault,16,15,12,0.0,11
2018,Brazilian Grand Prix,Brendon Hartley,Toro Rosso,17,16,11,0.0,11
2018,Brazilian Grand Prix,Fernando Alonso,McLaren,18,17,17,0.0,12
2018,Brazilian Grand Prix,Lance Stroll,Williams,19,19,18,0.0,12
2018,Brazilian Grand Prix,Stoffel Vandoorne,McLaren,20,20,14,0.0,11
2018,Abu Dhabi Grand Prix,Lewis Hamilton,Mercedes,1,1,1,25.0,1
2018,Abu Dhabi Grand Prix,Valtteri Bottas,Mercedes,2,2,5,10.0,1
2018,Abu Dhabi Grand Prix,Sebastian Vettel,Ferrari,3,3,2,18.0,1
2018,Abu Dhabi Grand Prix,Kimi Räikkönen,Ferrari,4,4,19,0.0,75
2018,Abu Dhabi Grand Prix,Daniel Ricciardo,Red Bull,5,5,4,12.0,1
2018,Abu Dhabi Grand Prix,Max Verstappen,Red Bull,6,6,3,15.0,1
2018,Abu Dhabi Grand Prix,Romain Grosjean,Haas F1 Team,7,7,9,2.0,11
2018,Abu Dhabi Grand Prix,Charles Leclerc,Sauber,8,8,7,6.0,1
2018,Abu Dhabi Grand Prix,Esteban Ocon,Force India,9,9,17,0.0,5
2018,Abu Dhabi Grand Prix,Nico Hülkenberg,Renault,10,10,20,0.0,4
2018,Abu Dhabi Grand Prix,Carlos Sainz,Renault,11,11,6,8.0,1
2018,Abu Dhabi Grand Prix,Marcus Ericsson,Sauber,12,12,18,0.0,75
2018,Abu Dhabi Grand Prix,Kevin Magnussen,Haas F1 Team,13,13,10,1.0,11
2018,Abu Dhabi Grand Prix,Sergio Pérez,Force India,14,14,8,4.0,1
2018,Abu Dhabi Grand Prix,Fernando Alonso,McLaren,15,15,11,0.0,11
2018,Abu Dhabi Grand Prix,Brendon Hartley,Toro Rosso,16,16,12,0.0,11
2018,Abu Dhabi Grand Prix,Pierre Gasly,Toro Rosso,17,17,16,0.0,5
2018,Abu Dhabi Grand Prix,Stoffel Vandoorne,McLaren,18,18,14,0.0,11
2018,Abu Dhabi Grand Prix,Sergey Sirotkin,Williams,19,19,15,0.0,11
2018,Abu Dhabi Grand Prix,Lance Stroll,Williams,20,20,13,0.0,11
2019,Australian Grand Prix,Lewis Hamilton,Mercedes,1,1,2,18.0,1
2019,Australian Grand Prix,Valtteri Bottas,Mercedes,2,2,1,26.0,1
2019,Australian Grand Prix,Sebastian Vettel,Ferrari,3,3,4,12.0,1
2019,Australian Grand Prix,Max Verstappen,Red Bull,4,4,3,15.0,1
2019,Australian Grand Prix,Charles Leclerc,Ferrari,5,5,5,10.0,1
2019,Australian Grand Prix,Romain Grosjean,Haas F1 Team,6,6,18,0.0,36
2019,Australian Grand Prix,Kevin Magnussen,Haas F1 Team,7,7,6,8.0,1
2019,Australian Grand Prix,Lando Norris,McLaren,8,8,12,0.0,11
2019,Australian Grand Prix,Kimi Räikkönen,Alfa Romeo,9,9,8,4.0,11
2019,Australian Grand Prix,Sergio Pérez,Racing Point,10,10,13,0.0,11
2019,Australian Grand Prix,Nico Hülkenberg,Renault,11,11,7,6.0,11
2019,Australian Grand Prix,Daniel Ricciardo,Renault,12,12,19,0.0,137
2019,Australian Grand Prix,Alexander Albon,Toro Rosso,13,13,14,0.0,11
2019,Australian Grand Prix,Antonio Giovinazzi,Alfa Romeo,14,14,15,0.0,11
2019,Australian Grand Prix,Daniil Kvyat,Toro Rosso,15,15,10,1.0,11
2019,Australian Grand Prix,Lance Stroll,Racing Point,16,16,9,2.0,11
2019,Australian Grand Prix,Pierre Gasly,Red Bull,17,17,11,0.0,11
2019,Australian Grand Prix,Carlos Sainz,McLaren,18,18,20,0.0,5
2019,Australian Grand Prix,George Russell,Williams,19,19,16,0.0,12
2019,Australian Grand Prix,Robert Kubica,Williams,20,20,17,0.0,13
2019,Bahrain Grand Prix,Charles Leclerc,Ferrari,1,1,3,16.0,1
2019,Bahrain Grand Prix,Sebastian Vettel,Ferrari,2,2,5,10.0,1
2019,Bahrain Grand Prix,Lewis Hamilton,Mercedes,3,3,1,25.0,1
2019,Bahrain Grand Prix,Valtteri Bottas,Mercedes,4,4,2,18.0,1
2019,Bahrain Grand Prix,Max Verstappen,Red Bull,5,5,4,12.0,1
2019,Bahrain Grand Prix,Kevin Magnussen,Haas F1 Team,6,6,13,0.0,11
2019,Bahrain Grand Prix,Carlos Sainz,McLaren,7,7,19,0.0,130
2019,Bahrain Grand Prix,Romain Grosjean,Haas F1 Team,8,11,20,0.0,31
2019,Bahrain Grand Prix,Kimi Räikkönen,Alfa Romeo,9,8,7,6.0,1
2019,Bahrain Grand Prix,Lando Norris,McLaren,10,9,6,8.0,1
2019,Bahrain Grand Prix,Daniel Ricciardo,Renault,11,10,18,0.0,60
2019,Bahrain Grand Prix,Alexander Albon,Toro Rosso,12,12,9,2.0,1
2019,Bahrain Grand Prix,Pierre Gasly,Red Bull,13,13,8,4.0,1
2019,Bahrain Grand Prix,Sergio Pérez,Racing Point,14,14,10,1.0,1
2019,Bahrain Grand Prix,Daniil Kvyat,Toro Rosso,15,15,12,0.0,11
2019,Bahrain Grand Prix,Antonio Giovinazzi,Alfa Romeo,16,16,11,0.0,1
2019,Bahrain Grand Prix,Nico Hülkenberg,Renault,17,17,17,0.0,5
2019,Bahrain Grand Prix,Lance Stroll,Racing Point,18,18,14,0.0,11
2019,Bahrain Grand Prix,George Russell,Williams,19,19,15,0.0,11
2019,Bahrain Grand Prix,Robert Kubica,Williams,20,20,16,0.0,12
2019,Chinese Grand Prix,Valtteri Bottas,Mercedes,1,1,2,18.0,1
2019,Chinese Grand Prix,Lewis Hamilton,Mercedes,2,2,1,25.0,1
2019,Chinese Grand Prix,Sebastian Vettel,Ferrari,3,3,3,15.0,1
2019,Chinese Grand Prix,Charles Leclerc,Ferrari,4,4,5,10.0,1
2019,Chinese Grand Prix,Max Verstappen,Red Bull,5,5,4,12.0,1
2019,Chinese Grand Prix,Pierre Gasly,Red Bull,6,6,6,9.0,1
2019,Chinese Grand Prix,Daniel Ricciardo,Renault,7,7,7,6.0,11
2019,Chinese Grand Prix,Nico Hülkenberg,Renault,8,8,20,0.0,131
2019,Chinese Grand Prix,Kevin Magnussen,Haas F1 Team,9,9,13,0.0,11
2019,Chinese Grand Prix,Romain Grosjean,Haas F1 Team,10,10,11,0.0,11
2019,Chinese Grand Prix,Daniil Kvyat,Toro Rosso,11,11,19,0.0,4
2019,Chinese Grand Prix,Sergio Pérez,Racing Point,12,12,8,4.0,11
2019,Chinese Grand Prix,Kimi Räikkönen,Alfa Romeo,13,13,9,2.0,11
2019,Chinese Grand Prix,Carlos Sainz,McLaren,14,14,14,0.0,11
2019,Chinese Grand Prix,Lando Norris,McLaren,15,15,18,0.0,4
2019,Chinese Grand Prix,Lance Stroll,Racing Point,16,16,12,0.0,11
2019,Chinese Grand Prix,George Russell,Williams,17,17,16,0.0,12
2019,Chinese Grand Prix,Robert Kubica,Williams,18,18,17,0.0,12
2019,Azerbaijan Grand Prix,Valtteri Bottas,Mercedes,1,1,1,25.0,1
2019,Azerbaijan Grand Prix,Lewis Hamilton,Mercedes,2,2,2,18.0,1
2019,Azerbaijan Grand Prix,Sebastian Vettel,Ferrari,3,3,3,15.0,1
2019,Azerbaijan Grand Prix,Max Verstappen,Red Bull,4,4,4,12.0,1
2019,Azerbaijan Grand Prix,Sergio Pérez,Racing Point,5,5,6,8.0,1
2019,Azerbaijan Grand Prix,Daniil Kvyat,Toro Rosso,6,6,19,0.0,4
2019,Azerbaijan Grand Prix,Lando Norris,McLaren,7,7,8,4.0,1
2019,Azerbaijan Grand Prix,Antonio Giovinazzi,Alfa Romeo,8,17,12,0.0,11
2019,Azerbaijan Grand Prix,Charles Leclerc,Ferrari,9,8,5,11.0,1
2019,Azerbaijan Grand Prix,Carlos Sainz,McLaren,10,9,7,6.0,1
2019,Azerbaijan Grand Prix,Daniel Ricciardo,Renault,11,10,20,0.0,4
2019,Azerbaijan Grand Prix,Alexander Albon,Toro Rosso,12,11,11,0.0,11
2019,Azerbaijan Grand Prix,Kevin Magnussen,Haas F1 Team,13,12,13,0.0,11
2019,Azerbaijan Grand Prix,Lance Stroll,Racing Point,14,13,9,2.0,1
2019,Azerbaijan Grand Prix,Romain Grosjean,Haas F1 Team,15,14,18,0.0,23
2019,Azerbaijan Grand Prix,Nico Hülkenberg,Renault,16,15,14,0.0,11
2019,Azerbaijan Grand Prix,George Russell,Williams,17,16,15,0.0,12
2019,Azerbaijan Grand Prix,Robert Kubica,Williams,18,0,16,0.0,12
2019,Azerbaijan Grand Prix,Kimi Räikkönen,Alfa Romeo,19,0,10,1.0,11
2019,Azerbaijan Grand Prix,Pierre Gasly,Red Bull,20,0,17,0.0,7
2019,Spanish Grand Prix,Valtteri Bottas,Mercedes,1,1,2,18.0,1
2019,Spanish Grand Prix,Lewis Hamilton,Mercedes,2,2,1,26.0,1
2019,Spanish Grand Prix,Sebastian Vettel,Ferrari,3,3,4,12.0,1
2019,Spanish Grand Prix,Max Verstappen,Red Bull,4,4,3,15.0,1
2019,Spanish Grand Prix,Charles Leclerc,Ferrari,5,5,5,10.0,1
2019,Spanish Grand Prix,Pierre Gasly,Red Bull,6,6,6,8.0,1
2019,Spanish Grand Prix,Romain Grosjean,Haas F1 Team,7,7,10,1.0,1
2019,Spanish Grand Prix,Kevin Magnussen,Haas F1 Team,8,8,7,6.0,1
2019,Spanish Grand Prix,Daniil Kvyat,Toro Rosso,9,9,9,2.0,1
2019,Spanish Grand Prix,Daniel Ricciardo,Renault,10,13,12,0.0,1
2019,Spanish Grand Prix,Lando Norris,McLaren,11,10,20,0.0,4
2019,Spanish Grand Prix,Alexander Albon,Toro Rosso,12,11,11,0.0,1
2019,Spanish Grand Prix,Carlos Sainz,McLaren,13,12,8,4.0,1
2019,Spanish Grand Prix,Kimi Räikkönen,Alfa Romeo,14,14,14,0.0,1
2019,Spanish Grand Prix,Sergio Pérez,Racing Point,15,15,15,0.0,1
2019,Spanish Grand Prix,Nico Hülkenberg,Renault,16,0,13,0.0,1
2019,Spanish Grand Prix,Lance Stroll,Racing Point,17,16,19,0.0,4
2019,Spanish Grand Prix,Antonio Giovinazzi,Alfa Romeo,18,18,16,0.0,1
2019,Spanish Grand Prix,George Russell,Williams,19,19,17,0.0,11
2019,Spanish Grand Prix,Robert Kubica,Williams,20,17,18,0.0,11
2019,Monaco Grand Prix,Lewis Hamilton,Mercedes,1,1,1,25.0,1
2019,Monaco Grand Prix,Valtteri Bottas,Mercedes,2,2,3,15.0,1
2019,Monaco Grand Prix,Max Verstappen,Red Bull,3,3,4,12.0,1
2019,Monaco Grand Prix,Sebastian Vettel,Ferrari,4,4,2,18.0,1
2019,Monaco Grand Prix,Pierre Gasly,Red Bull,5,8,5,11.0,1
2019,Monaco Grand Prix,Kevin Magnussen,Haas F1 Team,6,5,14,0.0,11
2019,Monaco Grand Prix,Daniel Ricciardo,Renault,7,6,9,2.0,1
2019,Monaco Grand Prix,Daniil Kvyat,Toro Rosso,8,7,7,6.0,1
2019,Monaco Grand Prix,Carlos Sainz,McLaren,9,9,6,8.0,1
2019,Monaco Grand Prix,Alexander Albon,Toro Rosso,10,10,8,4.0,1
2019,Monaco Grand Prix,Nico Hülkenberg,Renault,11,11,13,0.0,11
2019,Monaco Grand Prix,Lando Norris,McLaren,12,12,11,0.0,1
2019,Monaco Grand Prix,Romain Grosjean,Haas F1 Team,13,13,10,1.0,1
2019,Monaco Grand Prix,Kimi Räikkönen,Alfa Romeo,14,14,17,0.0,11
2019,Monaco Grand Prix,Antonio Giovinazzi,Alfa Romeo,15,18,19,0.0,12
2019,Monaco Grand Prix,Charles Leclerc,Ferrari,16,15,20,0.0,4
2019,Monaco Grand Prix,Sergio Pérez,Racing Point,17,16,12,0.0,11
2019,Monaco Grand Prix,Lance Stroll,Racing Point,18,17,16,0.0,11
2019,Monaco Grand Prix,George Russell,Williams,19,19,15,0.0,11
2019,Monaco Grand Prix,Robert Kubica,Williams,20,20,18,0.0,11
2019,Canadian Grand Prix,Sebastian Vettel,Ferrari,1,1,2,18.0,1
2019,Canadian Grand Prix,Lewis Hamilton,Mercedes,2,2,1,25.0,1
2019,Canadian Grand Prix,Charles Leclerc,Ferrari,3,3,3,15.0,1
2019,Canadian Grand Prix,Daniel Ricciardo,Renault,4,4,6,8.0,11
2019,Canadian Grand Prix,Pierre Gasly,Red Bull,5,5,8,4.0,11
2019,Canadian Grand Prix,Valtteri Bottas,Mercedes,6,6,4,13.0,1
2019,Canadian Grand Prix,Nico Hülkenberg,Renault,7,7,7,6.0,11
2019,Canadian Grand Prix,Lando Norris,McLaren,8,8,20,0.0,22
2019,Canadian Grand Prix,Carlos Sainz,McLaren,9,11,11,0.0,11
2019,Canadian Grand Prix,Kevin Magnussen,Haas F1 Team,10,0,17,0.0,12
2019,Canadian Grand Prix,Max Verstappen,Red Bull,11,9,5,10.0,1
2019,Canadian Grand Prix,Daniil Kvyat,Toro Rosso,12,10,10,1.0,11
2019,Canadian Grand Prix,Antonio Giovinazzi,Alfa Romeo,13,12,13,0.0,11
2019,Canadian Grand Prix,Alexander Albon,Toro Rosso,14,13,19,0.0,130
2019,Canadian Grand Prix,Romain Grosjean,Haas F1 Team,15,14,14,0.0,11
2019,Canadian Grand Prix,Sergio Pérez,Racing Point,16,15,12,0.0,11
2019,Canadian Grand Prix,Kimi Räikkönen,Alfa Romeo,17,16,15,0.0,11
2019,Canadian Grand Prix,Lance Stroll,Racing Point,18,17,9,2.0,11
2019,Canadian Grand Prix,George Russell,Williams,19,18,16,0.0,12
2019,Canadian Grand Prix,Robert Kubica,Williams,20,19,18,0.0,13
2019,French Grand Prix,Lewis Hamilton,Mercedes,1,1,1,25.0,1
2019,French Grand Prix,Valtteri Bottas,Mercedes,2,2,2,18.0,1
2019,French Grand Prix,Charles Leclerc,Ferrari,3,3,3,15.0,1
2019,French Grand Prix,Max Verstappen,Red Bull,4,4,4,12.0,1
2019,French Grand Prix,Lando Norris,McLaren,5,5,9,2.0,11
2019,French Grand Prix,Carlos Sainz,McLaren,6,6,6,8.0,1
2019,French Grand Prix,Sebastian Vettel,Ferrari,7,7,5,11.0,1
2019,French Grand Prix,Daniel Ricciardo,Renault,8,8,11,0.0,11
2019,French Grand Prix,Pierre Gasly,Red Bull,9,9,10,1.0,11
2019,French Grand Prix,Antonio Giovinazzi,Alfa Romeo,10,10,16,0.0,11
2019,French Grand Prix,Alexander Albon,Toro Rosso,11,11,15,0.0,11
2019,French Grand Prix,Kimi Räikkönen,Alfa Romeo,12,12,7,6.0,11
2019,French Grand Prix,Nico Hülkenberg,Renault,13,13,8,4.0,11
2019,French Grand Prix,Sergio Pérez,Racing Point,14,14,12,0.0,11
2019,French Grand Prix,Kevin Magnussen,Haas F1 Team,15,15,17,0.0,11
2019,French Grand Prix,Daniil Kvyat,Toro Rosso,16,19,14,0.0,11
2019,French Grand Prix,Romain Grosjean,Haas F1 Team,17,16,20,0.0,31
2019,French Grand Prix,Lance Stroll,Racing Point,18,17,13,0.0,11
2019,French Grand Prix,George Russell,Williams,19,20,19,0.0,12
2019,French Grand Prix,Robert Kubica,Williams,20,18,18,0.0,12
2019,Austrian Grand Prix,Charles Leclerc,Ferrari,1,1,2,18.0,1
2019,Austrian Grand Prix,Lewis Hamilton,Mercedes,2,4,5,10.0,1
2019,Austrian Grand Prix,Max Verstappen,Red Bull,3,2,1,26.0,1
2019,Austrian Grand Prix,Valtteri Bottas,Mercedes,4,3,3,15.0,1
2019,Austrian Grand Prix,Kevin Magnussen,Haas F1 Team,5,10,19,0.0,12
2019,Austrian Grand Prix,Lando Norris,McLaren,6,5,6,8.0,11
2019,Austrian Grand Prix,Kimi Räikkönen,Alfa Romeo,7,6,9,2.0,11
2019,Austrian Grand Prix,Antonio Giovinazzi,Alfa Romeo,8,7,10,1.0,11
2019,Austrian Grand Prix,Pierre Gasly,Red Bull,9,8,7,6.0,11
2019,Austrian Grand Prix,Sebastian Vettel,Ferrari,10,9,4,12.0,1
2019,Austrian Grand Prix,Romain Grosjean,Haas F1 Team,11,11,16,0.0,11
2019,Austrian Grand Prix,Nico Hülkenberg,Renault,12,15,13,0.0,11
2019,Austrian Grand Prix,Alexander Albon,Toro Rosso,13,18,15,0.0,11
2019,Austrian Grand Prix,Daniel Ricciardo,Renault,14,12,12,0.0,11
2019,Austrian Grand Prix,Carlos Sainz,McLaren,15,19,8,4.0,11
2019,Austrian Grand Prix,Sergio Pérez,Racing Point,16,13,11,0.0,11
2019,Austrian Grand Prix,Lance Stroll,Racing Point,17,14,14,0.0,11
2019,Austrian Grand Prix,Daniil Kvyat,Toro Rosso,18,16,17,0.0,11
2019,Austrian Grand Prix,George Russell,Williams,19,0,18,0.0,12
2019,Austrian Grand Prix,Robert Kubica,Williams,20,17,20,0.0,13
2019,British Grand Prix,Valtteri Bottas,Mercedes,1,1,2,18.0,1
2019,British Grand Prix,Lewis Hamilton,Mercedes,2,2,1,26.0,1
2019,British Grand Prix,Charles Leclerc,Ferrari,3,3,3,15.0,1
2019,British Grand Prix,Max Verstappen,Red Bull,4,4,5,10.0,1
2019,British Grand Prix,Pierre Gasly,Red Bull,5,5,4,12.0,1
2019,British Grand Prix,Sebastian Vettel,Ferrari,6,6,16,0.0,11
2019,British Grand Prix,Daniel Ricciardo,Renault,7,7,7,6.0,1
2019,British Grand Prix,Lando Norris,McLaren,8,8,11,0.0,1
2019,British Grand Prix,Alexander Albon,Toro Rosso,9,9,12,0.0,1
2019,British Grand Prix,Nico Hülkenberg,Renault,10,10,10,1.0,1
2019,British Grand Prix,Antonio Giovinazzi,Alfa Romeo,11,11,18,0.0,20
2019,British Grand Prix,Kimi Räikkönen,Alfa Romeo,12,12,8,4.0,1
2019,British Grand Prix,Carlos Sainz,McLaren,13,13,6,8.0,1
2019,British Grand Prix,Romain Grosjean,Haas F1 Team,14,14,19,0.0,4
2019,British Grand Prix,Sergio Pérez,Racing Point,15,15,17,0.0,11
2019,British Grand Prix,Kevin Magnussen,Haas F1 Team,16,16,20,0.0,4
2019,British Grand Prix,Daniil Kvyat,Toro Rosso,17,17,9,2.0,1
2019,British Grand Prix,Lance Stroll,Racing Point,18,18,13,0.0,1
2019,British Grand Prix,George Russell,Williams,19,19,14,0.0,11
2019,British Grand Prix,Robert Kubica,Williams,20,20,15,0.0,11
2019,German Grand Prix,Lewis Hamilton,Mercedes,1,1,9,2.0,1
2019,German Grand Prix,Max Verstappen,Red Bull,2,2,1,26.0,1
2019,German Grand Prix,Valtteri Bottas,Mercedes,3,3,15,0.0,3
2019,German Grand Prix,Pierre Gasly,Red Bull,4,4,14,0.0,4
2019,German Grand Prix,Kimi Räikkönen,Alfa Romeo,5,5,12,0.0,1
2019,German Grand Prix,Romain Grosjean,Haas F1 Team,6,6,7,6.0,1
2019,German Grand Prix,Carlos Sainz,McLaren,7,7,5,10.0,1
2019,German Grand Prix,Sergio Pérez,Racing Point,8,8,20,0.0,20
2019,German Grand Prix,Nico Hülkenberg,Renault,9,9,16,0.0,3
2019,German Grand Prix,Charles Leclerc,Ferrari,10,10,17,0.0,3
2019,German Grand Prix,Antonio Giovinazzi,Alfa Romeo,11,11,13,0.0,1
2019,German Grand Prix,Kevin Magnussen,Haas F1 Team,12,12,8,4.0,1
2019,German Grand Prix,Daniel Ricciardo,Renault,13,13,19,0.0,43
2019,German Grand Prix,Daniil Kvyat,Toro Rosso,14,14,3,15.0,1
2019,German Grand Prix,Lance Stroll,Racing Point,15,15,4,12.0,1
2019,German Grand Prix,Lando Norris,McLaren,16,19,18,0.0,75
2019,German Grand Prix,Alexander Albon,Toro Rosso,17,16,6,8.0,1
2019,German Grand Prix,George Russell,Williams,18,17,11,0.0,1
2019,German Grand Prix,Robert Kubica,Williams,19,18,10,1.0,1
2019,German Grand Prix,Sebastian Vettel,Ferrari,20,20,2,18.0,1
2019,Hungarian Grand Prix,Max Verstappen,Red Bull,1,1,2,19.0,1
2019,Hungarian Grand Prix,Valtteri Bottas,Mercedes,2,2,8,4.0,11
2019,Hungarian Grand Prix,Lewis Hamilton,Mercedes,3,3,1,25.0,1
2019,Hungarian Grand Prix,Charles Leclerc,Ferrari,4,4,4,12.0,1
2019,Hungarian Grand Prix,Sebastian Vettel,Ferrari,5,5,3,15.0,1
2019,Hungarian Grand Prix,Pierre Gasly,Red Bull,6,6,6,8.0,11
2019,Hungarian Grand Prix,Lando Norris,McLaren,7,7,9,2.0,11
2019,Hungarian Grand Prix,Carlos Sainz,McLaren,8,8,5,10.0,11
2019,Hungarian Grand Prix,Romain Grosjean,Haas F1 Team,9,9,20,0.0,34
2019,Hungarian Grand Prix,Kimi Räikkönen,Alfa Romeo,10,10,7,6.0,11
2019,Hungarian Grand Prix,Nico Hülkenberg,Renault,11,11,12,0.0,11
2019,Hungarian Grand Prix,Alexander Albon,Toro Rosso,12,12,10,1.0,11
2019,Hungarian Grand Prix,Daniil Kvyat,Toro Rosso,13,13,15,0.0,12
2019,Hungarian Grand Prix,Antonio Giovinazzi,Alfa Romeo,14,17,18,0.0,12
2019,Hungarian Grand Prix,Kevin Magnussen,Haas F1 Team,15,14,13,0.0,11
2019,Hungarian Grand Prix,George Russell,Williams,16,15,16,0.0,12
2019,Hungarian Grand Prix,Sergio Pérez,Racing Point,17,16,11,0.0,11
2019,Hungarian Grand Prix,Daniel Ricciardo,Renault,18,20,14,0.0,11
2019,Hungarian Grand Prix,Lance Stroll,Racing Point,19,18,17,0.0,12
2019,Hungarian Grand Prix,Robert Kubica,Williams,20,19,19,0.0,13
2019,Belgian Grand Prix,Charles Leclerc,Ferrari,1,1,1,25.0,1
2019,Belgian Grand Prix,Sebastian Vettel,Ferrari,2,2,4,13.0,1
2019,Belgian Grand Prix,Lewis Hamilton,Mercedes,3,3,2,18.0,1
2019,Belgian Grand Prix,Valtteri Bottas,Mercedes,4,4,3,15.0,1
2019,Belgian Grand Prix,Max Verstappen,Red Bull,5,5,20,0.0,3
2019,Belgian Grand Prix,Daniel Ricciardo,Renault,6,10,14,0.0,11
2019,Belgian Grand Prix,Nico Hülkenberg,Renault,7,12,8,4.0,1
2019,Belgian Grand Prix,Kimi Räikkönen,Alfa Romeo,8,6,16,0.0,11
2019,Belgian Grand Prix,Sergio Pérez,Racing Point,9,7,6,8.0,1
2019,Belgian Grand Prix,Kevin Magnussen,Haas F1 Team,10,8,12,0.0,11
2019,Belgian Grand Prix,Romain Grosjean,Haas F1 Team,11,9,13,0.0,11
2019,Belgian Grand Prix,Lando Norris,McLaren,12,11,11,0.0,5
2019,Belgian Grand Prix,Lance Stroll,Racing Point,13,16,10,1.0,1
2019,Belgian Grand Prix,Alexander Albon,Red Bull,14,17,5,10.0,1
2019,Belgian Grand Prix,Antonio Giovinazzi,Alfa Romeo,15,18,18,0.0,3
2019,Belgian Grand Prix,Pierre Gasly,Toro Rosso,16,13,9,2.0,1
2019,Belgian Grand Prix,Carlos Sainz,McLaren,17,15,19,0.0,75
2019,Belgian Grand Prix,Daniil Kvyat,Toro Rosso,18,19,7,6.0,1
2019,Belgian Grand Prix,George Russell,Williams,19,14,15,0.0,11
2019,Belgian Grand Prix,Robert Kubica,Williams,20,0,17,0.0,11
2019,Italian Grand Prix,Charles Leclerc,Ferrari,1,1,1,25.0,1
2019,Italian Grand Prix,Lewis Hamilton,Mercedes,2,2,3,16.0,1
2019,Italian Grand Prix,Valtteri Bottas,Mercedes,3,3,2,18.0,1
2019,Italian Grand Prix,Sebastian Vettel,Ferrari,4,4,13,0.0,11
2019,Italian Grand Prix,Daniel Ricciardo,Renault,5,5,4,12.0,1
2019,Italian Grand Prix,Nico Hülkenberg,Renault,6,6,5,10.0,1
2019,Italian Grand Prix,Carlos Sainz,McLaren,7,7,20,0.0,36
2019,Italian Grand Prix,Alexander Albon,Red Bull,8,8,6,8.0,1
2019,Italian Grand Prix,Lance Stroll,Racing Point,9,9,12,0.0,11
2019,Italian Grand Prix,Kimi Räikkönen,Alfa Romeo,10,0,15,0.0,11
2019,Italian Grand Prix,Antonio Giovinazzi,Alfa Romeo,11,10,9,2.0,11
2019,Italian Grand Prix,Kevin Magnussen,Haas F1 Team,12,11,18,0.0,9
2019,Italian Grand Prix,Daniil Kvyat,Toro Rosso,13,12,19,0.0,5
2019,Italian Grand Prix,Lando Norris,McLaren,14,16,10,1.0,11
2019,Italian Grand Prix,Pierre Gasly,Toro Rosso,15,17,11,0.0,11
2019,Italian Grand Prix,Romain Grosjean,Haas F1 Team,16,13,16,0.0,11
2019,Italian Grand Prix,Sergio Pérez,Racing Point,17,18,7,6.0,1
2019,Italian Grand Prix,George Russell,Williams,18,14,14,0.0,11
2019,Italian Grand Prix,Robert Kubica,Williams,19,15,17,0.0,12
2019,Italian Grand Prix,Max Verstappen,Red Bull,20,19,8,4.0,1
2019,Singapore Grand Prix,Charles Leclerc,Ferrari,1,1,2,18.0,1
2019,Singapore Grand Prix,Lewis Hamilton,Mercedes,2,2,4,12.0,1
2019,Singapore Grand Prix,Sebastian Vettel,Ferrari,3,3,1,25.0,1
2019,Singapore Grand Prix,Max Verstappen,Red Bull,4,4,3,15.0,1
2019,Singapore Grand Prix,Valtteri Bottas,Mercedes,5,5,5,10.0,1
2019,Singapore Grand Prix,Alexander Albon,Red Bull,6,6,6,8.0,1
2019,Singapore Grand Prix,Carlos Sainz,McLaren,7,7,12,0.0,1
2019,Singapore Grand Prix,Nico Hülkenberg,Renault,8,8,9,2.0,1
2019,Singapore Grand Prix,Lando Norris,McLaren,9,9,7,6.0,1
2019,Singapore Grand Prix,Sergio Pérez,Racing Point,10,15,19,0.0,5
2019,Singapore Grand Prix,Antonio Giovinazzi,Alfa Romeo,11,10,10,1.0,1
2019,Singapore Grand Prix,Pierre Gasly,Toro Rosso,12,11,8,4.0,1
2019,Singapore Grand Prix,Kimi Räikkönen,Alfa Romeo,13,12,18,0.0,4
2019,Singapore Grand Prix,Kevin Magnussen,Haas F1 Team,14,13,17,0.0,1
2019,Singapore Grand Prix,Daniil Kvyat,Toro Rosso,15,14,15,0.0,1
2019,Singapore Grand Prix,Lance Stroll,Racing Point,16,16,13,0.0,1
2019,Singapore Grand Prix,Romain Grosjean,Haas F1 Team,17,17,11,0.0,1
2019,Singapore Grand Prix,George Russell,Williams,18,18,20,0.0,4
2019,Singapore Grand Prix,Robert Kubica,Williams,19,19,16,0.0,1
2019,Singapore Grand Prix,Daniel Ricciardo,Renault,20,20,14,0.0,1
2019,Russian Grand Prix,Charles Leclerc,Ferrari,1,1,3,15.0,1
2019,Russian Grand Prix,Lewis Hamilton,Mercedes,2,2,1,26.0,1
2019,Russian Grand Prix,Sebastian Vettel,Ferrari,3,3,18,0.0,75
2019,Russian Grand Prix,Max Verstappen,Red Bull,4,9,4,12.0,1
2019,Russian Grand Prix,Valtteri Bottas,Mercedes,5,4,2,18.0,1
2019,Russian Grand Prix,Carlos Sainz,McLaren,6,5,6,8.0,1
2019,Russian Grand Prix,Nico Hülkenberg,Renault,7,6,10,1.0,1
2019,Russian Grand Prix,Lando Norris,McLaren,8,7,8,4.0,1
2019,Russian Grand Prix,Romain Grosjean,Haas F1 Team,9,8,20,0.0,4
2019,Russian Grand Prix,Daniel Ricciardo,Renault,10,10,19,0.0,4
2019,Russian Grand Prix,Pierre Gasly,Toro Rosso,11,16,14,0.0,1
2019,Russian Grand Prix,Sergio Pérez,Racing Point,12,11,7,6.0,1
2019,Russian Grand Prix,Antonio Giovinazzi,Alfa Romeo,13,12,15,0.0,1
2019,Russian Grand Prix,Kevin Magnussen,Haas F1 Team,14,13,9,2.0,1
2019,Russian Grand Prix,Lance Stroll,Racing Point,15,14,11,0.0,1
2019,Russian Grand Prix,Kimi Räikkönen,Alfa Romeo,16,15,13,0.0,1
2019,Russian Grand Prix,George Russell,Williams,17,17,17,0.0,23
2019,Russian Grand Prix,Robert Kubica,Williams,18,18,16,0.0,23
2019,Russian Grand Prix,Alexander Albon,Red Bull,19,0,5,10.0,1
2019,Russian Grand Prix,Daniil Kvyat,Toro Rosso,20,19,12,0.0,1
2019,Japanese Grand Prix,Sebastian Vettel,Ferrari,1,1,2,18.0,1
2019,Japanese Grand Prix,Charles Leclerc,Ferrari,2,2,6,8.0,11
2019,Japanese Grand Prix,Valtteri Bottas,Mercedes,3,3,1,25.0,1
2019,Japanese Grand Prix,Lewis Hamilton,Mercedes,4,4,3,16.0,1
2019,Japanese Grand Prix,Max Verstappen,Red Bull,5,5,18,0.0,23
2019,Japanese Grand Prix,Alexander Albon,Red Bull,6,6,4,12.0,1
2019,Japanese Grand Prix,Carlos Sainz,McLaren,7,7,5,10.0,1
2019,Japanese Grand Prix,Lando Norris,McLaren,8,8,11,0.0,11
2019,Japanese Grand Prix,Pierre Gasly,Toro Rosso,9,9,7,6.0,11
2019,Japanese Grand Prix,Romain Grosjean,Haas F1 Team,10,10,13,0.0,11
2019,Japanese Grand Prix,Antonio Giovinazzi,Alfa Romeo,11,11,14,0.0,11
2019,Japanese Grand Prix,Lance Stroll,Racing Point,12,12,9,2.0,11
2019,Japanese Grand Prix,Kimi Räikkönen,Alfa Romeo,13,13,12,0.0,11
2019,Japanese Grand Prix,Daniil Kvyat,Toro Rosso,14,14,10,1.0,11
2019,Japanese Grand Prix,Nico Hülkenberg,Renault,15,15,20,0.0,2
2019,Japanese Grand Prix,Daniel Ricciardo,Renault,16,16,19,0.0,2
2019,Japanese Grand Prix,Sergio Pérez,Racing Point,17,17,8,4.0,11
2019,Japanese Grand Prix,George Russell,Williams,18,18,16,0.0,12
2019,Japanese Grand Prix,Kevin Magnussen,Haas F1 Team,19,19,15,0.0,11
2019,Japanese Grand Prix,Robert Kubica,Williams,20,0,17,0.0,12
2019,Mexican Grand Prix,Max Verstappen,Red Bull,1,4,6,8.0,1
2019,Mexican Grand Prix,Charles Leclerc,Ferrari,2,1,4,13.0,1
2019,Mexican Grand Prix,Sebastian Vettel,Ferrari,3,2,2,18.0,1
2019,Mexican Grand Prix,Lewis Hamilton,Mercedes,4,3,1,25.0,1
2019,Mexican Grand Prix,Alexander Albon,Red Bull,5,5,5,10.0,1
2019,Mexican Grand Prix,Valtteri Bottas,Mercedes,6,6,3,15.0,1
2019,Mexican Grand Prix,Carlos Sainz,McLaren,7,7,13,0.0,11
2019,Mexican Grand Prix,Lando Norris,McLaren,8,8,20,0.0,54
2019,Mexican Grand Prix,Daniil Kvyat,Toro Rosso,9,9,11,0.0,11
2019,Mexican Grand Prix,Pierre Gasly,Toro Rosso,10,10,9,2.0,11
2019,Mexican Grand Prix,Sergio Pérez,Racing Point,11,11,7,6.0,1
2019,Mexican Grand Prix,Nico Hülkenberg,Renault,12,12,10,1.0,11
2019,Mexican Grand Prix,Daniel Ricciardo,Renault,13,13,8,4.0,1
2019,Mexican Grand Prix,Kimi Räikkönen,Alfa Romeo,14,14,19,0.0,25
2019,Mexican Grand Prix,Antonio Giovinazzi,Alfa Romeo,15,15,14,0.0,11
2019,Mexican Grand Prix,Lance Stroll,Racing Point,16,16,12,0.0,11
2019,Mexican Grand Prix,Kevin Magnussen,Haas F1 Team,17,17,15,0.0,12
2019,Mexican Grand Prix,Romain Grosjean,Haas F1 Team,18,18,17,0.0,12
2019,Mexican Grand Prix,George Russell,Williams,19,19,16,0.0,12
2019,Mexican Grand Prix,Robert Kubica,Williams,20,20,18,0.0,12
2019,United States Grand Prix,Valtteri Bottas,Mercedes,1,1,1,25.0,1
2019,United States Grand Prix,Sebastian Vettel,Ferrari,2,2,20,0.0,22
2019,United States Grand Prix,Max Verstappen,Red Bull,3,3,3,15.0,1
2019,United States Grand Prix,Charles Leclerc,Ferrari,4,4,4,13.0,1
2019,United States Grand Prix,Lewis Hamilton,Mercedes,5,5,2,18.0,1
2019,United States Grand Prix,Alexander Albon,Red Bull,6,6,5,10.0,1
2019,United States Grand Prix,Carlos Sainz,McLaren,7,7,8,4.0,11
2019,United States Grand Prix,Lando Norris,McLaren,8,8,7,6.0,1
2019,United States Grand Prix,Daniel Ricciardo,Renault,9,9,6,8.0,1
2019,United States Grand Prix,Pierre Gasly,Toro Rosso,10,10,16,0.0,22
2019,United States Grand Prix,Nico Hülkenberg,Renault,11,11,9,2.0,11
2019,United States Grand Prix,Kevin Magnussen,Haas F1 Team,12,12,18,0.0,23
2019,United States Grand Prix,Daniil Kvyat,Toro Rosso,13,13,12,0.0,11
2019,United States Grand Prix,Lance Stroll,Racing Point,14,14,13,0.0,11
2019,United States Grand Prix,Romain Grosjean,Haas F1 Team,15,15,15,0.0,11
2019,United States Grand Prix,Antonio Giovinazzi,Alfa Romeo,16,16,14,0.0,11
2019,United States Grand Prix,Kimi Räikkönen,Alfa Romeo,17,17,11,0.0,11
2019,United States Grand Prix,George Russell,Williams,18,18,17,0.0,12
2019,United States Grand Prix,Sergio Pérez,Racing Point,19,0,10,1.0,11
2019,United States Grand Prix,Robert Kubica,Williams,20,19,19,0.0,44
2019,Brazilian Grand Prix,Max Verstappen,Red Bull,1,1,1,25.0,1
2019,Brazilian Grand Prix,Sebastian Vettel,Ferrari,2,2,17,0.0,4
2019,Brazilian Grand Prix,Lewis Hamilton,Mercedes,3,3,7,6.0,1
2019,Brazilian Grand Prix,Charles Leclerc,Ferrari,4,14,18,0.0,4
2019,Brazilian Grand Prix,Valtteri Bottas,Mercedes,5,4,20,0.0,131
2019,Brazilian Grand Prix,Alexander Albon,Red Bull,6,5,14,0.0,1
2019,Brazilian Grand Prix,Pierre Gasly,Toro Rosso,7,6,2,18.0,1
2019,Brazilian Grand Prix,Romain Grosjean,Haas F1 Team,8,7,13,0.0,1
2019,Brazilian Grand Prix,Kimi Räikkönen,Alfa Romeo,9,8,4,12.0,1
2019,Brazilian Grand Prix,Kevin Magnussen,Haas F1 Team,10,9,11,0.0,1
2019,Brazilian Grand Prix,Lando Norris,McLaren,11,10,8,4.0,1
2019,Brazilian Grand Prix,Daniel Ricciardo,Renault,12,11,6,8.0,1
2019,Brazilian Grand Prix,Antonio Giovinazzi,Alfa Romeo,13,12,5,10.0,1
2019,Brazilian Grand Prix,Nico Hülkenberg,Renault,14,13,15,0.0,1
2019,Brazilian Grand Prix,Sergio Pérez,Racing Point,15,15,9,2.0,1
2019,Brazilian Grand Prix,Daniil Kvyat,Toro Rosso,16,16,10,1.0,1
2019,Brazilian Grand Prix,Lance Stroll,Racing Point,17,17,19,0.0,22
2019,Brazilian Grand Prix,George Russell,Williams,18,18,12,0.0,1
2019,Brazilian Grand Prix,Robert Kubica,Williams,19,19,16,0.0,11
2019,Brazilian Grand Prix,Carlos Sainz,McLaren,20,20,3,15.0,1
2019,Abu Dhabi Grand Prix,Lewis Hamilton,Mercedes,1,1,1,26.0,1
2019,Abu Dhabi Grand Prix,Valtteri Bottas,Mercedes,2,20,4,12.0,1
2019,Abu Dhabi Grand Prix,Max Verstappen,Red Bull,3,2,2,18.0,1
2019,Abu Dhabi Grand Prix,Charles Leclerc,Ferrari,4,3,3,15.0,1
2019,Abu Dhabi Grand Prix,Sebastian Vettel,Ferrari,5,4,5,10.0,1
2019,Abu Dhabi Grand Prix,Alexander Albon,Red Bull,6,5,6,8.0,1
2019,Abu Dhabi Grand Prix,Lando Norris,McLaren,7,6,8,4.0,11
2019,Abu Dhabi Grand Prix,Daniel Ricciardo,Renault,8,7,11,0.0,11
2019,Abu Dhabi Grand Prix,Carlos Sainz,McLaren,9,8,10,1.0,11
2019,Abu Dhabi Grand Prix,Nico Hülkenberg,Renault,10,9,12,0.0,11
2019,Abu Dhabi Grand Prix,Sergio Pérez,Racing Point,11,10,7,6.0,11
2019,Abu Dhabi Grand Prix,Pierre Gasly,Toro Rosso,12,11,18,0.0,12
2019,Abu Dhabi Grand Prix,Lance Stroll,Racing Point,13,12,20,0.0,23
2019,Abu Dhabi Grand Prix,Daniil Kvyat,Toro Rosso,14,13,9,2.0,11
2019,Abu Dhabi Grand Prix,Kevin Magnussen,Haas F1 Team,15,14,14,0.0,11
2019,Abu Dhabi Grand Prix,Romain Grosjean,Haas F1 Team,16,15,15,0.0,11
2019,Abu Dhabi Grand Prix,Antonio Giovinazzi,Alfa Romeo,17,16,16,0.0,11
2019,Abu Dhabi Grand Prix,Kimi Räikkönen,Alfa Romeo,18,17,13,0.0,11
2019,Abu Dhabi Grand Prix,George Russell,Williams,19,18,17,0.0,11
2019,Abu Dhabi Grand Prix,Robert Kubica,Williams,20,19,19,0.0,12
2020,Austrian Grand Prix,Valtteri Bottas,Mercedes,1,1,1,25.0,1
2020,Austrian Grand Prix,Lewis Hamilton,Mercedes,2,5,4,12.0,1
2020,Austrian Grand Prix,Max Verstappen,Red Bull,3,2,20,0.0,40
2020,Austrian Grand Prix,Lando Norris,McLaren,4,3,3,16.0,1
2020,Austrian Grand Prix,Alexander Albon,Red Bull,5,4,13,0.0,40
2020,Austrian Grand Prix,Sergio Pérez,Racing Point,6,6,6,8.0,1
2020,Austrian Grand Prix,Charles Leclerc,Ferrari,7,7,2,18.0,1
2020,Austrian Grand Prix,Carlos Sainz,McLaren,8,8,5,10.0,1
2020,Austrian Grand Prix,Lance Stroll,Racing Point,9,9,18,0.0,5
2020,Austrian Grand Prix,Daniel Ricciardo,Renault,10,10,19,0.0,25
2020,Austrian Grand Prix,Sebastian Vettel,Ferrari,11,11,10,1.0,1
2020,Austrian Grand Prix,Pierre Gasly,AlphaTauri,12,12,7,6.0,1
2020,Austrian Grand Prix,Daniil Kvyat,AlphaTauri,13,13,12,0.0,22
2020,Austrian Grand Prix,Esteban Ocon,Renault,14,14,8,4.0,1
2020,Austrian Grand Prix,Romain Grosjean,Haas F1 Team,15,15,16,0.0,23
2020,Austrian Grand Prix,Kevin Magnussen,Haas F1 Team,16,16,17,0.0,23
2020,Austrian Grand Prix,George Russell,Williams,17,17,15,0.0,32
2020,Austrian Grand Prix,Antonio Giovinazzi,Alfa Romeo,18,18,9,2.0,1
2020,Austrian Grand Prix,Kimi Räikkönen,Alfa Romeo,19,19,14,0.0,36
2020,Austrian Grand Prix,Nicholas Latifi,Williams,20,20,11,0.0,1
2020,Styrian Grand Prix,Lewis Hamilton,Mercedes,1,1,1,25.0,1
2020,Styrian Grand Prix,Max Verstappen,Red Bull,2,2,3,15.0,1
2020,Styrian Grand Prix,Carlos Sainz,McLaren,3,3,9,3.0,11
2020,Styrian Grand Prix,Valtteri Bottas,Mercedes,4,4,2,18.0,1
2020,Styrian Grand Prix,Esteban Ocon,Renault,5,5,18,0.0,25
2020,Styrian Grand Prix,Lando Norris,McLaren,6,9,5,10.0,1
2020,Styrian Grand Prix,Alexander Albon,Red Bull,7,6,4,12.0,1
2020,Styrian Grand Prix,Pierre Gasly,AlphaTauri,8,7,15,0.0,11
2020,Styrian Grand Prix,Daniel Ricciardo,Renault,9,8,8,4.0,1
2020,Styrian Grand Prix,Sebastian Vettel,Ferrari,10,10,20,0.0,130
2020,Styrian Grand Prix,Charles Leclerc,Ferrari,11,14,19,0.0,130
2020,Styrian Grand Prix,George Russell,Williams,12,11,16,0.0,12
2020,Styrian Grand Prix,Lance Stroll,Racing Point,13,12,7,6.0,1
2020,Styrian Grand Prix,Daniil Kvyat,AlphaTauri,14,13,10,1.0,11
2020,Styrian Grand Prix,Kevin Magnussen,Haas F1 Team,15,15,12,0.0,11
2020,Styrian Grand Prix,Kimi Räikkönen,Alfa Romeo,16,16,11,0.0,11
2020,Styrian Grand Prix,Sergio Pérez,Racing Point,17,17,6,8.0,1
2020,Styrian Grand Prix,Nicholas Latifi,Williams,18,18,17,0.0,12
2020,Styrian Grand Prix,Antonio Giovinazzi,Alfa Romeo,19,19,14,0.0,11
2020,Styrian Grand Prix,Romain Grosjean,Haas F1 Team,20,0,13,0.0,11
2020,Hungarian Grand Prix,Valtteri Bottas,Mercedes,2,2,3,15.0,1
2020,Hungarian Grand Prix,Lance Stroll,Racing Point,3,3,4,12.0,1
2020,Hungarian Grand Prix,Sergio Pérez,Racing Point,4,4,7,6.0,11
2020,Hungarian Grand Prix,Sebastian Vettel,Ferrari,5,5,6,8.0,11
2020,Hungarian Grand Prix,Charles Leclerc,Ferrari,6,6,11,0.0,11
2020,Hungarian Grand Prix,Max Verstappen,Red Bull,7,7,2,18.0,1
2020,Hungarian Grand Prix,Lando Norris,McLaren,8,8,13,0.0,11
2020,Hungarian Grand Prix,Carlos Sainz,McLaren,9,9,9,2.0,11
2020,Hungarian Grand Prix,Pierre Gasly,AlphaTauri,10,10,20,0.0,5
2020,Hungarian Grand Prix,Daniel Ricciardo,Renault,11,11,8,4.0,11
2020,Hungarian Grand Prix,George Russell,Williams,12,12,18,0.0,11
2020,Hungarian Grand Prix,Alexander Albon,Red Bull,13,13,5,10.0,1
2020,Hungarian Grand Prix,Esteban Ocon,Renault,14,14,14,0.0,11
2020,Hungarian Grand Prix,Nicholas Latifi,Williams,15,15,19,0.0,15
2020,Hungarian Grand Prix,Kevin Magnussen,Haas F1 Team,16,0,10,1.0,11
2020,Hungarian Grand Prix,Daniil Kvyat,AlphaTauri,17,17,12,0.0,11
2020,Hungarian Grand Prix,Romain Grosjean,Haas F1 Team,18,0,16,0.0,11
2020,Hungarian Grand Prix,Antonio Giovinazzi,Alfa Romeo,19,19,17,0.0,11
2020,Hungarian Grand Prix,Kimi Räikkönen,Alfa Romeo,20,20,15,0.0,11
2020,Hungarian Grand Prix,Lewis Hamilton,Mercedes,1,1,1,26.0,1
2020,British Grand Prix,Lewis Hamilton,Mercedes,1,1,1,25.0,1
2020,British Grand Prix,Valtteri Bottas,Mercedes,2,2,11,0.0,1
2020,British Grand Prix,Max Verstappen,Red Bull,3,3,2,19.0,1
2020,British Grand Prix,Charles Leclerc,Ferrari,4,4,3,15.0,1
2020,British Grand Prix,Lando Norris,McLaren,5,5,5,10.0,1
2020,British Grand Prix,Lance Stroll,Racing Point,6,6,9,2.0,1
2020,British Grand Prix,Carlos Sainz,McLaren,7,7,13,0.0,1
2020,British Grand Prix,Daniel Ricciardo,Renault,8,8,4,12.0,1
2020,British Grand Prix,Esteban Ocon,Renault,9,9,6,8.0,1
2020,British Grand Prix,Sebastian Vettel,Ferrari,10,10,10,1.0,1
2020,British Grand Prix,Pierre Gasly,AlphaTauri,11,11,7,6.0,1
2020,British Grand Prix,Alexander Albon,Red Bull,12,12,8,4.0,1
2020,British Grand Prix,Nico Hülkenberg,Racing Point,13,13,20,0.0,131
2020,British Grand Prix,Daniil Kvyat,AlphaTauri,14,19,18,0.0,3
2020,British Grand Prix,George Russell,Williams,15,20,12,0.0,1
2020,British Grand Prix,Kevin Magnussen,Haas F1 Team,16,14,19,0.0,4
2020,British Grand Prix,Antonio Giovinazzi,Alfa Romeo,17,15,14,0.0,1
2020,British Grand Prix,Kimi Räikkönen,Alfa Romeo,18,16,17,0.0,11
2020,British Grand Prix,Romain Grosjean,Haas F1 Team,19,17,16,0.0,1
2020,British Grand Prix,Nicholas Latifi,Williams,20,18,15,0.0,1
2020,70th Anniversary Grand Prix,Valtteri Bottas,Mercedes,1,1,3,15.0,1
2020,70th Anniversary Grand Prix,Lewis Hamilton,Mercedes,2,2,2,19.0,1
2020,70th Anniversary Grand Prix,Nico Hülkenberg,Racing Point,3,3,7,6.0,1
2020,70th Anniversary Grand Prix,Max Verstappen,Red Bull,4,4,1,25.0,1
2020,70th Anniversary Grand Prix,Daniel Ricciardo,Renault,5,5,14,0.0,11
2020,70th Anniversary Grand Prix,Lance Stroll,Racing Point,6,6,6,8.0,1
2020,70th Anniversary Grand Prix,Pierre Gasly,AlphaTauri,7,7,11,0.0,1
2020,70th Anniversary Grand Prix,Charles Leclerc,Ferrari,8,8,4,12.0,1
2020,70th Anniversary Grand Prix,Alexander Albon,Red Bull,9,9,5,10.0,1
2020,70th Anniversary Grand Prix,Lando Norris,McLaren,10,10,9,2.0,1
2020,70th Anniversary Grand Prix,Esteban Ocon,Renault,11,14,8,4.0,1
2020,70th Anniversary Grand Prix,Sebastian Vettel,Ferrari,12,11,12,0.0,1
2020,70th Anniversary Grand Prix,Carlos Sainz,McLaren,13,12,13,0.0,1
2020,70th Anniversary Grand Prix,Romain Grosjean,Haas F1 Team,14,13,16,0.0,11
2020,70th Anniversary Grand Prix,George Russell,Williams,15,15,18,0.0,11
2020,70th Anniversary Grand Prix,Daniil Kvyat,AlphaTauri,16,16,10,1.0,1
2020,70th Anniversary Grand Prix,Kevin Magnussen,Haas F1 Team,17,17,20,0.0,31
2020,70th Anniversary Grand Prix,Nicholas Latifi,Williams,18,18,19,0.0,11
2020,70th Anniversary Grand Prix,Antonio Giovinazzi,Alfa Romeo,19,19,17,0.0,11
2020,70th Anniversary Grand Prix,Kimi Räikkönen,Alfa Romeo,20,20,15,0.0,11
2020,Spanish Grand Prix,Lewis Hamilton,Mercedes,1,1,1,25.0,1
2020,Spanish Grand Prix,Valtteri Bottas,Mercedes,2,2,3,16.0,1
2020,Spanish Grand Prix,Max Verstappen,Red Bull,3,3,2,18.0,1
2020,Spanish Grand Prix,Sergio Pérez,Racing Point,4,4,5,10.0,11
2020,Spanish Grand Prix,Lance Stroll,Racing Point,5,5,4,12.0,11
2020,Spanish Grand Prix,Alexander Albon,Red Bull,6,6,8,4.0,11
2020,Spanish Grand Prix,Carlos Sainz,McLaren,7,7,6,8.0,11
2020,Spanish Grand Prix,Lando Norris,McLaren,8,8,10,1.0,11
2020,Spanish Grand Prix,Charles Leclerc,Ferrari,9,9,20,0.0,40
2020,Spanish Grand Prix,Pierre Gasly,AlphaTauri,10,10,9,2.0,11
2020,Spanish Grand Prix,Sebastian Vettel,Ferrari,11,11,7,6.0,11
2020,Spanish Grand Prix,Daniil Kvyat,AlphaTauri,12,12,12,0.0,11
2020,Spanish Grand Prix,Daniel Ricciardo,Renault,13,13,11,0.0,11
2020,Spanish Grand Prix,Kimi Räikkönen,Alfa Romeo,14,14,14,0.0,11
2020,Spanish Grand Prix,Esteban Ocon,Renault,15,15,13,0.0,11
2020,Spanish Grand Prix,Kevin Magnussen,Haas F1 Team,16,16,15,0.0,11
2020,Spanish Grand Prix,Romain Grosjean,Haas F1 Team,17,17,19,0.0,12
2020,Spanish Grand Prix,George Russell,Williams,18,18,17,0.0,11
2020,Spanish Grand Prix,Nicholas Latifi,Williams,19,19,18,0.0,12
2020,Spanish Grand Prix,Antonio Giovinazzi,Alfa Romeo,20,20,16,0.0,11
2020,Belgian Grand Prix,Lewis Hamilton,Mercedes,1,1,1,25.0,1
2020,Belgian Grand Prix,Valtteri Bottas,Mercedes,2,2,2,18.0,1
2020,Belgian Grand Prix,Max Verstappen,Red Bull,3,3,3,15.0,1
2020,Belgian Grand Prix,Daniel Ricciardo,Renault,4,4,4,13.0,1
2020,Belgian Grand Prix,Alexander Albon,Red Bull,5,5,6,8.0,1
2020,Belgian Grand Prix,Esteban Ocon,Renault,6,6,5,10.0,1
2020,Belgian Grand Prix,Carlos Sainz,McLaren,7,7,20,0.0,43
2020,Belgian Grand Prix,Sergio Pérez,Racing Point,8,8,10,1.0,1
2020,Belgian Grand Prix,Lance Stroll,Racing Point,9,9,9,2.0,1
2020,Belgian Grand Prix,Lando Norris,McLaren,10,10,7,6.0,1
2020,Belgian Grand Prix,Daniil Kvyat,AlphaTauri,11,11,11,0.0,1
2020,Belgian Grand Prix,Pierre Gasly,AlphaTauri,12,12,8,4.0,1
2020,Belgian Grand Prix,Charles Leclerc,Ferrari,13,13,14,0.0,1
2020,Belgian Grand Prix,Sebastian Vettel,Ferrari,14,14,13,0.0,1
2020,Belgian Grand Prix,George Russell,Williams,15,15,19,0.0,138
2020,Belgian Grand Prix,Kimi Räikkönen,Alfa Romeo,16,16,12,0.0,1
2020,Belgian Grand Prix,Romain Grosjean,Haas F1 Team,17,17,15,0.0,1
2020,Belgian Grand Prix,Antonio Giovinazzi,Alfa Romeo,18,18,18,0.0,3
2020,Belgian Grand Prix,Nicholas Latifi,Williams,19,19,16,0.0,1
2020,Belgian Grand Prix,Kevin Magnussen,Haas F1 Team,20,20,17,0.0,1
2020,Italian Grand Prix,Lewis Hamilton,Mercedes,1,1,7,7.0,1
2020,Italian Grand Prix,Valtteri Bottas,Mercedes,2,2,5,10.0,1
2020,Italian Grand Prix,Carlos Sainz,McLaren,3,3,2,18.0,1
2020,Italian Grand Prix,Sergio Pérez,Racing Point,4,4,10,1.0,1
2020,Italian Grand Prix,Max Verstappen,Red Bull,5,5,17,0.0,131
2020,Italian Grand Prix,Lando Norris,McLaren,6,6,4,12.0,1
2020,Italian Grand Prix,Daniel Ricciardo,Renault,7,7,6,8.0,1
2020,Italian Grand Prix,Lance Stroll,Racing Point,8,8,3,15.0,1
2020,Italian Grand Prix,Alexander Albon,Red Bull,9,9,15,0.0,1
2020,Italian Grand Prix,Pierre Gasly,AlphaTauri,10,10,1,25.0,1
2020,Italian Grand Prix,Daniil Kvyat,AlphaTauri,11,11,9,2.0,1
2020,Italian Grand Prix,Esteban Ocon,Renault,12,12,8,4.0,1
2020,Italian Grand Prix,Charles Leclerc,Ferrari,13,13,18,0.0,3
2020,Italian Grand Prix,Kimi Räikkönen,Alfa Romeo,14,14,13,0.0,1
2020,Italian Grand Prix,Kevin Magnussen,Haas F1 Team,15,15,19,0.0,131
2020,Italian Grand Prix,Romain Grosjean,Haas F1 Team,16,16,12,0.0,1
2020,Italian Grand Prix,Sebastian Vettel,Ferrari,17,17,20,0.0,23
2020,Italian Grand Prix,Antonio Giovinazzi,Alfa Romeo,18,18,16,0.0,1
2020,Italian Grand Prix,George Russell,Williams,19,19,14,0.0,1
2020,Italian Grand Prix,Nicholas Latifi,Williams,20,20,11,0.0,1
2020,Tuscan Grand Prix,Lewis Hamilton,Mercedes,1,1,1,26.0,1
2020,Tuscan Grand Prix,Valtteri Bottas,Mercedes,2,2,2,18.0,1
2020,Tuscan Grand Prix,Max Verstappen,Red Bull,3,3,19,0.0,4
2020,Tuscan Grand Prix,Alexander Albon,Red Bull,4,4,3,15.0,1
2020,Tuscan Grand Prix,Charles Leclerc,Ferrari,5,5,8,4.0,1
2020,Tuscan Grand Prix,Sergio Pérez,Racing Point,6,7,5,10.0,1
2020,Tuscan Grand Prix,Lance Stroll,Racing Point,7,6,13,0.0,29
2020,Tuscan Grand Prix,Daniel Ricciardo,Renault,8,8,4,12.0,1
2020,Tuscan Grand Prix,Carlos Sainz,McLaren,9,9,18,0.0,4
2020,Tuscan Grand Prix,Esteban Ocon,Renault,10,10,14,0.0,23
2020,Tuscan Grand Prix,Lando Norris,McLaren,11,11,6,8.0,1
2020,Tuscan Grand Prix,Daniil Kvyat,AlphaTauri,12,12,7,6.0,1
2020,Tuscan Grand Prix,Kimi Räikkönen,Alfa Romeo,13,13,9,2.0,1
2020,Tuscan Grand Prix,Sebastian Vettel,Ferrari,14,14,10,1.0,1
2020,Tuscan Grand Prix,Romain Grosjean,Haas F1 Team,15,15,12,0.0,1
2020,Tuscan Grand Prix,Pierre Gasly,AlphaTauri,16,16,20,0.0,4
2020,Tuscan Grand Prix,Antonio Giovinazzi,Alfa Romeo,17,17,17,0.0,4
2020,Tuscan Grand Prix,George Russell,Williams,18,18,11,0.0,1
2020,Tuscan Grand Prix,Nicholas Latifi,Williams,19,19,15,0.0,4
2020,Tuscan Grand Prix,Kevin Magnussen,Haas F1 Team,20,20,16,0.0,4
2020,Russian Grand Prix,Lewis Hamilton,Mercedes,1,1,3,15.0,1
2020,Russian Grand Prix,Max Verstappen,Red Bull,2,2,2,18.0,1
2020,Russian Grand Prix,Valtteri Bottas,Mercedes,3,3,1,26.0,1
2020,Russian Grand Prix,Sergio Pérez,Racing Point,4,4,4,12.0,1
2020,Russian Grand Prix,Daniel Ricciardo,Renault,5,5,5,10.0,1
2020,Russian Grand Prix,Carlos Sainz,McLaren,6,6,19,0.0,3
2020,Russian Grand Prix,Esteban Ocon,Renault,7,7,7,6.0,1
2020,Russian Grand Prix,Lando Norris,McLaren,8,8,15,0.0,11
2020,Russian Grand Prix,Pierre Gasly,AlphaTauri,9,9,9,2.0,1
2020,Russian Grand Prix,Alexander Albon,Red Bull,10,15,10,1.0,1
2020,Russian Grand Prix,Charles Leclerc,Ferrari,11,10,6,8.0,1
2020,Russian Grand Prix,Daniil Kvyat,AlphaTauri,12,11,8,4.0,1
2020,Russian Grand Prix,Lance Stroll,Racing Point,13,12,20,0.0,4
2020,Russian Grand Prix,George Russell,Williams,14,13,18,0.0,11
2020,Russian Grand Prix,Sebastian Vettel,Ferrari,15,14,13,0.0,11
2020,Russian Grand Prix,Romain Grosjean,Haas F1 Team,16,16,17,0.0,11
2020,Russian Grand Prix,Antonio Giovinazzi,Alfa Romeo,17,17,11,0.0,11
2020,Russian Grand Prix,Kevin Magnussen,Haas F1 Team,18,18,12,0.0,11
2020,Russian Grand Prix,Nicholas Latifi,Williams,19,20,16,0.0,11
2020,Russian Grand Prix,Kimi Räikkönen,Alfa Romeo,20,19,14,0.0,11
2020,Eifel Grand Prix,Valtteri Bottas,Mercedes,1,1,19,0.0,131
2020,Eifel Grand Prix,Lewis Hamilton,Mercedes,2,2,1,25.0,1
2020,Eifel Grand Prix,Max Verstappen,Red Bull,3,3,2,19.0,1
2020,Eifel Grand Prix,Charles Leclerc,Ferrari,4,4,7,6.0,1
2020,Eifel Grand Prix,Alexander Albon,Red Bull,5,5,17,0.0,21
2020,Eifel Grand Prix,Daniel Ricciardo,Renault,6,6,3,15.0,1
2020,Eifel Grand Prix,Esteban Ocon,Renault,7,7,18,0.0,6
2020,Eifel Grand Prix,Lando Norris,McLaren,8,8,16,0.0,131
2020,Eifel Grand Prix,Sergio Pérez,Racing Point,9,9,4,12.0,1
2020,Eifel Grand Prix,Carlos Sainz,McLaren,10,10,5,10.0,1
2020,Eifel Grand Prix,Sebastian Vettel,Ferrari,11,11,11,0.0,1
2020,Eifel Grand Prix,Pierre Gasly,AlphaTauri,12,12,6,8.0,1
2020,Eifel Grand Prix,Daniil Kvyat,AlphaTauri,13,13,15,0.0,1
2020,Eifel Grand Prix,Antonio Giovinazzi,Alfa Romeo,14,14,10,1.0,1
2020,Eifel Grand Prix,Kevin Magnussen,Haas F1 Team,15,15,13,0.0,1
2020,Eifel Grand Prix,Romain Grosjean,Haas F1 Team,16,16,9,2.0,1
2020,Eifel Grand Prix,George Russell,Williams,17,17,20,0.0,4
2020,Eifel Grand Prix,Nicholas Latifi,Williams,18,18,14,0.0,1
2020,Eifel Grand Prix,Kimi Räikkönen,Alfa Romeo,19,19,12,0.0,1
2020,Eifel Grand Prix,Nico Hülkenberg,Racing Point,20,20,8,4.0,1
2020,Portuguese Grand Prix,Lance Stroll,Racing Point,12,12,20,0.0,130
2020,Portuguese Grand Prix,Esteban Ocon,Renault,11,11,8,4.0,11
2020,Portuguese Grand Prix,Daniel Ricciardo,Renault,10,10,9,2.0,11
2020,Portuguese Grand Prix,Pierre Gasly,AlphaTauri,9,9,5,10.0,11
2020,Portuguese Grand Prix,Lando Norris,McLaren,8,8,13,0.0,11
2020,Portuguese Grand Prix,Carlos Sainz,McLaren,7,7,6,8.0,11
2020,Portuguese Grand Prix,Alexander Albon,Red Bull,6,6,12,0.0,11
2020,Portuguese Grand Prix,Sergio Pérez,Racing Point,5,5,7,6.0,11
2020,Portuguese Grand Prix,Charles Leclerc,Ferrari,4,4,4,12.0,1
2020,Portuguese Grand Prix,Max Verstappen,Red Bull,3,3,3,15.0,1
2020,Portuguese Grand Prix,Valtteri Bottas,Mercedes,2,2,2,18.0,1
2020,Portuguese Grand Prix,Lewis Hamilton,Mercedes,1,1,1,26.0,1
2020,Portuguese Grand Prix,Daniil Kvyat,AlphaTauri,13,13,19,0.0,12
2020,Portuguese Grand Prix,George Russell,Williams,14,14,14,0.0,11
2020,Portuguese Grand Prix,Sebastian Vettel,Ferrari,15,15,10,1.0,11
2020,Portuguese Grand Prix,Kimi Räikkönen,Alfa Romeo,16,16,11,0.0,11
2020,Portuguese Grand Prix,Antonio Giovinazzi,Alfa Romeo,17,17,15,0.0,11
2020,Portuguese Grand Prix,Romain Grosjean,Haas F1 Team,18,18,17,0.0,11
2020,Portuguese Grand Prix,Kevin Magnussen,Haas F1 Team,19,19,16,0.0,11
2020,Portuguese Grand Prix,Nicholas Latifi,Williams,20,20,18,0.0,12
2020,Emilia Romagna Grand Prix,Valtteri Bottas,Mercedes,1,1,2,18.0,1
2020,Emilia Romagna Grand Prix,Lewis Hamilton,Mercedes,2,2,1,26.0,1
2020,Emilia Romagna Grand Prix,Max Verstappen,Red Bull,3,3,17,0.0,29
2020,Emilia Romagna Grand Prix,Pierre Gasly,AlphaTauri,4,4,20,0.0,34
2020,Emilia Romagna Grand Prix,Daniel Ricciardo,Renault,5,5,3,15.0,1
2020,Emilia Romagna Grand Prix,Alexander Albon,Red Bull,6,6,15,0.0,1
2020,Emilia Romagna Grand Prix,Charles Leclerc,Ferrari,7,7,5,10.0,1
2020,Emilia Romagna Grand Prix,Daniil Kvyat,AlphaTauri,8,8,4,12.0,1
2020,Emilia Romagna Grand Prix,Lando Norris,McLaren,9,9,8,4.0,1
2020,Emilia Romagna Grand Prix,Carlos Sainz,McLaren,10,10,7,6.0,1
2020,Emilia Romagna Grand Prix,Sergio Pérez,Racing Point,11,11,6,8.0,1
2020,Emilia Romagna Grand Prix,Esteban Ocon,Renault,12,12,19,0.0,6
2020,Emilia Romagna Grand Prix,George Russell,Williams,13,13,16,0.0,3
2020,Emilia Romagna Grand Prix,Sebastian Vettel,Ferrari,14,14,12,0.0,1
2020,Emilia Romagna Grand Prix,Lance Stroll,Racing Point,15,15,13,0.0,1
2020,Emilia Romagna Grand Prix,Romain Grosjean,Haas F1 Team,16,16,14,0.0,1
2020,Emilia Romagna Grand Prix,Kevin Magnussen,Haas F1 Team,17,17,18,0.0,139
2020,Emilia Romagna Grand Prix,Kimi Räikkönen,Alfa Romeo,18,18,9,2.0,1
2020,Emilia Romagna Grand Prix,Nicholas Latifi,Williams,19,19,11,0.0,1
2020,Emilia Romagna Grand Prix,Antonio Giovinazzi,Alfa Romeo,20,20,10,1.0,1
2020,Turkish Grand Prix,Lance Stroll,Racing Point,1,1,9,2.0,1
2020,Turkish Grand Prix,Max Verstappen,Red Bull,2,2,6,8.0,1
2020,Turkish Grand Prix,Sergio Pérez,Racing Point,3,3,2,18.0,1
2020,Turkish Grand Prix,Alexander Albon,Red Bull,4,4,7,6.0,1
2020,Turkish Grand Prix,Daniel Ricciardo,Renault,5,5,10,1.0,1
2020,Turkish Grand Prix,Lewis Hamilton,Mercedes,6,6,1,25.0,1
2020,Turkish Grand Prix,Esteban Ocon,Renault,7,7,11,0.0,11
2020,Turkish Grand Prix,Kimi Räikkönen,Alfa Romeo,8,8,15,0.0,11
2020,Turkish Grand Prix,Valtteri Bottas,Mercedes,9,9,14,0.0,11
2020,Turkish Grand Prix,Antonio Giovinazzi,Alfa Romeo,10,10,20,0.0,6
2020,Turkish Grand Prix,Lando Norris,McLaren,11,14,8,5.0,1
2020,Turkish Grand Prix,Sebastian Vettel,Ferrari,12,11,3,15.0,1
2020,Turkish Grand Prix,Carlos Sainz,McLaren,13,15,5,10.0,1
2020,Turkish Grand Prix,Charles Leclerc,Ferrari,14,12,4,12.0,1
2020,Turkish Grand Prix,Pierre Gasly,AlphaTauri,15,19,13,0.0,11
2020,Turkish Grand Prix,Kevin Magnussen,Haas F1 Team,16,13,17,0.0,54
2020,Turkish Grand Prix,Daniil Kvyat,AlphaTauri,17,16,12,0.0,11
2020,Turkish Grand Prix,George Russell,Williams,18,0,16,0.0,11
2020,Turkish Grand Prix,Romain Grosjean,Haas F1 Team,19,17,18,0.0,130
2020,Turkish Grand Prix,Nicholas Latifi,Williams,20,0,19,0.0,130
2020,Bahrain Grand Prix,Lewis Hamilton,Mercedes,1,1,1,25.0,1
2020,Bahrain Grand Prix,Valtteri Bottas,Mercedes,2,2,8,4.0,1
2020,Bahrain Grand Prix,Max Verstappen,Red Bull,3,3,2,19.0,1
2020,Bahrain Grand Prix,Alexander Albon,Red Bull,4,4,3,15.0,1
2020,Bahrain Grand Prix,Sergio Pérez,Racing Point,5,5,18,0.0,5
2020,Bahrain Grand Prix,Daniel Ricciardo,Renault,6,6,7,6.0,1
2020,Bahrain Grand Prix,Esteban Ocon,Renault,7,7,9,2.0,1
2020,Bahrain Grand Prix,Pierre Gasly,AlphaTauri,8,8,6,8.0,1
2020,Bahrain Grand Prix,Lando Norris,McLaren,9,9,4,12.0,1
2020,Bahrain Grand Prix,Daniil Kvyat,AlphaTauri,10,10,11,0.0,11
2020,Bahrain Grand Prix,Sebastian Vettel,Ferrari,11,11,13,0.0,11
2020,Bahrain Grand Prix,Charles Leclerc,Ferrari,12,12,10,1.0,11
2020,Bahrain Grand Prix,Lance Stroll,Racing Point,13,13,19,0.0,4
2020,Bahrain Grand Prix,George Russell,Williams,14,14,12,0.0,11
2020,Bahrain Grand Prix,Carlos Sainz,McLaren,15,15,5,10.0,1
2020,Bahrain Grand Prix,Antonio Giovinazzi,Alfa Romeo,16,16,16,0.0,11
2020,Bahrain Grand Prix,Kimi Räikkönen,Alfa Romeo,17,17,15,0.0,11
2020,Bahrain Grand Prix,Kevin Magnussen,Haas F1 Team,18,18,17,0.0,11
2020,Bahrain Grand Prix,Romain Grosjean,Haas F1 Team,19,19,20,0.0,4
2020,Bahrain Grand Prix,Nicholas Latifi,Williams,20,20,14,0.0,11
2020,Sakhir Grand Prix,Valtteri Bottas,Mercedes,1,1,8,4.0,1
2020,Sakhir Grand Prix,George Russell,Mercedes,2,2,9,3.0,1
2020,Sakhir Grand Prix,Max Verstappen,Red Bull,3,3,19,0.0,3
2020,Sakhir Grand Prix,Charles Leclerc,Ferrari,4,4,20,0.0,4
2020,Sakhir Grand Prix,Sergio Pérez,Racing Point,5,5,1,25.0,1
2020,Sakhir Grand Prix,Daniil Kvyat,AlphaTauri,6,6,7,6.0,1
2020,Sakhir Grand Prix,Daniel Ricciardo,Renault,7,7,5,10.0,1
2020,Sakhir Grand Prix,Carlos Sainz,McLaren,8,8,4,12.0,1
2020,Sakhir Grand Prix,Pierre Gasly,AlphaTauri,9,9,11,0.0,1
2020,Sakhir Grand Prix,Lance Stroll,Racing Point,10,10,3,15.0,1
2020,Sakhir Grand Prix,Esteban Ocon,Renault,11,11,2,18.0,1
2020,Sakhir Grand Prix,Alexander Albon,Red Bull,12,12,6,8.0,1
2020,Sakhir Grand Prix,Sebastian Vettel,Ferrari,13,13,12,0.0,1
2020,Sakhir Grand Prix,Antonio Giovinazzi,Alfa Romeo,14,14,13,0.0,1
2020,Sakhir Grand Prix,Lando Norris,McLaren,15,19,10,1.0,1
2020,Sakhir Grand Prix,Kevin Magnussen,Haas F1 Team,16,15,15,0.0,1
2020,Sakhir Grand Prix,Nicholas Latifi,Williams,17,16,18,0.0,5
2020,Sakhir Grand Prix,Jack Aitken,Williams,18,17,16,0.0,1
2020,Sakhir Grand Prix,Kimi Räikkönen,Alfa Romeo,19,18,14,0.0,1
2020,Sakhir Grand Prix,Pietro Fittipaldi,Haas F1 Team,20,20,17,0.0,1
2020,Abu Dhabi Grand Prix,Max Verstappen,Red Bull,1,1,1,25.0,1
2020,Abu Dhabi Grand Prix,Valtteri Bottas,Mercedes,2,2,2,18.0,1
2020,Abu Dhabi Grand Prix,Lewis Hamilton,Mercedes,3,3,3,15.0,1
2020,Abu Dhabi Grand Prix,Lando Norris,McLaren,4,4,5,10.0,1
2020,Abu Dhabi Grand Prix,Alexander Albon,Red Bull,5,5,4,12.0,1
2020,Abu Dhabi Grand Prix,Carlos Sainz,McLaren,6,6,6,8.0,1
2020,Abu Dhabi Grand Prix,Daniil Kvyat,AlphaTauri,7,7,11,0.0,11
2020,Abu Dhabi Grand Prix,Lance Stroll,Racing Point,8,8,10,1.0,1
2020,Abu Dhabi Grand Prix,Charles Leclerc,Ferrari,9,12,13,0.0,11
2020,Abu Dhabi Grand Prix,Pierre Gasly,AlphaTauri,10,9,8,4.0,1
2020,Abu Dhabi Grand Prix,Esteban Ocon,Renault,11,10,9,2.0,1
2020,Abu Dhabi Grand Prix,Daniel Ricciardo,Renault,12,11,7,7.0,1
2020,Abu Dhabi Grand Prix,Sebastian Vettel,Ferrari,13,13,14,0.0,11
2020,Abu Dhabi Grand Prix,Antonio Giovinazzi,Alfa Romeo,14,14,16,0.0,11
2020,Abu Dhabi Grand Prix,Sergio Pérez,Racing Point,15,19,20,0.0,7
2020,Abu Dhabi Grand Prix,Kimi Räikkönen,Alfa Romeo,16,15,12,0.0,11
2020,Abu Dhabi Grand Prix,Kevin Magnussen,Haas F1 Team,17,20,18,0.0,11
2020,Abu Dhabi Grand Prix,George Russell,Williams,18,16,15,0.0,11
2020,Abu Dhabi Grand Prix,Pietro Fittipaldi,Haas F1 Team,19,17,19,0.0,12
2020,Abu Dhabi Grand Prix,Nicholas Latifi,Williams,20,18,17,0.0,11
2021,Bahrain Grand Prix,Max Verstappen,Red Bull,1,1,2,18.0,1
2021,Bahrain Grand Prix,Lewis Hamilton,Mercedes,2,2,1,25.0,1
2021,Bahrain Grand Prix,Valtteri Bottas,Mercedes,3,3,3,16.0,1
2021,Bahrain Grand Prix,Charles Leclerc,Ferrari,4,4,6,8.0,1
2021,Bahrain Grand Prix,Pierre Gasly,AlphaTauri,5,5,17,0.0,31
2021,Bahrain Grand Prix,Daniel Ricciardo,McLaren,6,6,7,6.0,1
2021,Bahrain Grand Prix,Lando Norris,McLaren,7,7,4,12.0,1
2021,Bahrain Grand Prix,Carlos Sainz,Ferrari,8,8,8,4.0,1
2021,Bahrain Grand Prix,Fernando Alonso,Alpine F1 Team,9,9,19,0.0,23
2021,Bahrain Grand Prix,Lance Stroll,Aston Martin,10,10,10,1.0,1
2021,Bahrain Grand Prix,Sergio Pérez,Red Bull,11,0,5,10.0,1
2021,Bahrain Grand Prix,Antonio Giovinazzi,Alfa Romeo,12,12,12,0.0,11
2021,Bahrain Grand Prix,Yuki Tsunoda,AlphaTauri,13,13,9,2.0,1
2021,Bahrain Grand Prix,Kimi Räikkönen,Alfa Romeo,14,14,11,0.0,1
2021,Bahrain Grand Prix,George Russell,Williams,15,15,14,0.0,11
2021,Bahrain Grand Prix,Esteban Ocon,Alpine F1 Team,16,16,13,0.0,11
2021,Bahrain Grand Prix,Nicholas Latifi,Williams,17,17,18,0.0,31
2021,Bahrain Grand Prix,Sebastian Vettel,Aston Martin,18,20,15,0.0,11
2021,Bahrain Grand Prix,Mick Schumacher,Haas F1 Team,19,18,16,0.0,11
2021,Bahrain Grand Prix,Nikita Mazepin,Haas F1 Team,20,19,20,0.0,3
2021,Emilia Romagna Grand Prix,Lewis Hamilton,Mercedes,1,1,2,19.0,1
2021,Emilia Romagna Grand Prix,Sergio Pérez,Red Bull,2,2,11,0.0,1
2021,Emilia Romagna Grand Prix,Max Verstappen,Red Bull,3,3,1,25.0,1
2021,Emilia Romagna Grand Prix,Charles Leclerc,Ferrari,4,4,4,12.0,1
2021,Emilia Romagna Grand Prix,Pierre Gasly,AlphaTauri,5,5,7,6.0,1
2021,Emilia Romagna Grand Prix,Daniel Ricciardo,McLaren,6,6,6,8.0,1
2021,Emilia Romagna Grand Prix,Lando Norris,McLaren,7,7,3,15.0,1
2021,Emilia Romagna Grand Prix,Valtteri Bottas,Mercedes,8,8,18,0.0,4
2021,Emilia Romagna Grand Prix,Esteban Ocon,Alpine F1 Team,9,9,9,2.0,1
2021,Emilia Romagna Grand Prix,Lance Stroll,Aston Martin,10,10,8,4.0,1
2021,Emilia Romagna Grand Prix,Carlos Sainz,Ferrari,11,11,5,10.0,1
2021,Emilia Romagna Grand Prix,George Russell,Williams,12,12,19,0.0,4
2021,Emilia Romagna Grand Prix,Sebastian Vettel,Aston Martin,13,0,15,0.0,6
2021,Emilia Romagna Grand Prix,Nicholas Latifi,Williams,14,14,20,0.0,4
2021,Emilia Romagna Grand Prix,Fernando Alonso,Alpine F1 Team,15,15,10,1.0,1
2021,Emilia Romagna Grand Prix,Kimi Räikkönen,Alfa Romeo,16,16,13,0.0,1
2021,Emilia Romagna Grand Prix,Antonio Giovinazzi,Alfa Romeo,17,17,14,0.0,11
2021,Emilia Romagna Grand Prix,Mick Schumacher,Haas F1 Team,18,18,16,0.0,12
2021,Emilia Romagna Grand Prix,Nikita Mazepin,Haas F1 Team,19,19,17,0.0,12
2021,Emilia Romagna Grand Prix,Yuki Tsunoda,AlphaTauri,20,20,12,0.0,1
2021,Portuguese Grand Prix,Valtteri Bottas,Mercedes,1,1,3,16.0,1
2021,Portuguese Grand Prix,Lewis Hamilton,Mercedes,2,2,1,25.0,1
2021,Portuguese Grand Prix,Max Verstappen,Red Bull,3,3,2,18.0,1
2021,Portuguese Grand Prix,Sergio Pérez,Red Bull,4,4,4,12.0,1
2021,Portuguese Grand Prix,Carlos Sainz,Ferrari,5,5,11,0.0,1
2021,Portuguese Grand Prix,Esteban Ocon,Alpine F1 Team,6,6,7,6.0,1
2021,Portuguese Grand Prix,Lando Norris,McLaren,7,7,5,10.0,1
2021,Portuguese Grand Prix,Charles Leclerc,Ferrari,8,8,6,8.0,1
2021,Portuguese Grand Prix,Pierre Gasly,AlphaTauri,9,9,10,1.0,1
2021,Portuguese Grand Prix,Sebastian Vettel,Aston Martin,10,10,13,0.0,11
2021,Portuguese Grand Prix,George Russell,Williams,11,11,16,0.0,11
2021,Portuguese Grand Prix,Antonio Giovinazzi,Alfa Romeo,12,12,12,0.0,11
2021,Portuguese Grand Prix,Fernando Alonso,Alpine F1 Team,13,13,8,4.0,1
2021,Portuguese Grand Prix,Yuki Tsunoda,AlphaTauri,14,14,15,0.0,11
2021,Portuguese Grand Prix,Kimi Räikkönen,Alfa Romeo,15,15,20,0.0,130
2021,Portuguese Grand Prix,Daniel Ricciardo,McLaren,16,16,9,2.0,1
2021,Portuguese Grand Prix,Lance Stroll,Aston Martin,17,17,14,0.0,11
2021,Portuguese Grand Prix,Nicholas Latifi,Williams,18,18,18,0.0,12
2021,Portuguese Grand Prix,Mick Schumacher,Haas F1 Team,19,19,17,0.0,12
2021,Portuguese Grand Prix,Nikita Mazepin,Haas F1 Team,20,20,19,0.0,12
2021,Spanish Grand Prix,Lewis Hamilton,Mercedes,1,1,1,25.0,1
2021,Spanish Grand Prix,Max Verstappen,Red Bull,2,2,2,19.0,1
2021,Spanish Grand Prix,Valtteri Bottas,Mercedes,3,3,3,15.0,1
2021,Spanish Grand Prix,Charles Leclerc,Ferrari,4,4,4,12.0,1
2021,Spanish Grand Prix,Esteban Ocon,Alpine F1 Team,5,5,9,2.0,11
2021,Spanish Grand Prix,Carlos Sainz,Ferrari,6,6,7,6.0,1
2021,Spanish Grand Prix,Daniel Ricciardo,McLaren,7,7,6,8.0,1
2021,Spanish Grand Prix,Sergio Pérez,Red Bull,8,8,5,10.0,1
2021,Spanish Grand Prix,Lando Norris,McLaren,9,9,8,4.0,11
2021,Spanish Grand Prix,Fernando Alonso,Alpine F1 Team,10,10,17,0.0,11
2021,Spanish Grand Prix,Lance Stroll,Aston Martin,11,11,11,0.0,11
2021,Spanish Grand Prix,Pierre Gasly,AlphaTauri,12,12,10,1.0,11
2021,Spanish Grand Prix,Sebastian Vettel,Aston Martin,13,13,13,0.0,11
2021,Spanish Grand Prix,Antonio Giovinazzi,Alfa Romeo,14,14,15,0.0,11
2021,Spanish Grand Prix,George Russell,Williams,15,15,14,0.0,11
2021,Spanish Grand Prix,Yuki Tsunoda,AlphaTauri,16,16,20,0.0,10
2021,Spanish Grand Prix,Kimi Räikkönen,Alfa Romeo,17,17,12,0.0,11
2021,Spanish Grand Prix,Mick Schumacher,Haas F1 Team,18,18,18,0.0,12
2021,Spanish Grand Prix,Nicholas Latifi,Williams,19,19,16,0.0,11
2021,Spanish Grand Prix,Nikita Mazepin,Haas F1 Team,20,20,19,0.0,12
2021,Monaco Grand Prix,Charles Leclerc,Ferrari,1,1,20,0.0,30
2021,Monaco Grand Prix,Max Verstappen,Red Bull,2,2,1,25.0,1
2021,Monaco Grand Prix,Valtteri Bottas,Mercedes,3,3,19,0.0,61
2021,Monaco Grand Prix,Carlos Sainz,Ferrari,4,4,2,18.0,1
2021,Monaco Grand Prix,Lando Norris,McLaren,5,5,3,15.0,1
2021,Monaco Grand Prix,Pierre Gasly,AlphaTauri,6,6,6,8.0,1
2021,Monaco Grand Prix,Lewis Hamilton,Mercedes,7,7,7,7.0,1
2021,Monaco Grand Prix,Sebastian Vettel,Aston Martin,8,8,5,10.0,1
2021,Monaco Grand Prix,Sergio Pérez,Red Bull,9,9,4,12.0,1
2021,Monaco Grand Prix,Antonio Giovinazzi,Alfa Romeo,10,10,10,1.0,11
2021,Monaco Grand Prix,Esteban Ocon,Alpine F1 Team,11,11,9,2.0,11
2021,Monaco Grand Prix,Daniel Ricciardo,McLaren,12,12,12,0.0,11
2021,Monaco Grand Prix,Lance Stroll,Aston Martin,13,13,8,4.0,11
2021,Monaco Grand Prix,Kimi Räikkönen,Alfa Romeo,14,14,11,0.0,11
2021,Monaco Grand Prix,George Russell,Williams,15,15,14,0.0,11
2021,Monaco Grand Prix,Yuki Tsunoda,AlphaTauri,16,16,16,0.0,11
2021,Monaco Grand Prix,Fernando Alonso,Alpine F1 Team,17,17,13,0.0,11
2021,Monaco Grand Prix,Nicholas Latifi,Williams,18,18,15,0.0,11
2021,Monaco Grand Prix,Nikita Mazepin,Haas F1 Team,19,19,17,0.0,13
2021,Azerbaijan Grand Prix,Charles Leclerc,Ferrari,1,1,4,12.0,1
2021,Azerbaijan Grand Prix,Lewis Hamilton,Mercedes,2,2,15,0.0,1
2021,Azerbaijan Grand Prix,Max Verstappen,Red Bull,3,3,18,0.0,3
2021,Azerbaijan Grand Prix,Pierre Gasly,AlphaTauri,4,4,3,15.0,1
2021,Azerbaijan Grand Prix,Carlos Sainz,Ferrari,5,5,8,4.0,1
2021,Azerbaijan Grand Prix,Lando Norris,McLaren,6,9,5,10.0,1
2021,Azerbaijan Grand Prix,Sergio Pérez,Red Bull,7,6,1,25.0,1
2021,Azerbaijan Grand Prix,Yuki Tsunoda,AlphaTauri,8,7,7,6.0,1
2021,Azerbaijan Grand Prix,Fernando Alonso,Alpine F1 Team,9,8,6,8.0,1
2021,Azerbaijan Grand Prix,Valtteri Bottas,Mercedes,10,10,12,0.0,1
2021,Azerbaijan Grand Prix,Sebastian Vettel,Aston Martin,11,11,2,18.0,1
2021,Azerbaijan Grand Prix,Esteban Ocon,Alpine F1 Team,12,12,20,0.0,101
2021,Azerbaijan Grand Prix,Daniel Ricciardo,McLaren,13,13,9,2.0,1
2021,Azerbaijan Grand Prix,Kimi Räikkönen,Alfa Romeo,14,14,10,1.0,1
2021,Azerbaijan Grand Prix,George Russell,Williams,15,15,17,0.0,6
2021,Azerbaijan Grand Prix,Nicholas Latifi,Williams,16,16,16,0.0,1
2021,Azerbaijan Grand Prix,Mick Schumacher,Haas F1 Team,17,17,13,0.0,1
2021,Azerbaijan Grand Prix,Nikita Mazepin,Haas F1 Team,18,18,14,0.0,1
2021,Azerbaijan Grand Prix,Lance Stroll,Aston Martin,19,19,19,0.0,3
2021,Azerbaijan Grand Prix,Antonio Giovinazzi,Alfa Romeo,20,20,11,0.0,1
2021,French Grand Prix,Max Verstappen,Red Bull,1,1,1,26.0,1
2021,French Grand Prix,Lewis Hamilton,Mercedes,2,2,2,18.0,1
2021,French Grand Prix,Valtteri Bottas,Mercedes,3,3,4,12.0,1
2021,French Grand Prix,Sergio Pérez,Red Bull,4,4,3,15.0,1
2021,French Grand Prix,Carlos Sainz,Ferrari,5,5,11,0.0,1
2021,French Grand Prix,Pierre Gasly,AlphaTauri,6,6,7,6.0,1
2021,French Grand Prix,Charles Leclerc,Ferrari,7,7,16,0.0,11
2021,French Grand Prix,Lando Norris,McLaren,8,8,5,10.0,1
2021,French Grand Prix,Fernando Alonso,Alpine F1 Team,9,9,8,4.0,1
2021,French Grand Prix,Daniel Ricciardo,McLaren,10,10,6,8.0,1
2021,French Grand Prix,Esteban Ocon,Alpine F1 Team,11,11,14,0.0,11
2021,French Grand Prix,Sebastian Vettel,Aston Martin,12,12,9,2.0,1
2021,French Grand Prix,Antonio Giovinazzi,Alfa Romeo,13,13,15,0.0,11
2021,French Grand Prix,George Russell,Williams,14,14,12,0.0,11
2021,French Grand Prix,Mick Schumacher,Haas F1 Team,15,15,19,0.0,11
2021,French Grand Prix,Nicholas Latifi,Williams,16,16,18,0.0,11
2021,French Grand Prix,Kimi Räikkönen,Alfa Romeo,17,17,17,0.0,11
2021,French Grand Prix,Nikita Mazepin,Haas F1 Team,18,18,20,0.0,11
2021,French Grand Prix,Lance Stroll,Aston Martin,19,19,10,1.0,1
2021,French Grand Prix,Yuki Tsunoda,AlphaTauri,20,0,13,0.0,11
2021,Styrian Grand Prix,Max Verstappen,Red Bull,1,1,1,25.0,1
2021,Styrian Grand Prix,Valtteri Bottas,Mercedes,2,5,3,15.0,1
2021,Styrian Grand Prix,Lewis Hamilton,Mercedes,3,2,2,19.0,1
2021,Styrian Grand Prix,Lando Norris,McLaren,4,3,5,10.0,11
2021,Styrian Grand Prix,Sergio Pérez,Red Bull,5,4,4,12.0,1
2021,Styrian Grand Prix,Pierre Gasly,AlphaTauri,6,6,20,0.0,4
2021,Styrian Grand Prix,Charles Leclerc,Ferrari,7,7,7,6.0,11
2021,Styrian Grand Prix,Yuki Tsunoda,AlphaTauri,8,11,10,1.0,11
2021,Styrian Grand Prix,Fernando Alonso,Alpine F1 Team,9,8,9,2.0,11
2021,Styrian Grand Prix,Lance Stroll,Aston Martin,10,9,8,4.0,11
2021,Styrian Grand Prix,George Russell,Williams,11,10,19,0.0,5
2021,Styrian Grand Prix,Carlos Sainz,Ferrari,12,12,6,8.0,11
2021,Styrian Grand Prix,Daniel Ricciardo,McLaren,13,13,13,0.0,11
2021,Styrian Grand Prix,Sebastian Vettel,Aston Martin,14,14,12,0.0,11
2021,Styrian Grand Prix,Antonio Giovinazzi,Alfa Romeo,15,15,15,0.0,11
2021,Styrian Grand Prix,Nicholas Latifi,Williams,16,16,17,0.0,13
2021,Styrian Grand Prix,Esteban Ocon,Alpine F1 Team,17,17,14,0.0,11
2021,Styrian Grand Prix,Kimi Räikkönen,Alfa Romeo,18,18,11,0.0,11
2021,Styrian Grand Prix,Mick Schumacher,Haas F1 Team,19,19,16,0.0,12
2021,Styrian Grand Prix,Nikita Mazepin,Haas F1 Team,20,20,18,0.0,13
2021,Austrian Grand Prix,Max Verstappen,Red Bull,1,1,1,26.0,1
2021,Austrian Grand Prix,Lando Norris,McLaren,2,2,3,15.0,1
2021,Austrian Grand Prix,Sergio Pérez,Red Bull,3,3,6,8.0,1
2021,Austrian Grand Prix,Lewis Hamilton,Mercedes,4,4,4,12.0,1
2021,Austrian Grand Prix,Valtteri Bottas,Mercedes,5,5,2,18.0,1
2021,Austrian Grand Prix,Pierre Gasly,AlphaTauri,6,6,9,2.0,1
2021,Austrian Grand Prix,Yuki Tsunoda,AlphaTauri,7,7,12,0.0,11
2021,Austrian Grand Prix,Sebastian Vettel,Aston Martin,8,11,17,0.0,4
2021,Austrian Grand Prix,George Russell,Williams,9,8,11,0.0,11
2021,Austrian Grand Prix,Lance Stroll,Aston Martin,10,9,13,0.0,11
2021,Austrian Grand Prix,Carlos Sainz,Ferrari,11,10,5,10.0,1
2021,Austrian Grand Prix,Charles Leclerc,Ferrari,12,12,8,4.0,1
2021,Austrian Grand Prix,Daniel Ricciardo,McLaren,13,13,7,6.0,1
2021,Austrian Grand Prix,Fernando Alonso,Alpine F1 Team,14,14,10,1.0,11
2021,Austrian Grand Prix,Antonio Giovinazzi,Alfa Romeo,15,15,14,0.0,11
2021,Austrian Grand Prix,Kimi Räikkönen,Alfa Romeo,16,16,15,0.0,11
2021,Austrian Grand Prix,Esteban Ocon,Alpine F1 Team,17,17,20,0.0,4
2021,Austrian Grand Prix,Nicholas Latifi,Williams,18,18,16,0.0,11
2021,Austrian Grand Prix,Mick Schumacher,Haas F1 Team,19,19,18,0.0,12
2021,Austrian Grand Prix,Nikita Mazepin,Haas F1 Team,20,20,19,0.0,12
2021,British Grand Prix,Lewis Hamilton,Mercedes,1,2,1,25.0,1
2021,British Grand Prix,Max Verstappen,Red Bull,2,1,20,0.0,4
2021,British Grand Prix,Valtteri Bottas,Mercedes,3,3,3,15.0,1
2021,British Grand Prix,Charles Leclerc,Ferrari,4,4,2,18.0,1
2021,British Grand Prix,Sergio Pérez,Red Bull,5,0,16,0.0,11
2021,British Grand Prix,Lando Norris,McLaren,6,5,4,12.0,1
2021,British Grand Prix,Daniel Ricciardo,McLaren,7,6,5,10.0,1
2021,British Grand Prix,George Russell,Williams,8,12,12,0.0,11
2021,British Grand Prix,Carlos Sainz,Ferrari,9,10,6,8.0,1
2021,British Grand Prix,Sebastian Vettel,Aston Martin,10,8,19,0.0,31
2021,British Grand Prix,Fernando Alonso,Alpine F1 Team,11,7,7,6.0,1
2021,British Grand Prix,Pierre Gasly,AlphaTauri,12,11,11,0.0,1
2021,British Grand Prix,Esteban Ocon,Alpine F1 Team,13,9,9,2.0,1
2021,British Grand Prix,Antonio Giovinazzi,Alfa Romeo,14,15,13,0.0,11
2021,British Grand Prix,Lance Stroll,Aston Martin,15,14,8,4.0,1
2021,British Grand Prix,Yuki Tsunoda,AlphaTauri,16,16,10,1.0,1
2021,British Grand Prix,Kimi Räikkönen,Alfa Romeo,17,13,15,0.0,11
2021,British Grand Prix,Nicholas Latifi,Williams,18,17,14,0.0,11
2021,British Grand Prix,Mick Schumacher,Haas F1 Team,19,18,18,0.0,11
2021,British Grand Prix,Nikita Mazepin,Haas F1 Team,20,19,17,0.0,11
2021,Hungarian Grand Prix,Lewis Hamilton,Mercedes,1,1,2,18.0,1
2021,Hungarian Grand Prix,Valtteri Bottas,Mercedes,2,2,16,0.0,4
2021,Hungarian Grand Prix,Max Verstappen,Red Bull,3,3,9,2.0,1
2021,Hungarian Grand Prix,Sergio Pérez,Red Bull,4,4,17,0.0,4
2021,Hungarian Grand Prix,Pierre Gasly,AlphaTauri,5,5,5,11.0,1
2021,Hungarian Grand Prix,Lando Norris,McLaren,6,6,15,0.0,4
2021,Hungarian Grand Prix,Charles Leclerc,Ferrari,7,7,18,0.0,4
2021,Hungarian Grand Prix,Esteban Ocon,Alpine F1 Team,8,8,1,25.0,1
2021,Hungarian Grand Prix,Fernando Alonso,Alpine F1 Team,9,9,4,12.0,1
2021,Hungarian Grand Prix,Sebastian Vettel,Aston Martin,10,10,20,0.0,2
2021,Hungarian Grand Prix,Daniel Ricciardo,McLaren,11,11,11,0.0,11
2021,Hungarian Grand Prix,Lance Stroll,Aston Martin,12,12,19,0.0,4
2021,Hungarian Grand Prix,Kimi Räikkönen,Alfa Romeo,13,13,10,1.0,11
2021,Hungarian Grand Prix,Antonio Giovinazzi,Alfa Romeo,14,0,13,0.0,11
2021,Hungarian Grand Prix,Carlos Sainz,Ferrari,15,15,3,15.0,1
2021,Hungarian Grand Prix,Yuki Tsunoda,AlphaTauri,16,16,6,8.0,1
2021,Hungarian Grand Prix,George Russell,Williams,17,17,8,4.0,1
2021,Hungarian Grand Prix,Nicholas Latifi,Williams,18,18,7,6.0,1
2021,Hungarian Grand Prix,Nikita Mazepin,Haas F1 Team,19,19,14,0.0,4
2021,Hungarian Grand Prix,Mick Schumacher,Haas F1 Team,20,20,12,0.0,11
2021,Belgian Grand Prix,Max Verstappen,Red Bull,1,1,1,12.5,1
2021,Belgian Grand Prix,George Russell,Williams,2,2,2,9.0,1
2021,Belgian Grand Prix,Lewis Hamilton,Mercedes,3,3,3,7.5,1
2021,Belgian Grand Prix,Daniel Ricciardo,McLaren,4,4,4,6.0,1
2021,Belgian Grand Prix,Sebastian Vettel,Aston Martin,5,5,5,5.0,1
2021,Belgian Grand Prix,Pierre Gasly,AlphaTauri,6,6,6,4.0,1
2021,Belgian Grand Prix,Sergio Pérez,Red Bull,7,0,19,0.0,1
2021,Belgian Grand Prix,Valtteri Bottas,Mercedes,8,13,12,0.0,1
2021,Belgian Grand Prix,Esteban Ocon,Alpine F1 Team,9,8,7,3.0,1
2021,Belgian Grand Prix,Lando Norris,McLaren,10,15,14,0.0,1
2021,Belgian Grand Prix,Charles Leclerc,Ferrari,11,9,8,2.0,1
2021,Belgian Grand Prix,Nicholas Latifi,Williams,12,10,9,1.0,1
2021,Belgian Grand Prix,Carlos Sainz,Ferrari,13,11,10,0.5,1
2021,Belgian Grand Prix,Fernando Alonso,Alpine F1 Team,14,12,11,0.0,1
2021,Belgian Grand Prix,Lance Stroll,Aston Martin,15,19,20,0.0,1
2021,Belgian Grand Prix,Antonio Giovinazzi,Alfa Romeo,16,14,13,0.0,1
2021,Belgian Grand Prix,Yuki Tsunoda,AlphaTauri,17,16,15,0.0,1
2021,Belgian Grand Prix,Mick Schumacher,Haas F1 Team,18,17,16,0.0,1
2021,Belgian Grand Prix,Kimi Räikkönen,Alfa Romeo,19,0,18,0.0,1
2021,Belgian Grand Prix,Nikita Mazepin,Haas F1 Team,20,18,17,0.0,1
2021,Dutch Grand Prix,Max Verstappen,Red Bull,1,1,1,25.0,1
2021,Dutch Grand Prix,Lewis Hamilton,Mercedes,2,2,2,19.0,1
2021,Dutch Grand Prix,Valtteri Bottas,Mercedes,3,3,3,15.0,1
2021,Dutch Grand Prix,Pierre Gasly,AlphaTauri,4,4,4,12.0,11
2021,Dutch Grand Prix,Charles Leclerc,Ferrari,5,5,5,10.0,11
2021,Dutch Grand Prix,Carlos Sainz,Ferrari,6,6,7,6.0,11
2021,Dutch Grand Prix,Antonio Giovinazzi,Alfa Romeo,7,7,14,0.0,12
2021,Dutch Grand Prix,Esteban Ocon,Alpine F1 Team,8,8,9,2.0,11
2021,Dutch Grand Prix,Fernando Alonso,Alpine F1 Team,9,9,6,8.0,11
2021,Dutch Grand Prix,Daniel Ricciardo,McLaren,10,10,11,0.0,11
2021,Dutch Grand Prix,George Russell,Williams,11,11,17,0.0,6
2021,Dutch Grand Prix,Lance Stroll,Aston Martin,12,12,12,0.0,12
2021,Dutch Grand Prix,Lando Norris,McLaren,13,13,10,1.0,11
2021,Dutch Grand Prix,Nicholas Latifi,Williams,14,0,16,0.0,12
2021,Dutch Grand Prix,Yuki Tsunoda,AlphaTauri,15,14,19,0.0,131
2021,Dutch Grand Prix,Sergio Pérez,Red Bull,16,0,8,4.0,11
2021,Dutch Grand Prix,Sebastian Vettel,Aston Martin,17,15,13,0.0,12
2021,Dutch Grand Prix,Robert Kubica,Alfa Romeo,18,16,15,0.0,12
2021,Dutch Grand Prix,Mick Schumacher,Haas F1 Team,19,17,18,0.0,13
2021,Dutch Grand Prix,Nikita Mazepin,Haas F1 Team,20,18,20,0.0,9
2021,Italian Grand Prix,Valtteri Bottas,Mercedes,1,19,3,15.0,1
2021,Italian Grand Prix,Lewis Hamilton,Mercedes,2,4,17,0.0,4
2021,Italian Grand Prix,Max Verstappen,Red Bull,3,1,18,0.0,4
2021,Italian Grand Prix,Lando Norris,McLaren,4,3,2,18.0,1
2021,Italian Grand Prix,Daniel Ricciardo,McLaren,5,2,1,26.0,1
2021,Italian Grand Prix,Pierre Gasly,AlphaTauri,6,0,19,0.0,22
2021,Italian Grand Prix,Carlos Sainz,Ferrari,7,6,6,8.0,1
2021,Italian Grand Prix,Charles Leclerc,Ferrari,8,5,4,12.0,1
2021,Italian Grand Prix,Sergio Pérez,Red Bull,9,8,5,10.0,1
2021,Italian Grand Prix,Antonio Giovinazzi,Alfa Romeo,10,7,13,0.0,1
2021,Italian Grand Prix,Sebastian Vettel,Aston Martin,11,11,12,0.0,1
2021,Italian Grand Prix,Lance Stroll,Aston Martin,12,9,7,6.0,1
2021,Italian Grand Prix,Fernando Alonso,Alpine F1 Team,13,10,8,4.0,1
2021,Italian Grand Prix,Esteban Ocon,Alpine F1 Team,14,12,10,1.0,1
2021,Italian Grand Prix,George Russell,Williams,15,14,9,2.0,1
2021,Italian Grand Prix,Nicholas Latifi,Williams,16,13,11,0.0,1
2021,Italian Grand Prix,Yuki Tsunoda,AlphaTauri,17,0,20,0.0,23
2021,Italian Grand Prix,Mick Schumacher,Haas F1 Team,18,18,15,0.0,1
2021,Italian Grand Prix,Robert Kubica,Alfa Romeo,19,17,14,0.0,1
2021,Italian Grand Prix,Nikita Mazepin,Haas F1 Team,20,16,16,0.0,131
2021,Russian Grand Prix,Lando Norris,McLaren,1,1,7,7.0,1
2021,Russian Grand Prix,Carlos Sainz,Ferrari,2,2,3,15.0,1
2021,Russian Grand Prix,George Russell,Williams,3,3,10,1.0,1
2021,Russian Grand Prix,Lewis Hamilton,Mercedes,4,4,1,25.0,1
2021,Russian Grand Prix,Daniel Ricciardo,McLaren,5,5,4,12.0,1
2021,Russian Grand Prix,Fernando Alonso,Alpine F1 Team,6,6,6,8.0,1
2021,Russian Grand Prix,Valtteri Bottas,Mercedes,7,16,5,10.0,1
2021,Russian Grand Prix,Lance Stroll,Aston Martin,8,7,11,0.0,1
2021,Russian Grand Prix,Sergio Pérez,Red Bull,9,8,9,2.0,1
2021,Russian Grand Prix,Esteban Ocon,Alpine F1 Team,10,9,14,0.0,11
2021,Russian Grand Prix,Sebastian Vettel,Aston Martin,11,10,12,0.0,11
2021,Russian Grand Prix,Pierre Gasly,AlphaTauri,12,11,13,0.0,11
2021,Russian Grand Prix,Yuki Tsunoda,AlphaTauri,13,12,17,0.0,11
2021,Russian Grand Prix,Nicholas Latifi,Williams,14,18,19,0.0,3
2021,Russian Grand Prix,Charles Leclerc,Ferrari,15,19,15,0.0,11
2021,Russian Grand Prix,Kimi Räikkönen,Alfa Romeo,16,13,8,4.0,1
2021,Russian Grand Prix,Mick Schumacher,Haas F1 Team,17,14,20,0.0,44
2021,Russian Grand Prix,Antonio Giovinazzi,Alfa Romeo,18,17,16,0.0,11
2021,Russian Grand Prix,Nikita Mazepin,Haas F1 Team,19,15,18,0.0,12
2021,Russian Grand Prix,Max Verstappen,Red Bull,20,20,2,18.0,1
1996,San Marino Grand Prix,Martin Brundle,Jordan,12,12,17,0.0,20
1996,San Marino Grand Prix,Andrea Montermini,Forti,22,22,22,0.0,77
2021,Turkish Grand Prix,Lewis Hamilton,Mercedes,1,11,5,10.0,1
2021,Turkish Grand Prix,Valtteri Bottas,Mercedes,2,1,1,26.0,1
2021,Turkish Grand Prix,Max Verstappen,Red Bull,3,2,2,18.0,1
2021,Turkish Grand Prix,Charles Leclerc,Ferrari,4,3,4,12.0,1
2021,Turkish Grand Prix,Pierre Gasly,AlphaTauri,5,4,6,8.0,1
2021,Turkish Grand Prix,Fernando Alonso,Alpine F1 Team,6,5,16,0.0,11
2021,Turkish Grand Prix,Sergio Pérez,Red Bull,7,6,3,15.0,1
2021,Turkish Grand Prix,Lando Norris,McLaren,8,7,7,6.0,1
2021,Turkish Grand Prix,Lance Stroll,Aston Martin,9,8,9,2.0,1
2021,Turkish Grand Prix,Yuki Tsunoda,AlphaTauri,10,9,14,0.0,11
2021,Turkish Grand Prix,Sebastian Vettel,Aston Martin,11,10,18,0.0,11
2021,Turkish Grand Prix,Esteban Ocon,Alpine F1 Team,12,12,10,1.0,11
2021,Turkish Grand Prix,George Russell,Williams,13,13,15,0.0,11
2021,Turkish Grand Prix,Mick Schumacher,Haas F1 Team,14,14,19,0.0,12
2021,Turkish Grand Prix,Carlos Sainz,Ferrari,15,19,8,4.0,1
2021,Turkish Grand Prix,Daniel Ricciardo,McLaren,16,20,13,0.0,11
2021,Turkish Grand Prix,Nicholas Latifi,Williams,17,15,17,0.0,11
2021,Turkish Grand Prix,Antonio Giovinazzi,Alfa Romeo,18,16,11,0.0,11
2021,Turkish Grand Prix,Kimi Räikkönen,Alfa Romeo,19,17,12,0.0,11
2021,Turkish Grand Prix,Nikita Mazepin,Haas F1 Team,20,18,20,0.0,12
2021,United States Grand Prix,Max Verstappen,Red Bull,1,1,1,25.0,1
2021,United States Grand Prix,Lewis Hamilton,Mercedes,2,2,2,19.0,1
2021,United States Grand Prix,Sergio Pérez,Red Bull,3,3,3,15.0,1
2021,United States Grand Prix,Valtteri Bottas,Mercedes,4,9,6,8.0,1
2021,United States Grand Prix,Charles Leclerc,Ferrari,5,4,4,12.0,1
2021,United States Grand Prix,Carlos Sainz,Ferrari,6,5,7,6.0,1
2021,United States Grand Prix,Daniel Ricciardo,McLaren,7,6,5,10.0,1
2021,United States Grand Prix,Lando Norris,McLaren,8,7,8,4.0,1
2021,United States Grand Prix,Pierre Gasly,AlphaTauri,9,8,20,0.0,22
2021,United States Grand Prix,Yuki Tsunoda,AlphaTauri,10,10,9,2.0,11
2021,United States Grand Prix,Esteban Ocon,Alpine F1 Team,11,11,19,0.0,26
2021,United States Grand Prix,Sebastian Vettel,Aston Martin,12,18,10,1.0,11
2021,United States Grand Prix,Antonio Giovinazzi,Alfa Romeo,13,12,11,0.0,11
2021,United States Grand Prix,Fernando Alonso,Alpine F1 Team,14,19,18,0.0,65
2021,United States Grand Prix,George Russell,Williams,15,20,14,0.0,11
2021,United States Grand Prix,Lance Stroll,Aston Martin,16,13,12,0.0,11
2021,United States Grand Prix,Nicholas Latifi,Williams,17,14,15,0.0,11
2021,United States Grand Prix,Kimi Räikkönen,Alfa Romeo,18,15,13,0.0,11
2021,United States Grand Prix,Mick Schumacher,Haas F1 Team,19,16,16,0.0,12
2021,United States Grand Prix,Nikita Mazepin,Haas F1 Team,20,17,17,0.0,12
2021,Mexico City Grand Prix,Valtteri Bottas,Mercedes,1,1,15,0.0,12
2021,Mexico City Grand Prix,Lewis Hamilton,Mercedes,2,2,2,18.0,1
2021,Mexico City Grand Prix,Max Verstappen,Red Bull,3,3,1,25.0,1
2021,Mexico City Grand Prix,Sergio Pérez,Red Bull,4,4,3,15.0,1
2021,Mexico City Grand Prix,Pierre Gasly,AlphaTauri,5,5,4,12.0,1
2021,Mexico City Grand Prix,Carlos Sainz,Ferrari,6,6,6,8.0,11
2021,Mexico City Grand Prix,Daniel Ricciardo,McLaren,7,7,12,0.0,11
2021,Mexico City Grand Prix,Charles Leclerc,Ferrari,8,8,5,10.0,1
2021,Mexico City Grand Prix,Yuki Tsunoda,AlphaTauri,9,17,20,0.0,4
2021,Mexico City Grand Prix,Lando Norris,McLaren,10,18,10,1.0,11
2021,Mexico City Grand Prix,Sebastian Vettel,Aston Martin,11,9,7,6.0,11
2021,Mexico City Grand Prix,Kimi Räikkönen,Alfa Romeo,12,10,8,4.0,11
2021,Mexico City Grand Prix,George Russell,Williams,13,16,16,0.0,12
2021,Mexico City Grand Prix,Antonio Giovinazzi,Alfa Romeo,14,11,11,0.0,11
2021,Mexico City Grand Prix,Esteban Ocon,Alpine F1 Team,15,19,13,0.0,11
2021,Mexico City Grand Prix,Fernando Alonso,Alpine F1 Team,16,12,9,2.0,11
2021,Mexico City Grand Prix,Nicholas Latifi,Williams,17,13,17,0.0,12
2021,Mexico City Grand Prix,Mick Schumacher,Haas F1 Team,18,14,19,0.0,4
2021,Mexico City Grand Prix,Nikita Mazepin,Haas F1 Team,19,15,18,0.0,13
2021,Mexico City Grand Prix,Lance Stroll,Aston Martin,20,20,14,0.0,12
2021,São Paulo Grand Prix,Lewis Hamilton,Mercedes,1,10,1,25.0,1
2021,São Paulo Grand Prix,Max Verstappen,Red Bull,2,2,2,18.0,1
2021,São Paulo Grand Prix,Valtteri Bottas,Mercedes,3,1,3,15.0,1
2021,São Paulo Grand Prix,Sergio Pérez,Red Bull,4,4,4,13.0,1
2021,São Paulo Grand Prix,Pierre Gasly,AlphaTauri,5,7,7,6.0,11
2021,São Paulo Grand Prix,Carlos Sainz,Ferrari,6,3,6,8.0,1
2021,São Paulo Grand Prix,Charles Leclerc,Ferrari,7,6,5,10.0,1
2021,São Paulo Grand Prix,Lando Norris,McLaren,8,5,10,1.0,11
2021,São Paulo Grand Prix,Daniel Ricciardo,McLaren,9,11,19,0.0,75
2021,São Paulo Grand Prix,Fernando Alonso,Alpine F1 Team,10,12,9,2.0,11
2021,São Paulo Grand Prix,Esteban Ocon,Alpine F1 Team,11,8,8,4.0,11
2021,São Paulo Grand Prix,Sebastian Vettel,Aston Martin,12,9,11,0.0,11
2021,São Paulo Grand Prix,Yuki Tsunoda,AlphaTauri,13,15,15,0.0,11
2021,São Paulo Grand Prix,Kimi Räikkönen,Alfa Romeo,14,0,12,0.0,11
2021,São Paulo Grand Prix,Antonio Giovinazzi,Alfa Romeo,15,13,14,0.0,11
2021,São Paulo Grand Prix,Lance Stroll,Aston Martin,16,14,20,0.0,130
2021,São Paulo Grand Prix,Nicholas Latifi,Williams,17,16,16,0.0,11
2021,São Paulo Grand Prix,George Russell,Williams,18,17,13,0.0,11
2021,São Paulo Grand Prix,Mick Schumacher,Haas F1 Team,19,18,18,0.0,12
2021,São Paulo Grand Prix,Nikita Mazepin,Haas F1 Team,20,19,17,0.0,12
2021,Qatar Grand Prix,Lewis Hamilton,Mercedes,1,1,1,25.0,1
2021,Qatar Grand Prix,Max Verstappen,Red Bull,2,7,2,19.0,1
2021,Qatar Grand Prix,Valtteri Bottas,Mercedes,3,6,20,0.0,137
2021,Qatar Grand Prix,Pierre Gasly,AlphaTauri,4,2,11,0.0,11
2021,Qatar Grand Prix,Fernando Alonso,Alpine F1 Team,5,3,3,15.0,1
2021,Qatar Grand Prix,Lando Norris,McLaren,6,4,9,2.0,11
2021,Qatar Grand Prix,Carlos Sainz,Ferrari,7,5,7,6.0,1
2021,Qatar Grand Prix,Yuki Tsunoda,AlphaTauri,8,8,13,0.0,11
2021,Qatar Grand Prix,Esteban Ocon,Alpine F1 Team,9,9,5,10.0,1
2021,Qatar Grand Prix,Sebastian Vettel,Aston Martin,10,10,10,1.0,11
2021,Qatar Grand Prix,Sergio Pérez,Red Bull,11,11,4,12.0,1
2021,Qatar Grand Prix,Lance Stroll,Aston Martin,12,12,6,8.0,1
2021,Qatar Grand Prix,Charles Leclerc,Ferrari,13,13,8,4.0,1
2021,Qatar Grand Prix,Daniel Ricciardo,McLaren,14,14,12,0.0,11
2021,Qatar Grand Prix,George Russell,Williams,15,15,17,0.0,12
2021,Qatar Grand Prix,Kimi Räikkönen,Alfa Romeo,16,16,14,0.0,11
2021,Qatar Grand Prix,Nicholas Latifi,Williams,17,17,19,0.0,29
2021,Qatar Grand Prix,Antonio Giovinazzi,Alfa Romeo,18,18,15,0.0,11
2021,Qatar Grand Prix,Mick Schumacher,Haas F1 Team,19,19,16,0.0,11
2021,Qatar Grand Prix,Nikita Mazepin,Haas F1 Team,20,20,18,0.0,12
2021,Saudi Arabian Grand Prix,Lewis Hamilton,Mercedes,1,1,1,26.0,1
2021,Saudi Arabian Grand Prix,Valtteri Bottas,Mercedes,2,2,3,15.0,1
2021,Saudi Arabian Grand Prix,Max Verstappen,Red Bull,3,3,2,18.0,1
2021,Saudi Arabian Grand Prix,Charles Leclerc,Ferrari,4,4,7,6.0,1
2021,Saudi Arabian Grand Prix,Sergio Pérez,Red Bull,5,5,17,0.0,4
2021,Saudi Arabian Grand Prix,Pierre Gasly,AlphaTauri,6,6,6,8.0,1
2021,Saudi Arabian Grand Prix,Lando Norris,McLaren,7,7,10,1.0,1
2021,Saudi Arabian Grand Prix,Yuki Tsunoda,AlphaTauri,8,8,14,0.0,11
2021,Saudi Arabian Grand Prix,Esteban Ocon,Alpine F1 Team,9,9,4,12.0,1
2021,Saudi Arabian Grand Prix,Antonio Giovinazzi,Alfa Romeo,10,10,9,2.0,1
2021,Saudi Arabian Grand Prix,Daniel Ricciardo,McLaren,11,11,5,10.0,1
2021,Saudi Arabian Grand Prix,Kimi Räikkönen,Alfa Romeo,12,12,15,0.0,11
2021,Saudi Arabian Grand Prix,Fernando Alonso,Alpine F1 Team,13,13,13,0.0,11
2021,Saudi Arabian Grand Prix,George Russell,Williams,14,14,19,0.0,4
2021,Saudi Arabian Grand Prix,Carlos Sainz,Ferrari,15,15,8,4.0,1
2021,Saudi Arabian Grand Prix,Nicholas Latifi,Williams,16,16,12,0.0,1
2021,Saudi Arabian Grand Prix,Sebastian Vettel,Aston Martin,17,17,16,0.0,130
2021,Saudi Arabian Grand Prix,Lance Stroll,Aston Martin,18,18,11,0.0,1
2021,Saudi Arabian Grand Prix,Mick Schumacher,Haas F1 Team,19,19,20,0.0,3
2021,Saudi Arabian Grand Prix,Nikita Mazepin,Haas F1 Team,20,20,18,0.0,4
2021,Abu Dhabi Grand Prix,Max Verstappen,Red Bull,1,1,1,26.0,1
2021,Abu Dhabi Grand Prix,Lewis Hamilton,Mercedes,2,2,2,18.0,1
2021,Abu Dhabi Grand Prix,Lando Norris,McLaren,3,3,7,6.0,1
2021,Abu Dhabi Grand Prix,Sergio Pérez,Red Bull,4,4,15,0.0,5
2021,Abu Dhabi Grand Prix,Carlos Sainz,Ferrari,5,5,3,15.0,1
2021,Abu Dhabi Grand Prix,Valtteri Bottas,Mercedes,6,6,6,8.0,1
2021,Abu Dhabi Grand Prix,Charles Leclerc,Ferrari,7,7,10,1.0,1
2021,Abu Dhabi Grand Prix,Yuki Tsunoda,AlphaTauri,8,8,4,12.0,1
2021,Abu Dhabi Grand Prix,Esteban Ocon,Alpine F1 Team,9,9,9,2.0,1
2021,Abu Dhabi Grand Prix,Daniel Ricciardo,McLaren,10,10,12,0.0,11
2021,Abu Dhabi Grand Prix,Fernando Alonso,Alpine F1 Team,11,11,8,4.0,1
2021,Abu Dhabi Grand Prix,Pierre Gasly,AlphaTauri,12,12,5,10.0,1
2021,Abu Dhabi Grand Prix,Lance Stroll,Aston Martin,13,13,13,0.0,11
2021,Abu Dhabi Grand Prix,Antonio Giovinazzi,Alfa Romeo,14,14,17,0.0,6
2021,Abu Dhabi Grand Prix,Sebastian Vettel,Aston Martin,15,15,11,0.0,1
2021,Abu Dhabi Grand Prix,Nicholas Latifi,Williams,16,16,16,0.0,3
2021,Abu Dhabi Grand Prix,George Russell,Williams,17,17,18,0.0,6
2021,Abu Dhabi Grand Prix,Kimi Räikkönen,Alfa Romeo,18,18,19,0.0,23
2021,Abu Dhabi Grand Prix,Mick Schumacher,Haas F1 Team,19,19,14,0.0,11
2021,Abu Dhabi Grand Prix,Nikita Mazepin,Haas F1 Team,20,20,20,0.0,139
2022,Bahrain Grand Prix,Charles Leclerc,Ferrari,1,1,1,26.0,1
2022,Bahrain Grand Prix,Max Verstappen,Red Bull,2,2,19,0.0,32
2022,Bahrain Grand Prix,Carlos Sainz,Ferrari,3,3,2,18.0,1
2022,Bahrain Grand Prix,Sergio Pérez,Red Bull,4,4,18,0.0,32
2022,Bahrain Grand Prix,Lewis Hamilton,Mercedes,5,5,3,15.0,1
2022,Bahrain Grand Prix,Valtteri Bottas,Alfa Romeo,6,6,6,8.0,1
2022,Bahrain Grand Prix,Kevin Magnussen,Haas F1 Team,7,7,5,10.0,1
2022,Bahrain Grand Prix,Fernando Alonso,Alpine F1 Team,8,8,9,2.0,1
2022,Bahrain Grand Prix,George Russell,Mercedes,9,9,4,12.0,1
2022,Bahrain Grand Prix,Pierre Gasly,AlphaTauri,10,10,20,0.0,131
2022,Bahrain Grand Prix,Esteban Ocon,Alpine F1 Team,11,11,7,6.0,1
2022,Bahrain Grand Prix,Mick Schumacher,Haas F1 Team,12,12,11,0.0,1
2022,Bahrain Grand Prix,Lando Norris,McLaren,13,13,15,0.0,1
2022,Bahrain Grand Prix,Alexander Albon,Williams,14,14,13,0.0,1
2022,Bahrain Grand Prix,Guanyu Zhou,Alfa Romeo,15,15,10,1.0,1
2022,Bahrain Grand Prix,Yuki Tsunoda,AlphaTauri,16,16,8,4.0,1
2022,Bahrain Grand Prix,Nico Hülkenberg,Aston Martin,17,17,17,0.0,1
2022,Bahrain Grand Prix,Daniel Ricciardo,McLaren,18,18,14,0.0,1
2022,Bahrain Grand Prix,Lance Stroll,Aston Martin,19,19,12,0.0,1
2022,Bahrain Grand Prix,Nicholas Latifi,Williams,20,20,16,0.0,1
2022,Saudi Arabian Grand Prix,Guanyu Zhou,Alfa Romeo,13,12,11,0.0,1
2022,Saudi Arabian Grand Prix,Daniel Ricciardo,McLaren,12,14,17,0.0,6
2022,Saudi Arabian Grand Prix,Lando Norris,McLaren,11,11,7,6.0,1
2022,Saudi Arabian Grand Prix,Kevin Magnussen,Haas F1 Team,10,10,9,2.0,1
2022,Saudi Arabian Grand Prix,Pierre Gasly,AlphaTauri,9,9,8,4.0,1
2022,Saudi Arabian Grand Prix,Valtteri Bottas,Alfa Romeo,8,8,15,0.0,141
2022,Saudi Arabian Grand Prix,Fernando Alonso,Alpine F1 Team,7,7,16,0.0,103
2022,Saudi Arabian Grand Prix,George Russell,Mercedes,6,6,5,10.0,1
2022,Saudi Arabian Grand Prix,Esteban Ocon,Alpine F1 Team,5,5,6,8.0,1
2022,Saudi Arabian Grand Prix,Max Verstappen,Red Bull,4,4,1,25.0,1
2022,Saudi Arabian Grand Prix,Carlos Sainz,Ferrari,3,3,3,15.0,1
2022,Saudi Arabian Grand Prix,Charles Leclerc,Ferrari,2,2,2,19.0,1
2022,Saudi Arabian Grand Prix,Sergio Pérez,Red Bull,1,1,4,12.0,1
2022,Saudi Arabian Grand Prix,Mick Schumacher,Haas F1 Team,14,0,20,0.0,54
2022,Saudi Arabian Grand Prix,Lance Stroll,Aston Martin,15,13,13,0.0,11
2022,Saudi Arabian Grand Prix,Lewis Hamilton,Mercedes,16,15,10,1.0,1
2022,Saudi Arabian Grand Prix,Alexander Albon,Williams,17,16,14,0.0,130
2022,Saudi Arabian Grand Prix,Nico Hülkenberg,Aston Martin,18,17,12,0.0,1
2022,Saudi Arabian Grand Prix,Nicholas Latifi,Williams,19,18,18,0.0,3
2022,Saudi Arabian Grand Prix,Yuki Tsunoda,AlphaTauri,20,19,19,0.0,131
2022,Australian Grand Prix,Charles Leclerc,Ferrari,1,1,1,26.0,1
2022,Australian Grand Prix,Max Verstappen,Red Bull,2,2,18,0.0,95
2022,Australian Grand Prix,Sergio Pérez,Red Bull,3,3,2,18.0,1
2022,Australian Grand Prix,Lando Norris,McLaren,4,4,5,10.0,1
2022,Australian Grand Prix,Lewis Hamilton,Mercedes,5,5,4,12.0,1
2022,Australian Grand Prix,George Russell,Mercedes,6,6,3,15.0,1
2022,Australian Grand Prix,Daniel Ricciardo,McLaren,7,7,6,8.0,1
2022,Australian Grand Prix,Esteban Ocon,Alpine F1 Team,8,8,7,6.0,1
2022,Australian Grand Prix,Carlos Sainz,Ferrari,9,9,20,0.0,20
2022,Australian Grand Prix,Fernando Alonso,Alpine F1 Team,10,10,17,0.0,11
2022,Australian Grand Prix,Pierre Gasly,AlphaTauri,11,11,9,2.0,1
2022,Australian Grand Prix,Valtteri Bottas,Alfa Romeo,12,12,8,4.0,1
2022,Australian Grand Prix,Yuki Tsunoda,AlphaTauri,13,13,15,0.0,11
2022,Australian Grand Prix,Guanyu Zhou,Alfa Romeo,14,14,11,0.0,1
2022,Australian Grand Prix,Mick Schumacher,Haas F1 Team,15,15,13,0.0,11
2022,Australian Grand Prix,Alexander Albon,Williams,16,20,10,1.0,1
2022,Australian Grand Prix,Kevin Magnussen,Haas F1 Team,17,16,14,0.0,11
2022,Australian Grand Prix,Sebastian Vettel,Aston Martin,18,17,19,0.0,3
2022,Australian Grand Prix,Nicholas Latifi,Williams,19,18,16,0.0,11
2022,Australian Grand Prix,Lance Stroll,Aston Martin,20,19,12,0.0,1
2022,Emilia Romagna Grand Prix,Max Verstappen,Red Bull,1,1,1,26.0,1
2022,Emilia Romagna Grand Prix,Charles Leclerc,Ferrari,2,2,6,8.0,1
2022,Emilia Romagna Grand Prix,Lando Norris,McLaren,3,5,3,15.0,1
2022,Emilia Romagna Grand Prix,Kevin Magnussen,Haas F1 Team,4,8,9,2.0,1
2022,Emilia Romagna Grand Prix,Fernando Alonso,Alpine F1 Team,5,9,19,0.0,130
2022,Emilia Romagna Grand Prix,Daniel Ricciardo,McLaren,6,6,18,0.0,11
2022,Emilia Romagna Grand Prix,Sergio Pérez,Red Bull,7,3,2,18.0,1
2022,Emilia Romagna Grand Prix,Valtteri Bottas,Alfa Romeo,8,7,5,10.0,1
2022,Emilia Romagna Grand Prix,Sebastian Vettel,Aston Martin,9,13,8,4.0,1
2022,Emilia Romagna Grand Prix,Carlos Sainz,Ferrari,10,4,20,0.0,4
2022,Emilia Romagna Grand Prix,George Russell,Mercedes,11,11,4,12.0,1
2022,Emilia Romagna Grand Prix,Mick Schumacher,Haas F1 Team,12,10,17,0.0,11
2022,Emilia Romagna Grand Prix,Lewis Hamilton,Mercedes,13,14,13,0.0,11
2022,Emilia Romagna Grand Prix,Guanyu Zhou,Alfa Romeo,14,0,15,0.0,11
2022,Emilia Romagna Grand Prix,Lance Stroll,Aston Martin,15,15,10,1.0,11
2022,Emilia Romagna Grand Prix,Yuki Tsunoda,AlphaTauri,16,12,7,6.0,1
2022,Emilia Romagna Grand Prix,Pierre Gasly,AlphaTauri,17,17,12,0.0,11
2022,Emilia Romagna Grand Prix,Nicholas Latifi,Williams,18,19,16,0.0,11
2022,Emilia Romagna Grand Prix,Esteban Ocon,Alpine F1 Team,19,16,14,0.0,11
2022,Emilia Romagna Grand Prix,Alexander Albon,Williams,20,18,11,0.0,11
2022,Miami Grand Prix,Charles Leclerc,Ferrari,1,1,2,18.0,1
2022,Miami Grand Prix,Carlos Sainz,Ferrari,2,2,3,15.0,1
2022,Miami Grand Prix,Max Verstappen,Red Bull,3,3,1,26.0,1
2022,Miami Grand Prix,Sergio Pérez,Red Bull,4,4,4,12.0,1
2022,Miami Grand Prix,Valtteri Bottas,Alfa Romeo,5,5,7,6.0,1
2022,Miami Grand Prix,Lewis Hamilton,Mercedes,6,6,6,8.0,1
2022,Miami Grand Prix,Pierre Gasly,AlphaTauri,7,7,18,0.0,22
2022,Miami Grand Prix,Lando Norris,McLaren,8,8,19,0.0,4
2022,Miami Grand Prix,Yuki Tsunoda,AlphaTauri,9,9,12,0.0,1
2022,Miami Grand Prix,Lance Stroll,Aston Martin,10,0,10,1.0,1
2022,Miami Grand Prix,Fernando Alonso,Alpine F1 Team,11,11,11,0.0,1
2022,Miami Grand Prix,George Russell,Mercedes,12,12,5,10.0,1
2022,Miami Grand Prix,Sebastian Vettel,Aston Martin,13,0,17,0.0,4
2022,Miami Grand Prix,Daniel Ricciardo,McLaren,14,14,13,0.0,1
2022,Miami Grand Prix,Mick Schumacher,Haas F1 Team,15,15,15,0.0,1
2022,Miami Grand Prix,Kevin Magnussen,Haas F1 Team,16,16,16,0.0,33
2022,Miami Grand Prix,Guanyu Zhou,Alfa Romeo,17,17,20,0.0,47
2022,Miami Grand Prix,Alexander Albon,Williams,18,18,9,2.0,1
2022,Miami Grand Prix,Nicholas Latifi,Williams,19,19,14,0.0,1
2022,Miami Grand Prix,Esteban Ocon,Alpine F1 Team,20,20,8,4.0,1
2022,Spanish Grand Prix,Charles Leclerc,Ferrari,1,1,20,0.0,101
2022,Spanish Grand Prix,Max Verstappen,Red Bull,2,2,1,25.0,1
2022,Spanish Grand Prix,Carlos Sainz,Ferrari,3,3,4,12.0,1
2022,Spanish Grand Prix,George Russell,Mercedes,4,4,3,15.0,1
2022,Spanish Grand Prix,Sergio Pérez,Red Bull,5,5,2,19.0,1
2022,Spanish Grand Prix,Lewis Hamilton,Mercedes,6,6,5,10.0,1
2022,Spanish Grand Prix,Valtteri Bottas,Alfa Romeo,7,7,6,8.0,1
2022,Spanish Grand Prix,Kevin Magnussen,Haas F1 Team,8,8,17,0.0,12
2022,Spanish Grand Prix,Daniel Ricciardo,McLaren,9,9,12,0.0,11
2022,Spanish Grand Prix,Mick Schumacher,Haas F1 Team,10,10,14,0.0,11
2022,Spanish Grand Prix,Lando Norris,McLaren,11,11,8,4.0,1
2022,Spanish Grand Prix,Esteban Ocon,Alpine F1 Team,12,12,7,6.0,1
2022,Spanish Grand Prix,Yuki Tsunoda,AlphaTauri,13,13,10,1.0,11
2022,Spanish Grand Prix,Pierre Gasly,AlphaTauri,14,14,13,0.0,11
2022,Spanish Grand Prix,Guanyu Zhou,Alfa Romeo,15,15,19,0.0,75
2022,Spanish Grand Prix,Sebastian Vettel,Aston Martin,16,16,11,0.0,11
2022,Spanish Grand Prix,Fernando Alonso,Alpine F1 Team,17,20,9,2.0,11
2022,Spanish Grand Prix,Lance Stroll,Aston Martin,18,17,15,0.0,11
2022,Spanish Grand Prix,Alexander Albon,Williams,19,18,18,0.0,12
2022,Spanish Grand Prix,Nicholas Latifi,Williams,20,19,16,0.0,12
2022,Monaco Grand Prix,Charles Leclerc,Ferrari,1,1,4,12.0,1
2022,Monaco Grand Prix,Carlos Sainz,Ferrari,2,2,2,18.0,1
2022,Monaco Grand Prix,Sergio Pérez,Red Bull,3,3,1,25.0,1
2022,Monaco Grand Prix,Max Verstappen,Red Bull,4,4,3,15.0,1
2022,Monaco Grand Prix,Lando Norris,McLaren,5,5,6,9.0,1
2022,Monaco Grand Prix,George Russell,Mercedes,6,6,5,10.0,1
2022,Monaco Grand Prix,Fernando Alonso,Alpine F1 Team,7,7,7,6.0,1
2022,Monaco Grand Prix,Lewis Hamilton,Mercedes,8,8,8,4.0,1
2022,Monaco Grand Prix,Sebastian Vettel,Aston Martin,9,9,10,1.0,1
2022,Monaco Grand Prix,Esteban Ocon,Alpine F1 Team,10,10,12,0.0,1
2022,Monaco Grand Prix,Yuki Tsunoda,AlphaTauri,11,11,17,0.0,11
2022,Monaco Grand Prix,Valtteri Bottas,Alfa Romeo,12,12,9,2.0,1
2022,Monaco Grand Prix,Kevin Magnussen,Haas F1 Team,13,13,20,0.0,34
2022,Monaco Grand Prix,Daniel Ricciardo,McLaren,14,14,13,0.0,1
2022,Monaco Grand Prix,Mick Schumacher,Haas F1 Team,15,15,19,0.0,3
2022,Monaco Grand Prix,Alexander Albon,Williams,16,16,18,0.0,26
2022,Monaco Grand Prix,Pierre Gasly,AlphaTauri,17,17,11,0.0,1
2022,Monaco Grand Prix,Lance Stroll,Aston Martin,18,18,14,0.0,1
2022,Monaco Grand Prix,Nicholas Latifi,Williams,19,19,15,0.0,11
2022,Monaco Grand Prix,Guanyu Zhou,Alfa Romeo,20,20,16,0.0,11
2022,Azerbaijan Grand Prix,Charles Leclerc,Ferrari,1,1,19,0.0,131
2022,Azerbaijan Grand Prix,Sergio Pérez,Red Bull,2,2,2,19.0,1
2022,Azerbaijan Grand Prix,Max Verstappen,Red Bull,3,3,1,25.0,1
2022,Azerbaijan Grand Prix,Carlos Sainz,Ferrari,4,4,20,0.0,9
2022,Azerbaijan Grand Prix,George Russell,Mercedes,5,5,3,15.0,1
2022,Azerbaijan Grand Prix,Pierre Gasly,AlphaTauri,6,6,5,10.0,1
2022,Azerbaijan Grand Prix,Lewis Hamilton,Mercedes,7,7,4,12.0,1
2022,Azerbaijan Grand Prix,Yuki Tsunoda,AlphaTauri,8,8,13,0.0,11
2022,Azerbaijan Grand Prix,Sebastian Vettel,Aston Martin,9,9,6,8.0,1
2022,Azerbaijan Grand Prix,Fernando Alonso,Alpine F1 Team,10,10,7,6.0,1
2022,Azerbaijan Grand Prix,Lando Norris,McLaren,11,11,9,2.0,1
2022,Azerbaijan Grand Prix,Daniel Ricciardo,McLaren,12,12,8,4.0,1
2022,Azerbaijan Grand Prix,Esteban Ocon,Alpine F1 Team,13,13,10,1.0,1
2022,Azerbaijan Grand Prix,Guanyu Zhou,Alfa Romeo,14,14,18,0.0,9
2022,Azerbaijan Grand Prix,Valtteri Bottas,Alfa Romeo,15,15,11,0.0,11
2022,Azerbaijan Grand Prix,Kevin Magnussen,Haas F1 Team,16,16,17,0.0,131
2022,Azerbaijan Grand Prix,Alexander Albon,Williams,17,17,12,0.0,11
2022,Azerbaijan Grand Prix,Nicholas Latifi,Williams,18,18,15,0.0,11
2022,Azerbaijan Grand Prix,Lance Stroll,Aston Martin,19,19,16,0.0,76
2022,Azerbaijan Grand Prix,Mick Schumacher,Haas F1 Team,20,20,14,0.0,11
2022,Canadian Grand Prix,Max Verstappen,Red Bull,1,1,1,25.0,1
2022,Canadian Grand Prix,Fernando Alonso,Alpine F1 Team,2,2,9,2.0,1
2022,Canadian Grand Prix,Carlos Sainz,Ferrari,3,3,2,19.0,1
2022,Canadian Grand Prix,Lewis Hamilton,Mercedes,4,4,3,15.0,1
2022,Canadian Grand Prix,Kevin Magnussen,Haas F1 Team,5,5,17,0.0,1
2022,Canadian Grand Prix,Mick Schumacher,Haas F1 Team,6,6,19,0.0,5
2022,Canadian Grand Prix,Esteban Ocon,Alpine F1 Team,7,7,6,8.0,1
2022,Canadian Grand Prix,George Russell,Mercedes,8,8,4,12.0,1
2022,Canadian Grand Prix,Daniel Ricciardo,McLaren,9,9,11,0.0,1
2022,Canadian Grand Prix,Guanyu Zhou,Alfa Romeo,10,10,8,4.0,1
2022,Canadian Grand Prix,Valtteri Bottas,Alfa Romeo,11,11,7,6.0,1
2022,Canadian Grand Prix,Alexander Albon,Williams,12,12,13,0.0,1
2022,Canadian Grand Prix,Sergio Pérez,Red Bull,13,13,20,0.0,6
2022,Canadian Grand Prix,Lando Norris,McLaren,14,14,15,0.0,1
2022,Canadian Grand Prix,Charles Leclerc,Ferrari,15,19,5,10.0,1
2022,Canadian Grand Prix,Pierre Gasly,AlphaTauri,16,15,14,0.0,1
2022,Canadian Grand Prix,Sebastian Vettel,Aston Martin,17,16,12,0.0,1
2022,Canadian Grand Prix,Lance Stroll,Aston Martin,18,17,10,1.0,1
2022,Canadian Grand Prix,Nicholas Latifi,Williams,19,18,16,0.0,1
2022,Canadian Grand Prix,Yuki Tsunoda,AlphaTauri,20,20,18,0.0,3
2022,British Grand Prix,Carlos Sainz,Ferrari,1,1,1,25.0,1
2022,British Grand Prix,Max Verstappen,Red Bull,2,2,7,6.0,1
2022,British Grand Prix,Charles Leclerc,Ferrari,3,3,4,12.0,1
2022,British Grand Prix,Sergio Pérez,Red Bull,4,4,2,18.0,1
2022,British Grand Prix,Lewis Hamilton,Mercedes,5,5,3,16.0,1
2022,British Grand Prix,Lando Norris,McLaren,6,6,6,8.0,1
2022,British Grand Prix,Fernando Alonso,Alpine F1 Team,7,7,5,10.0,1
2022,British Grand Prix,George Russell,Mercedes,8,8,18,0.0,4
2022,British Grand Prix,Guanyu Zhou,Alfa Romeo,9,9,19,0.0,4
2022,British Grand Prix,Nicholas Latifi,Williams,10,10,12,0.0,1
2022,British Grand Prix,Pierre Gasly,AlphaTauri,11,11,16,0.0,130
2022,British Grand Prix,Valtteri Bottas,Alfa Romeo,12,12,17,0.0,6
2022,British Grand Prix,Yuki Tsunoda,AlphaTauri,13,13,14,0.0,1
2022,British Grand Prix,Daniel Ricciardo,McLaren,14,14,13,0.0,1
2022,British Grand Prix,Esteban Ocon,Alpine F1 Team,15,15,15,0.0,48
2022,British Grand Prix,Alexander Albon,Williams,16,16,20,0.0,4
2022,British Grand Prix,Kevin Magnussen,Haas F1 Team,17,17,10,1.0,1
2022,British Grand Prix,Sebastian Vettel,Aston Martin,18,18,9,2.0,1
2022,British Grand Prix,Mick Schumacher,Haas F1 Team,19,19,8,4.0,1
2022,British Grand Prix,Lance Stroll,Aston Martin,20,20,11,0.0,1
2022,Austrian Grand Prix,Max Verstappen,Red Bull,1,1,2,19.0,1
2022,Austrian Grand Prix,Charles Leclerc,Ferrari,2,2,1,25.0,1
2022,Austrian Grand Prix,Carlos Sainz,Ferrari,3,3,18,0.0,131
2022,Austrian Grand Prix,George Russell,Mercedes,4,4,4,12.0,1
2022,Austrian Grand Prix,Esteban Ocon,Alpine F1 Team,5,6,5,10.0,1
2022,Austrian Grand Prix,Kevin Magnussen,Haas F1 Team,6,7,8,4.0,11
2022,Austrian Grand Prix,Mick Schumacher,Haas F1 Team,7,9,6,8.0,11
2022,Austrian Grand Prix,Fernando Alonso,Alpine F1 Team,8,19,10,1.0,11
2022,Austrian Grand Prix,Lewis Hamilton,Mercedes,9,8,3,15.0,1
2022,Austrian Grand Prix,Pierre Gasly,AlphaTauri,10,14,15,0.0,11
2022,Austrian Grand Prix,Alexander Albon,Williams,11,15,12,0.0,11
2022,Austrian Grand Prix,Valtteri Bottas,Alfa Romeo,12,0,11,0.0,11
2022,Austrian Grand Prix,Sergio Pérez,Red Bull,13,5,20,0.0,130
2022,Austrian Grand Prix,Yuki Tsunoda,AlphaTauri,14,16,16,0.0,11
2022,Austrian Grand Prix,Lando Norris,McLaren,15,10,7,6.0,11
2022,Austrian Grand Prix,Daniel Ricciardo,McLaren,16,11,9,2.0,11
2022,Austrian Grand Prix,Lance Stroll,Aston Martin,17,12,13,0.0,11
2022,Austrian Grand Prix,Guanyu Zhou,Alfa Romeo,18,13,14,0.0,11
2022,Austrian Grand Prix,Nicholas Latifi,Williams,19,17,19,0.0,140
2022,Austrian Grand Prix,Sebastian Vettel,Aston Martin,20,18,17,0.0,11
2022,French Grand Prix,Charles Leclerc,Ferrari,1,1,19,0.0,3
2022,French Grand Prix,Max Verstappen,Red Bull,2,2,1,25.0,1
2022,French Grand Prix,Sergio Pérez,Red Bull,3,3,4,12.0,1
2022,French Grand Prix,Lewis Hamilton,Mercedes,4,4,2,18.0,1
2022,French Grand Prix,Lando Norris,McLaren,5,5,7,6.0,1
2022,French Grand Prix,George Russell,Mercedes,6,6,3,15.0,1
2022,French Grand Prix,Fernando Alonso,Alpine F1 Team,7,7,6,8.0,1
2022,French Grand Prix,Yuki Tsunoda,AlphaTauri,8,8,20,0.0,140
2022,French Grand Prix,Carlos Sainz,Ferrari,9,19,5,11.0,1
2022,French Grand Prix,Kevin Magnussen,Haas F1 Team,10,20,18,0.0,130
2022,French Grand Prix,Daniel Ricciardo,McLaren,11,9,9,2.0,1
2022,French Grand Prix,Esteban Ocon,Alpine F1 Team,12,10,8,4.0,1
2022,French Grand Prix,Valtteri Bottas,Alfa Romeo,13,11,14,0.0,1
2022,French Grand Prix,Sebastian Vettel,Aston Martin,14,12,11,0.0,1
2022,French Grand Prix,Alexander Albon,Williams,15,13,13,0.0,1
2022,French Grand Prix,Pierre Gasly,AlphaTauri,16,14,12,0.0,1
2022,French Grand Prix,Lance Stroll,Aston Martin,17,15,10,1.0,1
2022,French Grand Prix,Guanyu Zhou,Alfa Romeo,18,16,16,0.0,16
2022,French Grand Prix,Mick Schumacher,Haas F1 Team,19,17,15,0.0,1
2022,French Grand Prix,Nicholas Latifi,Williams,20,18,17,0.0,130
2022,Hungarian Grand Prix,George Russell,Mercedes,1,1,3,15.0,1
2022,Hungarian Grand Prix,Carlos Sainz,Ferrari,2,2,4,12.0,1
2022,Hungarian Grand Prix,Charles Leclerc,Ferrari,3,3,6,8.0,1
2022,Hungarian Grand Prix,Lando Norris,McLaren,4,4,7,6.0,1
2022,Hungarian Grand Prix,Esteban Ocon,Alpine F1 Team,5,5,9,2.0,11
2022,Hungarian Grand Prix,Fernando Alonso,Alpine F1 Team,6,6,8,4.0,11
2022,Hungarian Grand Prix,Lewis Hamilton,Mercedes,7,7,2,19.0,1
2022,Hungarian Grand Prix,Valtteri Bottas,Alfa Romeo,8,8,20,0.0,131
2022,Hungarian Grand Prix,Daniel Ricciardo,McLaren,9,9,15,0.0,11
2022,Hungarian Grand Prix,Max Verstappen,Red Bull,10,10,1,25.0,1
2022,Hungarian Grand Prix,Sergio Pérez,Red Bull,11,11,5,10.0,1
2022,Hungarian Grand Prix,Guanyu Zhou,Alfa Romeo,12,12,13,0.0,11
2022,Hungarian Grand Prix,Kevin Magnussen,Haas F1 Team,13,13,16,0.0,11
2022,Hungarian Grand Prix,Lance Stroll,Aston Martin,14,14,11,0.0,11
2022,Hungarian Grand Prix,Mick Schumacher,Haas F1 Team,15,15,14,0.0,11
2022,Hungarian Grand Prix,Yuki Tsunoda,AlphaTauri,16,16,19,0.0,12
2022,Hungarian Grand Prix,Alexander Albon,Williams,17,17,17,0.0,11
2022,Hungarian Grand Prix,Sebastian Vettel,Aston Martin,18,18,10,1.0,11
2022,Hungarian Grand Prix,Pierre Gasly,AlphaTauri,19,0,12,0.0,11
2022,Hungarian Grand Prix,Nicholas Latifi,Williams,20,19,18,0.0,11
2022,Belgian Grand Prix,Max Verstappen,Red Bull,1,14,1,26.0,1
2022,Belgian Grand Prix,Carlos Sainz,Ferrari,2,1,3,15.0,1
2022,Belgian Grand Prix,Sergio Pérez,Red Bull,3,2,2,18.0,1
2022,Belgian Grand Prix,Charles Leclerc,Ferrari,4,15,6,8.0,1
2022,Belgian Grand Prix,Esteban Ocon,Alpine F1 Team,5,16,7,6.0,1
2022,Belgian Grand Prix,Fernando Alonso,Alpine F1 Team,6,3,5,10.0,1
2022,Belgian Grand Prix,Lewis Hamilton,Mercedes,7,4,20,0.0,130
2022,Belgian Grand Prix,George Russell,Mercedes,8,5,4,12.0,1
2022,Belgian Grand Prix,Alexander Albon,Williams,9,6,10,1.0,1
2022,Belgian Grand Prix,Lando Norris,McLaren,10,17,12,0.0,1
2022,Belgian Grand Prix,Daniel Ricciardo,McLaren,11,7,15,0.0,1
2022,Belgian Grand Prix,Pierre Gasly,AlphaTauri,12,0,9,2.0,1
2022,Belgian Grand Prix,Guanyu Zhou,Alfa Romeo,13,18,14,0.0,1
2022,Belgian Grand Prix,Lance Stroll,Aston Martin,14,9,11,0.0,1
2022,Belgian Grand Prix,Mick Schumacher,Haas F1 Team,15,19,17,0.0,11
2022,Belgian Grand Prix,Sebastian Vettel,Aston Martin,16,10,8,4.0,1
2022,Belgian Grand Prix,Nicholas Latifi,Williams,17,11,18,0.0,11
2022,Belgian Grand Prix,Kevin Magnussen,Haas F1 Team,18,12,16,0.0,11
2022,Belgian Grand Prix,Yuki Tsunoda,AlphaTauri,19,0,13,0.0,1
2022,Belgian Grand Prix,Valtteri Bottas,Alfa Romeo,20,13,19,0.0,3
2022,Dutch Grand Prix,Max Verstappen,Red Bull,1,1,1,26.0,1
2022,Dutch Grand Prix,Charles Leclerc,Ferrari,2,2,3,15.0,1
2022,Dutch Grand Prix,Carlos Sainz,Ferrari,3,3,8,4.0,1
2022,Dutch Grand Prix,Lewis Hamilton,Mercedes,4,4,4,12.0,1
2022,Dutch Grand Prix,Sergio Pérez,Red Bull,5,5,5,10.0,1
2022,Dutch Grand Prix,George Russell,Mercedes,6,6,2,18.0,1
2022,Dutch Grand Prix,Lando Norris,McLaren,7,7,7,6.0,1
2022,Dutch Grand Prix,Mick Schumacher,Haas F1 Team,8,8,13,0.0,1
2022,Dutch Grand Prix,Yuki Tsunoda,AlphaTauri,9,9,20,0.0,24
2022,Dutch Grand Prix,Lance Stroll,Aston Martin,10,10,10,1.0,1
2022,Dutch Grand Prix,Pierre Gasly,AlphaTauri,11,11,11,0.0,1
2022,Dutch Grand Prix,Esteban Ocon,Alpine F1 Team,12,12,9,2.0,1
2022,Dutch Grand Prix,Fernando Alonso,Alpine F1 Team,13,13,6,8.0,1
2022,Dutch Grand Prix,Guanyu Zhou,Alfa Romeo,14,14,16,0.0,1
2022,Dutch Grand Prix,Alexander Albon,Williams,15,15,12,0.0,1
2022,Dutch Grand Prix,Valtteri Bottas,Alfa Romeo,16,16,19,0.0,5
2022,Dutch Grand Prix,Daniel Ricciardo,McLaren,17,17,17,0.0,1
2022,Dutch Grand Prix,Kevin Magnussen,Haas F1 Team,18,18,15,0.0,1
2022,Dutch Grand Prix,Sebastian Vettel,Aston Martin,19,19,14,0.0,1
2022,Dutch Grand Prix,Nicholas Latifi,Williams,20,20,18,0.0,11
2022,Italian Grand Prix,Charles Leclerc,Ferrari,1,1,2,18.0,1
2022,Italian Grand Prix,Max Verstappen,Red Bull,2,7,1,25.0,1
2022,Italian Grand Prix,Carlos Sainz,Ferrari,3,18,4,12.0,1
2022,Italian Grand Prix,Sergio Pérez,Red Bull,4,13,6,9.0,1
2022,Italian Grand Prix,Lewis Hamilton,Mercedes,5,19,5,10.0,1
2022,Italian Grand Prix,George Russell,Mercedes,6,2,3,15.0,1
2022,Italian Grand Prix,Lando Norris,McLaren,7,3,7,6.0,1
2022,Italian Grand Prix,Daniel Ricciardo,McLaren,8,4,17,0.0,44
2022,Italian Grand Prix,Pierre Gasly,AlphaTauri,9,5,8,4.0,1
2022,Italian Grand Prix,Fernando Alonso,Alpine F1 Team,10,6,19,0.0,34
2022,Italian Grand Prix,Esteban Ocon,Alpine F1 Team,11,14,11,0.0,1
2022,Italian Grand Prix,Valtteri Bottas,Alfa Romeo,12,15,13,0.0,11
2022,Italian Grand Prix,Nyck de Vries,Williams,13,8,9,2.0,1
2022,Italian Grand Prix,Guanyu Zhou,Alfa Romeo,14,9,10,1.0,1
2022,Italian Grand Prix,Yuki Tsunoda,AlphaTauri,15,20,14,0.0,11
2022,Italian Grand Prix,Nicholas Latifi,Williams,16,10,15,0.0,11
2022,Italian Grand Prix,Sebastian Vettel,Aston Martin,17,11,20,0.0,5
2022,Italian Grand Prix,Lance Stroll,Aston Martin,18,12,18,0.0,5
2022,Italian Grand Prix,Kevin Magnussen,Haas F1 Team,19,16,16,0.0,11
2022,Italian Grand Prix,Mick Schumacher,Haas F1 Team,20,17,12,0.0,1
2022,Singapore Grand Prix,Charles Leclerc,Ferrari,1,1,2,18.0,1
2022,Singapore Grand Prix,Sergio Pérez,Red Bull,2,2,1,25.0,1
2022,Singapore Grand Prix,Lewis Hamilton,Mercedes,3,3,9,2.0,1
2022,Singapore Grand Prix,Carlos Sainz,Ferrari,4,4,3,15.0,1
2022,Singapore Grand Prix,Fernando Alonso,Alpine F1 Team,5,5,18,0.0,5
2022,Singapore Grand Prix,Lando Norris,McLaren,6,6,4,12.0,1
2022,Singapore Grand Prix,Pierre Gasly,AlphaTauri,7,7,10,1.0,1
2022,Singapore Grand Prix,Max Verstappen,Red Bull,8,8,7,6.0,1
2022,Singapore Grand Prix,Kevin Magnussen,Haas F1 Team,9,9,12,0.0,1
2022,Singapore Grand Prix,Yuki Tsunoda,AlphaTauri,10,10,15,0.0,3
2022,Singapore Grand Prix,George Russell,Mercedes,11,0,14,0.0,12
2022,Singapore Grand Prix,Lance Stroll,Aston Martin,12,11,6,8.0,1
2022,Singapore Grand Prix,Mick Schumacher,Haas F1 Team,13,12,13,0.0,11
2022,Singapore Grand Prix,Sebastian Vettel,Aston Martin,14,13,8,4.0,1
2022,Singapore Grand Prix,Guanyu Zhou,Alfa Romeo,15,14,20,0.0,4
2022,Singapore Grand Prix,Valtteri Bottas,Alfa Romeo,16,15,11,0.0,1
2022,Singapore Grand Prix,Daniel Ricciardo,McLaren,17,16,5,10.0,1
2022,Singapore Grand Prix,Esteban Ocon,Alpine F1 Team,18,17,16,0.0,5
2022,Singapore Grand Prix,Alexander Albon,Williams,19,18,17,0.0,130
2022,Singapore Grand Prix,Nicholas Latifi,Williams,20,19,19,0.0,130
2022,Japanese Grand Prix,Max Verstappen,Red Bull,1,1,1,25.0,1
2022,Japanese Grand Prix,Charles Leclerc,Ferrari,2,2,3,15.0,1
2022,Japanese Grand Prix,Carlos Sainz,Ferrari,3,3,19,0.0,3
2022,Japanese Grand Prix,Sergio Pérez,Red Bull,4,4,2,18.0,1
2022,Japanese Grand Prix,Esteban Ocon,Alpine F1 Team,5,5,4,12.0,1
2022,Japanese Grand Prix,Lewis Hamilton,Mercedes,6,6,5,10.0,1
2022,Japanese Grand Prix,Fernando Alonso,Alpine F1 Team,7,7,7,6.0,1
2022,Japanese Grand Prix,George Russell,Mercedes,8,8,8,4.0,1
2022,Japanese Grand Prix,Sebastian Vettel,Aston Martin,9,9,6,8.0,1
2022,Japanese Grand Prix,Lando Norris,McLaren,10,10,10,1.0,1
2022,Japanese Grand Prix,Daniel Ricciardo,McLaren,11,11,11,0.0,1
2022,Japanese Grand Prix,Valtteri Bottas,Alfa Romeo,12,12,15,0.0,1
2022,Japanese Grand Prix,Yuki Tsunoda,AlphaTauri,13,13,13,0.0,1
2022,Japanese Grand Prix,Guanyu Zhou,Alfa Romeo,14,14,16,0.0,1
2022,Japanese Grand Prix,Mick Schumacher,Haas F1 Team,15,15,17,0.0,1
2022,Japanese Grand Prix,Alexander Albon,Williams,16,16,20,0.0,9
2022,Japanese Grand Prix,Pierre Gasly,AlphaTauri,17,17,18,0.0,1
2022,Japanese Grand Prix,Kevin Magnussen,Haas F1 Team,18,18,14,0.0,1
2022,Japanese Grand Prix,Lance Stroll,Aston Martin,19,19,12,0.0,1
2022,Japanese Grand Prix,Nicholas Latifi,Williams,20,20,9,2.0,1
2022,United States Grand Prix,Carlos Sainz,Ferrari,1,1,20,0.0,130
2022,United States Grand Prix,Charles Leclerc,Ferrari,2,12,3,15.0,1
2022,United States Grand Prix,Max Verstappen,Red Bull,3,2,1,25.0,1
2022,United States Grand Prix,Sergio Pérez,Red Bull,4,9,4,12.0,1
2022,United States Grand Prix,Lewis Hamilton,Mercedes,5,3,2,18.0,1
2022,United States Grand Prix,George Russell,Mercedes,6,4,5,11.0,1
2022,United States Grand Prix,Lance Stroll,Aston Martin,7,5,18,0.0,4
2022,United States Grand Prix,Lando Norris,McLaren,8,6,6,8.0,1
2022,United States Grand Prix,Fernando Alonso,Alpine F1 Team,9,14,7,6.0,1
2022,United States Grand Prix,Valtteri Bottas,Alfa Romeo,10,7,19,0.0,20
2022,United States Grand Prix,Alexander Albon,Williams,11,8,13,0.0,1
2022,United States Grand Prix,Sebastian Vettel,Aston Martin,12,10,8,4.0,1
2022,United States Grand Prix,Pierre Gasly,AlphaTauri,13,11,14,0.0,1
2022,United States Grand Prix,Guanyu Zhou,Alfa Romeo,14,18,12,0.0,1
2022,United States Grand Prix,Yuki Tsunoda,AlphaTauri,15,19,10,1.0,1
2022,United States Grand Prix,Kevin Magnussen,Haas F1 Team,16,13,9,2.0,1
2022,United States Grand Prix,Daniel Ricciardo,McLaren,17,15,16,0.0,1
2022,United States Grand Prix,Esteban Ocon,Alpine F1 Team,18,0,11,0.0,1
2022,United States Grand Prix,Mick Schumacher,Haas F1 Team,19,16,15,0.0,1
2022,United States Grand Prix,Nicholas Latifi,Williams,20,17,17,0.0,1
2022,Mexico City Grand Prix,Max Verstappen,Red Bull,1,1,1,25.0,1
2022,Mexico City Grand Prix,George Russell,Mercedes,2,2,4,13.0,1
2022,Mexico City Grand Prix,Lewis Hamilton,Mercedes,3,3,2,18.0,1
2022,Mexico City Grand Prix,Sergio Pérez,Red Bull,4,4,3,15.0,1
2022,Mexico City Grand Prix,Carlos Sainz,Ferrari,5,5,5,10.0,1
2022,Mexico City Grand Prix,Valtteri Bottas,Alfa Romeo,6,6,10,1.0,11
2022,Mexico City Grand Prix,Charles Leclerc,Ferrari,7,7,6,8.0,1
2022,Mexico City Grand Prix,Lando Norris,McLaren,8,8,9,2.0,11
2022,Mexico City Grand Prix,Fernando Alonso,Alpine F1 Team,9,9,19,0.0,5
2022,Mexico City Grand Prix,Esteban Ocon,Alpine F1 Team,10,10,8,4.0,11
2022,Mexico City Grand Prix,Daniel Ricciardo,McLaren,11,11,7,6.0,11
2022,Mexico City Grand Prix,Guanyu Zhou,Alfa Romeo,12,12,13,0.0,11
2022,Mexico City Grand Prix,Yuki Tsunoda,AlphaTauri,13,13,20,0.0,130
2022,Mexico City Grand Prix,Pierre Gasly,AlphaTauri,14,14,11,0.0,11
2022,Mexico City Grand Prix,Kevin Magnussen,Haas F1 Team,15,19,17,0.0,11
2022,Mexico City Grand Prix,Mick Schumacher,Haas F1 Team,16,15,16,0.0,11
2022,Mexico City Grand Prix,Sebastian Vettel,Aston Martin,17,16,14,0.0,11
2022,Mexico City Grand Prix,Lance Stroll,Aston Martin,18,20,15,0.0,11
2022,Mexico City Grand Prix,Alexander Albon,Williams,19,17,12,0.0,11
2022,Mexico City Grand Prix,Nicholas Latifi,Williams,20,18,18,0.0,12
2022,São Paulo Grand Prix,Kevin Magnussen,Haas F1 Team,1,8,19,0.0,4
2022,São Paulo Grand Prix,Max Verstappen,Red Bull,2,3,6,8.0,1
2022,São Paulo Grand Prix,George Russell,Mercedes,3,1,1,26.0,1
2022,São Paulo Grand Prix,Lando Norris,McLaren,4,6,18,0.0,6
2022,São Paulo Grand Prix,Carlos Sainz,Ferrari,5,7,3,15.0,1
2022,São Paulo Grand Prix,Esteban Ocon,Alpine F1 Team,6,16,8,4.0,1
2022,São Paulo Grand Prix,Fernando Alonso,Alpine F1 Team,7,17,5,10.0,1
2022,São Paulo Grand Prix,Lewis Hamilton,Mercedes,8,2,2,18.0,1
2022,São Paulo Grand Prix,Sergio Pérez,Red Bull,9,4,7,6.0,1
2022,São Paulo Grand Prix,Charles Leclerc,Ferrari,10,5,4,12.0,1
2022,São Paulo Grand Prix,Alexander Albon,Williams,11,19,15,0.0,1
2022,São Paulo Grand Prix,Pierre Gasly,AlphaTauri,12,10,14,0.0,1
2022,São Paulo Grand Prix,Sebastian Vettel,Aston Martin,13,9,11,0.0,1
2022,São Paulo Grand Prix,Daniel Ricciardo,McLaren,14,11,20,0.0,4
2022,São Paulo Grand Prix,Nicholas Latifi,Williams,16,18,16,0.0,1
2022,São Paulo Grand Prix,Guanyu Zhou,Alfa Romeo,17,13,12,0.0,1
2022,São Paulo Grand Prix,Valtteri Bottas,Alfa Romeo,18,14,9,2.0,1
2022,São Paulo Grand Prix,Yuki Tsunoda,AlphaTauri,19,0,17,0.0,11
2022,São Paulo Grand Prix,Mick Schumacher,Haas F1 Team,20,12,13,0.0,1
2022,São Paulo Grand Prix,Lance Stroll,Aston Martin,15,15,10,1.0,1
2022,Abu Dhabi Grand Prix,Max Verstappen,Red Bull,1,1,1,25.0,1
2022,Abu Dhabi Grand Prix,Sergio Pérez,Red Bull,2,2,3,15.0,1
2022,Abu Dhabi Grand Prix,Charles Leclerc,Ferrari,3,3,2,18.0,1
2022,Abu Dhabi Grand Prix,Carlos Sainz,Ferrari,4,4,4,12.0,1
2022,Abu Dhabi Grand Prix,Lewis Hamilton,Mercedes,5,5,18,0.0,9
2022,Abu Dhabi Grand Prix,George Russell,Mercedes,6,6,5,10.0,1
2022,Abu Dhabi Grand Prix,Lando Norris,McLaren,7,7,6,9.0,1
2022,Abu Dhabi Grand Prix,Esteban Ocon,Alpine F1 Team,8,8,7,6.0,1
2022,Abu Dhabi Grand Prix,Sebastian Vettel,Aston Martin,9,9,10,1.0,1
2022,Abu Dhabi Grand Prix,Daniel Ricciardo,McLaren,10,13,9,2.0,1
2022,Abu Dhabi Grand Prix,Fernando Alonso,Alpine F1 Team,11,10,20,0.0,47
2022,Abu Dhabi Grand Prix,Yuki Tsunoda,AlphaTauri,12,11,11,0.0,1
2022,Abu Dhabi Grand Prix,Mick Schumacher,Haas F1 Team,13,12,16,0.0,11
2022,Abu Dhabi Grand Prix,Lance Stroll,Aston Martin,14,14,8,4.0,1
2022,Abu Dhabi Grand Prix,Guanyu Zhou,Alfa Romeo,15,15,12,0.0,11
2022,Abu Dhabi Grand Prix,Kevin Magnussen,Haas F1 Team,16,16,17,0.0,11
2022,Abu Dhabi Grand Prix,Pierre Gasly,AlphaTauri,17,17,14,0.0,11
2022,Abu Dhabi Grand Prix,Valtteri Bottas,Alfa Romeo,18,18,15,0.0,11
2022,Abu Dhabi Grand Prix,Alexander Albon,Williams,19,19,13,0.0,11
2022,Abu Dhabi Grand Prix,Nicholas Latifi,Williams,20,20,19,0.0,130
2023,Bahrain Grand Prix,Max Verstappen,Red Bull,1,1,1,25.0,1
2023,Bahrain Grand Prix,Sergio Pérez,Red Bull,2,2,2,18.0,1
2023,Bahrain Grand Prix,Charles Leclerc,Ferrari,3,3,19,0.0,5
2023,Bahrain Grand Prix,Carlos Sainz,Ferrari,4,4,4,12.0,1
2023,Bahrain Grand Prix,Fernando Alonso,Aston Martin,5,5,3,15.0,1
2023,Bahrain Grand Prix,George Russell,Mercedes,6,6,7,6.0,1
2023,Bahrain Grand Prix,Lewis Hamilton,Mercedes,7,7,5,10.0,1
2023,Bahrain Grand Prix,Lance Stroll,Aston Martin,8,8,6,8.0,1
2023,Bahrain Grand Prix,Esteban Ocon,Alpine F1 Team,9,9,18,0.0,26
2023,Bahrain Grand Prix,Nico Hülkenberg,Haas F1 Team,10,10,15,0.0,11
2023,Bahrain Grand Prix,Lando Norris,McLaren,11,11,17,0.0,12
2023,Bahrain Grand Prix,Valtteri Bottas,Alfa Romeo,12,12,8,4.0,1
2023,Bahrain Grand Prix,Guanyu Zhou,Alfa Romeo,13,13,16,0.0,11
2023,Bahrain Grand Prix,Yuki Tsunoda,AlphaTauri,14,14,11,0.0,1
2023,Bahrain Grand Prix,Alexander Albon,Williams,15,15,10,1.0,1
2023,Bahrain Grand Prix,Logan Sargeant,Williams,16,16,12,0.0,11
2023,Bahrain Grand Prix,Kevin Magnussen,Haas F1 Team,17,17,13,0.0,11
2023,Bahrain Grand Prix,Oscar Piastri,McLaren,18,18,20,0.0,10
2023,Bahrain Grand Prix,Nyck de Vries,AlphaTauri,19,19,14,0.0,11
2023,Bahrain Grand Prix,Pierre Gasly,Alpine F1 Team,20,20,9,2.0,1
2023,Saudi Arabian Grand Prix,Sergio Pérez,Red Bull,1,1,1,25.0,1
2023,Saudi Arabian Grand Prix,Charles Leclerc,Ferrari,2,12,7,6.0,1
2023,Saudi Arabian Grand Prix,Fernando Alonso,Aston Martin,3,2,3,15.0,1
2023,Saudi Arabian Grand Prix,George Russell,Mercedes,4,3,4,12.0,1
2023,Saudi Arabian Grand Prix,Carlos Sainz,Ferrari,5,4,6,8.0,1
2023,Saudi Arabian Grand Prix,Lance Stroll,Aston Martin,6,5,20,0.0,5
2023,Saudi Arabian Grand Prix,Esteban Ocon,Alpine F1 Team,7,6,8,4.0,1
2023,Saudi Arabian Grand Prix,Lewis Hamilton,Mercedes,8,7,5,10.0,1
2023,Saudi Arabian Grand Prix,Oscar Piastri,McLaren,9,8,15,0.0,1
2023,Saudi Arabian Grand Prix,Pierre Gasly,Alpine F1 Team,10,9,9,2.0,1
2023,Saudi Arabian Grand Prix,Nico Hülkenberg,Haas F1 Team,11,10,12,0.0,1
2023,Saudi Arabian Grand Prix,Guanyu Zhou,Alfa Romeo,12,11,13,0.0,1
2023,Saudi Arabian Grand Prix,Kevin Magnussen,Haas F1 Team,13,13,10,1.0,1
2023,Saudi Arabian Grand Prix,Valtteri Bottas,Alfa Romeo,14,14,18,0.0,11
2023,Saudi Arabian Grand Prix,Max Verstappen,Red Bull,15,15,2,19.0,1
2023,Saudi Arabian Grand Prix,Yuki Tsunoda,AlphaTauri,16,16,11,0.0,1
2023,Saudi Arabian Grand Prix,Alexander Albon,Williams,17,17,19,0.0,23
2023,Saudi Arabian Grand Prix,Nyck de Vries,AlphaTauri,18,18,14,0.0,1
2023,Saudi Arabian Grand Prix,Lando Norris,McLaren,19,19,17,0.0,1
2023,Saudi Arabian Grand Prix,Logan Sargeant,Williams,20,20,16,0.0,1
2023,Australian Grand Prix,Max Verstappen,Red Bull,1,1,1,25.0,1
2023,Australian Grand Prix,George Russell,Mercedes,2,2,18,0.0,5
2023,Australian Grand Prix,Lewis Hamilton,Mercedes,3,3,2,18.0,1
2023,Australian Grand Prix,Fernando Alonso,Aston Martin,4,4,3,15.0,1
2023,Australian Grand Prix,Carlos Sainz,Ferrari,5,5,12,0.0,1
2023,Australian Grand Prix,Lance Stroll,Aston Martin,6,6,4,12.0,1
2023,Australian Grand Prix,Charles Leclerc,Ferrari,7,7,20,0.0,4
2023,Australian Grand Prix,Alexander Albon,Williams,8,8,19,0.0,3
2023,Australian Grand Prix,Pierre Gasly,Alpine F1 Team,9,9,13,0.0,4
2023,Australian Grand Prix,Nico Hülkenberg,Haas F1 Team,10,10,7,6.0,1
2023,Australian Grand Prix,Esteban Ocon,Alpine F1 Team,11,11,14,0.0,4
2023,Australian Grand Prix,Yuki Tsunoda,AlphaTauri,12,12,10,1.0,1
2023,Australian Grand Prix,Lando Norris,McLaren,13,13,6,8.0,1
2023,Australian Grand Prix,Kevin Magnussen,Haas F1 Team,14,14,17,0.0,3
2023,Australian Grand Prix,Nyck de Vries,AlphaTauri,15,15,15,0.0,4
2023,Australian Grand Prix,Oscar Piastri,McLaren,16,16,8,4.0,1
2023,Australian Grand Prix,Guanyu Zhou,Alfa Romeo,17,17,9,2.0,1
2023,Australian Grand Prix,Logan Sargeant,Williams,18,18,16,0.0,4
2023,Australian Grand Prix,Valtteri Bottas,Alfa Romeo,19,0,11,0.0,1
2023,Australian Grand Prix,Sergio Pérez,Red Bull,20,0,5,11.0,1
2023,Azerbaijan Grand Prix,Charles Leclerc,Ferrari,1,1,3,15.0,1
2023,Azerbaijan Grand Prix,Max Verstappen,Red Bull,2,2,2,18.0,1
2023,Azerbaijan Grand Prix,Sergio Pérez,Red Bull,3,3,1,25.0,1
2023,Azerbaijan Grand Prix,Carlos Sainz,Ferrari,4,4,5,10.0,1
2023,Azerbaijan Grand Prix,Lewis Hamilton,Mercedes,5,5,6,8.0,1
2023,Azerbaijan Grand Prix,Fernando Alonso,Aston Martin,6,6,4,12.0,1
2023,Azerbaijan Grand Prix,Lando Norris,McLaren,7,7,9,2.0,1
2023,Azerbaijan Grand Prix,Yuki Tsunoda,AlphaTauri,8,8,10,1.0,1
2023,Azerbaijan Grand Prix,Lance Stroll,Aston Martin,9,9,7,6.0,1
2023,Azerbaijan Grand Prix,Oscar Piastri,McLaren,10,10,11,0.0,1
2023,Azerbaijan Grand Prix,George Russell,Mercedes,11,11,8,5.0,1
2023,Azerbaijan Grand Prix,Esteban Ocon,Alpine F1 Team,12,0,15,0.0,1
2023,Azerbaijan Grand Prix,Alexander Albon,Williams,13,12,12,0.0,1
2023,Azerbaijan Grand Prix,Valtteri Bottas,Alfa Romeo,14,13,18,0.0,11
2023,Azerbaijan Grand Prix,Logan Sargeant,Williams,15,14,16,0.0,1
2023,Azerbaijan Grand Prix,Guanyu Zhou,Alfa Romeo,16,15,19,0.0,25
2023,Azerbaijan Grand Prix,Nico Hülkenberg,Haas F1 Team,17,0,17,0.0,11
2023,Azerbaijan Grand Prix,Kevin Magnussen,Haas F1 Team,18,16,13,0.0,1
2023,Azerbaijan Grand Prix,Pierre Gasly,Alpine F1 Team,19,17,14,0.0,1
2023,Azerbaijan Grand Prix,Nyck de Vries,AlphaTauri,20,18,20,0.0,3
2023,Miami Grand Prix,Sergio Pérez,Red Bull,1,1,2,18.0,1
2023,Miami Grand Prix,Fernando Alonso,Aston Martin,2,2,3,15.0,1
2023,Miami Grand Prix,Carlos Sainz,Ferrari,3,3,5,10.0,1
2023,Miami Grand Prix,Kevin Magnussen,Haas F1 Team,4,4,10,1.0,1
2023,Miami Grand Prix,Pierre Gasly,Alpine F1 Team,5,5,8,4.0,1
2023,Miami Grand Prix,George Russell,Mercedes,6,6,4,12.0,1
2023,Miami Grand Prix,Charles Leclerc,Ferrari,7,7,7,6.0,1
2023,Miami Grand Prix,Esteban Ocon,Alpine F1 Team,8,8,9,2.0,1
2023,Miami Grand Prix,Max Verstappen,Red Bull,9,9,1,26.0,1
2023,Miami Grand Prix,Valtteri Bottas,Alfa Romeo,10,10,13,0.0,1
2023,Miami Grand Prix,Alexander Albon,Williams,11,11,14,0.0,1
2023,Miami Grand Prix,Nico Hülkenberg,Haas F1 Team,12,12,15,0.0,1
2023,Miami Grand Prix,Lewis Hamilton,Mercedes,13,13,6,8.0,1
2023,Miami Grand Prix,Guanyu Zhou,Alfa Romeo,14,14,16,0.0,1
2023,Miami Grand Prix,Nyck de Vries,AlphaTauri,15,15,18,0.0,1
2023,Miami Grand Prix,Lando Norris,McLaren,16,16,17,0.0,1
2023,Miami Grand Prix,Yuki Tsunoda,AlphaTauri,17,17,11,0.0,1
2023,Miami Grand Prix,Lance Stroll,Aston Martin,18,18,12,0.0,1
2023,Miami Grand Prix,Oscar Piastri,McLaren,19,19,19,0.0,11
2023,Miami Grand Prix,Logan Sargeant,Williams,20,20,20,0.0,11
2023,Monaco Grand Prix,Max Verstappen,Red Bull,1,1,1,25.0,1
2023,Monaco Grand Prix,Fernando Alonso,Aston Martin,2,2,2,18.0,1
2023,Monaco Grand Prix,Charles Leclerc,Ferrari,3,6,6,8.0,1
2023,Monaco Grand Prix,Esteban Ocon,Alpine F1 Team,4,3,3,15.0,1
2023,Monaco Grand Prix,Carlos Sainz,Ferrari,5,4,8,4.0,1
2023,Monaco Grand Prix,Lewis Hamilton,Mercedes,6,5,4,13.0,1
2023,Monaco Grand Prix,Pierre Gasly,Alpine F1 Team,7,7,7,6.0,1
2023,Monaco Grand Prix,George Russell,Mercedes,8,8,5,10.0,1
2023,Monaco Grand Prix,Yuki Tsunoda,AlphaTauri,9,9,15,0.0,12
2023,Monaco Grand Prix,Lando Norris,McLaren,10,10,9,2.0,11
2023,Monaco Grand Prix,Oscar Piastri,McLaren,11,11,10,1.0,11
2023,Monaco Grand Prix,Nyck de Vries,AlphaTauri,12,12,12,0.0,11
2023,Monaco Grand Prix,Alexander Albon,Williams,13,13,14,0.0,11
2023,Monaco Grand Prix,Lance Stroll,Aston Martin,14,14,20,0.0,3
2023,Monaco Grand Prix,Valtteri Bottas,Alfa Romeo,15,15,11,0.0,11
2023,Monaco Grand Prix,Logan Sargeant,Williams,16,16,18,0.0,12
2023,Monaco Grand Prix,Kevin Magnussen,Haas F1 Team,17,17,19,0.0,130
2023,Monaco Grand Prix,Nico Hülkenberg,Haas F1 Team,18,18,17,0.0,12
2023,Monaco Grand Prix,Guanyu Zhou,Alfa Romeo,19,19,13,0.0,11
2023,Monaco Grand Prix,Sergio Pérez,Red Bull,20,20,16,0.0,12
2023,Spanish Grand Prix,Max Verstappen,Red Bull,1,1,1,26.0,1
2023,Spanish Grand Prix,Carlos Sainz,Ferrari,2,2,5,10.0,1
2023,Spanish Grand Prix,Lando Norris,McLaren,3,3,17,0.0,11
2023,Spanish Grand Prix,Pierre Gasly,Alpine F1 Team,4,10,10,1.0,1
2023,Spanish Grand Prix,Lewis Hamilton,Mercedes,5,4,2,18.0,1
2023,Spanish Grand Prix,Lance Stroll,Aston Martin,6,5,6,8.0,1
2023,Spanish Grand Prix,Esteban Ocon,Alpine F1 Team,7,6,8,4.0,1
2023,Spanish Grand Prix,Nico Hülkenberg,Haas F1 Team,8,7,15,0.0,11
2023,Spanish Grand Prix,Fernando Alonso,Aston Martin,9,8,7,6.0,1
2023,Spanish Grand Prix,Oscar Piastri,McLaren,10,9,13,0.0,11
2023,Spanish Grand Prix,Sergio Pérez,Red Bull,11,11,4,12.0,1
2023,Spanish Grand Prix,George Russell,Mercedes,12,12,3,15.0,1
2023,Spanish Grand Prix,Guanyu Zhou,Alfa Romeo,13,13,9,2.0,1
2023,Spanish Grand Prix,Nyck de Vries,AlphaTauri,14,14,14,0.0,11
2023,Spanish Grand Prix,Yuki Tsunoda,AlphaTauri,15,15,12,0.0,1
2023,Spanish Grand Prix,Valtteri Bottas,Alfa Romeo,16,16,19,0.0,11
2023,Spanish Grand Prix,Kevin Magnussen,Haas F1 Team,17,17,18,0.0,11
2023,Spanish Grand Prix,Alexander Albon,Williams,18,18,16,0.0,11
2023,Spanish Grand Prix,Charles Leclerc,Ferrari,19,19,11,0.0,1
2023,Spanish Grand Prix,Logan Sargeant,Williams,20,20,20,0.0,11
2023,Canadian Grand Prix,Max Verstappen,Red Bull,1,1,1,25.0,1
2023,Canadian Grand Prix,Nico Hülkenberg,Haas F1 Team,2,5,15,0.0,11
2023,Canadian Grand Prix,Fernando Alonso,Aston Martin,3,2,2,18.0,1
2023,Canadian Grand Prix,Lewis Hamilton,Mercedes,4,3,3,15.0,1
2023,Canadian Grand Prix,George Russell,Mercedes,5,4,19,0.0,23
2023,Canadian Grand Prix,Esteban Ocon,Alpine F1 Team,6,6,8,4.0,1
2023,Canadian Grand Prix,Lando Norris,McLaren,7,7,13,0.0,1
2023,Canadian Grand Prix,Carlos Sainz,Ferrari,8,11,5,10.0,1
2023,Canadian Grand Prix,Oscar Piastri,McLaren,9,8,11,0.0,1
2023,Canadian Grand Prix,Alexander Albon,Williams,10,9,7,6.0,1
2023,Canadian Grand Prix,Charles Leclerc,Ferrari,11,10,4,12.0,1
2023,Canadian Grand Prix,Sergio Pérez,Red Bull,12,12,6,9.0,1
2023,Canadian Grand Prix,Lance Stroll,Aston Martin,13,16,9,2.0,1
2023,Canadian Grand Prix,Kevin Magnussen,Haas F1 Team,14,13,17,0.0,11
2023,Canadian Grand Prix,Valtteri Bottas,Alfa Romeo,15,14,10,1.0,1
2023,Canadian Grand Prix,Yuki Tsunoda,AlphaTauri,16,19,14,0.0,1
2023,Canadian Grand Prix,Pierre Gasly,Alpine F1 Team,17,15,12,0.0,1
2023,Canadian Grand Prix,Nyck de Vries,AlphaTauri,18,17,18,0.0,11
2023,Canadian Grand Prix,Logan Sargeant,Williams,19,18,20,0.0,5
2023,Canadian Grand Prix,Guanyu Zhou,Alfa Romeo,20,20,16,0.0,11
2023,Austrian Grand Prix,Max Verstappen,Red Bull,1,1,1,26.0,1
2023,Austrian Grand Prix,Charles Leclerc,Ferrari,2,2,2,18.0,1
2023,Austrian Grand Prix,Carlos Sainz,Ferrari,3,3,6,8.0,1
2023,Austrian Grand Prix,Lando Norris,McLaren,4,4,4,12.0,1
2023,Austrian Grand Prix,Lewis Hamilton,Mercedes,5,5,8,4.0,1
2023,Austrian Grand Prix,Lance Stroll,Aston Martin,6,6,9,2.0,1
2023,Austrian Grand Prix,Fernando Alonso,Aston Martin,7,7,5,10.0,1
2023,Austrian Grand Prix,Nico Hülkenberg,Haas F1 Team,8,8,20,0.0,75
2023,Austrian Grand Prix,Pierre Gasly,Alpine F1 Team,9,9,10,1.0,1
2023,Austrian Grand Prix,Alexander Albon,Williams,10,10,11,0.0,1
2023,Austrian Grand Prix,George Russell,Mercedes,11,11,7,6.0,1
2023,Austrian Grand Prix,Esteban Ocon,Alpine F1 Team,12,12,14,0.0,11
2023,Austrian Grand Prix,Oscar Piastri,McLaren,13,13,16,0.0,11
2023,Austrian Grand Prix,Valtteri Bottas,Alfa Romeo,14,14,15,0.0,11
2023,Austrian Grand Prix,Sergio Pérez,Red Bull,15,15,3,15.0,1
2023,Austrian Grand Prix,Yuki Tsunoda,AlphaTauri,16,16,19,0.0,11
2023,Austrian Grand Prix,Guanyu Zhou,Alfa Romeo,17,17,12,0.0,11
2023,Austrian Grand Prix,Logan Sargeant,Williams,18,18,13,0.0,11
2023,Austrian Grand Prix,Kevin Magnussen,Haas F1 Team,19,0,18,0.0,11
2023,Austrian Grand Prix,Nyck de Vries,AlphaTauri,20,0,17,0.0,11
2023,British Grand Prix,Max Verstappen,Red Bull,1,1,1,26.0,1
2023,British Grand Prix,Lando Norris,McLaren,2,2,2,18.0,1
2023,British Grand Prix,Oscar Piastri,McLaren,3,3,4,12.0,1
2023,British Grand Prix,Charles Leclerc,Ferrari,4,4,9,2.0,1
2023,British Grand Prix,Carlos Sainz,Ferrari,5,5,10,1.0,1
2023,British Grand Prix,George Russell,Mercedes,6,6,5,10.0,1
2023,British Grand Prix,Lewis Hamilton,Mercedes,7,7,3,15.0,1
2023,British Grand Prix,Alexander Albon,Williams,8,8,8,4.0,1
2023,British Grand Prix,Fernando Alonso,Aston Martin,9,9,7,6.0,1
2023,British Grand Prix,Pierre Gasly,Alpine F1 Team,10,10,18,0.0,130
2023,British Grand Prix,Nico Hülkenberg,Haas F1 Team,11,11,13,0.0,1
2023,British Grand Prix,Lance Stroll,Aston Martin,12,12,14,0.0,1
2023,British Grand Prix,Esteban Ocon,Alpine F1 Team,13,13,20,0.0,44
2023,British Grand Prix,Logan Sargeant,Williams,14,14,11,0.0,1
2023,British Grand Prix,Valtteri Bottas,Alfa Romeo,15,20,12,0.0,1
2023,British Grand Prix,Sergio Pérez,Red Bull,16,15,6,8.0,1
2023,British Grand Prix,Yuki Tsunoda,AlphaTauri,17,16,16,0.0,1
2023,British Grand Prix,Guanyu Zhou,Alfa Romeo,18,17,15,0.0,1
2023,British Grand Prix,Nyck de Vries,AlphaTauri,19,18,17,0.0,1
2023,British Grand Prix,Kevin Magnussen,Haas F1 Team,20,19,19,0.0,5
2023,Hungarian Grand Prix,Lewis Hamilton,Mercedes,1,1,4,12.0,1
2023,Hungarian Grand Prix,Max Verstappen,Red Bull,2,2,1,26.0,1
2023,Hungarian Grand Prix,Lando Norris,McLaren,3,3,2,18.0,1
2023,Hungarian Grand Prix,Oscar Piastri,McLaren,4,4,5,10.0,1
2023,Hungarian Grand Prix,Guanyu Zhou,Alfa Romeo,5,5,16,0.0,11
2023,Hungarian Grand Prix,Charles Leclerc,Ferrari,6,6,7,6.0,1
2023,Hungarian Grand Prix,Valtteri Bottas,Alfa Romeo,7,7,12,0.0,11
2023,Hungarian Grand Prix,Fernando Alonso,Aston Martin,8,8,9,2.0,1
2023,Hungarian Grand Prix,Sergio Pérez,Red Bull,9,9,3,15.0,1
2023,Hungarian Grand Prix,Nico Hülkenberg,Haas F1 Team,10,10,14,0.0,11
2023,Hungarian Grand Prix,Carlos Sainz,Ferrari,11,11,8,4.0,1
2023,Hungarian Grand Prix,Esteban Ocon,Alpine F1 Team,12,12,19,0.0,130
2023,Hungarian Grand Prix,Daniel Ricciardo,AlphaTauri,13,13,13,0.0,11
2023,Hungarian Grand Prix,Lance Stroll,Aston Martin,14,14,10,1.0,11
2023,Hungarian Grand Prix,Pierre Gasly,Alpine F1 Team,15,15,20,0.0,130
2023,Hungarian Grand Prix,Alexander Albon,Williams,16,16,11,0.0,11
2023,Hungarian Grand Prix,Yuki Tsunoda,AlphaTauri,17,17,15,0.0,11
2023,Hungarian Grand Prix,George Russell,Mercedes,18,18,6,8.0,1
2023,Hungarian Grand Prix,Kevin Magnussen,Haas F1 Team,19,19,17,0.0,11
2023,Hungarian Grand Prix,Logan Sargeant,Williams,20,20,18,0.0,31
2023,Belgian Grand Prix,Max Verstappen,Red Bull,1,6,1,25.0,1
2023,Belgian Grand Prix,Charles Leclerc,Ferrari,2,1,3,15.0,1
2023,Belgian Grand Prix,Sergio Pérez,Red Bull,3,2,2,18.0,1
2023,Belgian Grand Prix,Lewis Hamilton,Mercedes,4,3,4,13.0,1
2023,Belgian Grand Prix,Carlos Sainz,Ferrari,5,4,19,0.0,130
2023,Belgian Grand Prix,Oscar Piastri,McLaren,6,5,20,0.0,130
2023,Belgian Grand Prix,Lando Norris,McLaren,7,7,7,6.0,1
2023,Belgian Grand Prix,George Russell,Mercedes,8,8,6,8.0,1
2023,Belgian Grand Prix,Fernando Alonso,Aston Martin,9,9,5,10.0,1
2023,Belgian Grand Prix,Lance Stroll,Aston Martin,10,10,9,2.0,1
2023,Belgian Grand Prix,Yuki Tsunoda,AlphaTauri,11,11,10,1.0,1
2023,Belgian Grand Prix,Pierre Gasly,Alpine F1 Team,12,12,11,0.0,1
2023,Belgian Grand Prix,Kevin Magnussen,Haas F1 Team,13,16,15,0.0,1
2023,Belgian Grand Prix,Valtteri Bottas,Alfa Romeo,14,13,12,0.0,1
2023,Belgian Grand Prix,Esteban Ocon,Alpine F1 Team,15,14,8,4.0,1
2023,Belgian Grand Prix,Alexander Albon,Williams,16,15,14,0.0,1
2023,Belgian Grand Prix,Guanyu Zhou,Alfa Romeo,17,17,13,0.0,1
2023,Belgian Grand Prix,Logan Sargeant,Williams,18,18,17,0.0,1
2023,Belgian Grand Prix,Daniel Ricciardo,AlphaTauri,19,19,16,0.0,1
2023,Belgian Grand Prix,Nico Hülkenberg,Haas F1 Team,20,0,18,0.0,1
2023,Dutch Grand Prix,Max Verstappen,Red Bull,1,1,1,25.0,1
2023,Dutch Grand Prix,Lando Norris,McLaren,2,2,7,6.0,1
2023,Dutch Grand Prix,George Russell,Mercedes,3,3,17,0.0,1
2023,Dutch Grand Prix,Alexander Albon,Williams,4,4,8,4.0,1
2023,Dutch Grand Prix,Fernando Alonso,Aston Martin,5,5,2,19.0,1
2023,Dutch Grand Prix,Carlos Sainz,Ferrari,6,6,5,10.0,1
2023,Dutch Grand Prix,Sergio Pérez,Red Bull,7,7,4,12.0,1
2023,Dutch Grand Prix,Oscar Piastri,McLaren,8,8,9,2.0,1
2023,Dutch Grand Prix,Charles Leclerc,Ferrari,9,9,19,0.0,140
2023,Dutch Grand Prix,Logan Sargeant,Williams,10,10,20,0.0,3
2023,Dutch Grand Prix,Lance Stroll,Aston Martin,11,11,11,0.0,1
2023,Dutch Grand Prix,Pierre Gasly,Alpine F1 Team,12,12,3,15.0,1
2023,Dutch Grand Prix,Lewis Hamilton,Mercedes,13,13,6,8.0,1
2023,Dutch Grand Prix,Yuki Tsunoda,AlphaTauri,14,17,15,0.0,1
2023,Dutch Grand Prix,Nico Hülkenberg,Haas F1 Team,15,14,12,0.0,1
2023,Dutch Grand Prix,Guanyu Zhou,Alfa Romeo,16,15,18,0.0,3
2023,Dutch Grand Prix,Esteban Ocon,Alpine F1 Team,17,16,10,1.0,1
2023,Dutch Grand Prix,Kevin Magnussen,Haas F1 Team,18,0,16,0.0,1
2023,Dutch Grand Prix,Valtteri Bottas,Alfa Romeo,19,18,14,0.0,1
2023,Dutch Grand Prix,Liam Lawson,AlphaTauri,20,19,13,0.0,1
2023,Italian Grand Prix,Carlos Sainz,Ferrari,1,1,3,15.0,1
2023,Italian Grand Prix,Max Verstappen,Red Bull,2,2,1,25.0,1
2023,Italian Grand Prix,Charles Leclerc,Ferrari,3,3,4,12.0,1
2023,Italian Grand Prix,George Russell,Mercedes,4,4,5,10.0,1
2023,Italian Grand Prix,Sergio Pérez,Red Bull,5,5,2,18.0,1
2023,Italian Grand Prix,Alexander Albon,Williams,6,6,7,6.0,1
2023,Italian Grand Prix,Oscar Piastri,McLaren,7,7,12,0.0,1
2023,Italian Grand Prix,Lewis Hamilton,Mercedes,8,8,6,8.0,1
2023,Italian Grand Prix,Lando Norris,McLaren,9,9,8,4.0,1
2023,Italian Grand Prix,Fernando Alonso,Aston Martin,10,10,9,2.0,1
2023,Italian Grand Prix,Yuki Tsunoda,AlphaTauri,11,11,20,0.0,5
2023,Italian Grand Prix,Liam Lawson,AlphaTauri,12,12,11,0.0,1
2023,Italian Grand Prix,Nico Hülkenberg,Haas F1 Team,13,13,17,0.0,11
2023,Italian Grand Prix,Valtteri Bottas,Alfa Romeo,14,14,10,1.0,1
2023,Italian Grand Prix,Logan Sargeant,Williams,15,15,13,0.0,1
2023,Italian Grand Prix,Guanyu Zhou,Alfa Romeo,16,16,14,0.0,1
2023,Italian Grand Prix,Pierre Gasly,Alpine F1 Team,17,17,15,0.0,1
2023,Italian Grand Prix,Esteban Ocon,Alpine F1 Team,18,18,19,0.0,38
2023,Italian Grand Prix,Kevin Magnussen,Haas F1 Team,19,19,18,0.0,11
2023,Italian Grand Prix,Lance Stroll,Aston Martin,20,20,16,0.0,1
2023,Singapore Grand Prix,Carlos Sainz,Ferrari,1,1,1,25.0,1
2023,Singapore Grand Prix,George Russell,Mercedes,2,2,16,0.0,3
2023,Singapore Grand Prix,Charles Leclerc,Ferrari,3,3,4,12.0,1
2023,Singapore Grand Prix,Lando Norris,McLaren,4,4,2,18.0,1
2023,Singapore Grand Prix,Lewis Hamilton,Mercedes,5,5,3,16.0,1
2023,Singapore Grand Prix,Kevin Magnussen,Haas F1 Team,6,6,10,1.0,1
2023,Singapore Grand Prix,Fernando Alonso,Aston Martin,7,7,15,0.0,1
2023,Singapore Grand Prix,Esteban Ocon,Alpine F1 Team,8,8,18,0.0,6
2023,Singapore Grand Prix,Nico Hülkenberg,Haas F1 Team,9,9,13,0.0,1
2023,Singapore Grand Prix,Liam Lawson,AlphaTauri,10,10,9,2.0,1
2023,Singapore Grand Prix,Max Verstappen,Red Bull,11,11,5,10.0,1
2023,Singapore Grand Prix,Pierre Gasly,Alpine F1 Team,12,12,6,8.0,1
2023,Singapore Grand Prix,Sergio Pérez,Red Bull,13,13,8,4.0,1
2023,Singapore Grand Prix,Alexander Albon,Williams,14,14,11,0.0,1
2023,Singapore Grand Prix,Yuki Tsunoda,AlphaTauri,15,15,19,0.0,4
2023,Singapore Grand Prix,Valtteri Bottas,Alfa Romeo,16,16,17,0.0,39
2023,Singapore Grand Prix,Oscar Piastri,McLaren,17,17,7,6.0,1
2023,Singapore Grand Prix,Logan Sargeant,Williams,18,18,14,0.0,1
2023,Singapore Grand Prix,Guanyu Zhou,Alfa Romeo,19,0,12,0.0,1
2023,Singapore Grand Prix,Lance Stroll,Aston Martin,20,0,20,0.0,54
2023,Japanese Grand Prix,Max Verstappen,Red Bull,1,1,1,26.0,1
2023,Japanese Grand Prix,Oscar Piastri,McLaren,2,2,3,15.0,1
2023,Japanese Grand Prix,Lando Norris,McLaren,3,3,2,18.0,1
2023,Japanese Grand Prix,Charles Leclerc,Ferrari,4,4,4,12.0,1
2023,Japanese Grand Prix,Sergio Pérez,Red Bull,5,5,19,0.0,130
2023,Japanese Grand Prix,Carlos Sainz,Ferrari,6,6,6,8.0,1
2023,Japanese Grand Prix,Lewis Hamilton,Mercedes,7,7,5,10.0,1
2023,Japanese Grand Prix,George Russell,Mercedes,8,8,7,6.0,1
2023,Japanese Grand Prix,Yuki Tsunoda,AlphaTauri,9,9,12,0.0,11
2023,Japanese Grand Prix,Fernando Alonso,Aston Martin,10,10,8,4.0,1
2023,Japanese Grand Prix,Liam Lawson,AlphaTauri,11,11,11,0.0,11
2023,Japanese Grand Prix,Pierre Gasly,Alpine F1 Team,12,12,10,1.0,1
2023,Japanese Grand Prix,Alexander Albon,Williams,13,13,16,0.0,130
2023,Japanese Grand Prix,Esteban Ocon,Alpine F1 Team,14,14,9,2.0,1
2023,Japanese Grand Prix,Kevin Magnussen,Haas F1 Team,15,15,15,0.0,11
2023,Japanese Grand Prix,Valtteri Bottas,Alfa Romeo,16,16,20,0.0,130
2023,Japanese Grand Prix,Lance Stroll,Aston Martin,17,17,18,0.0,65
2023,Japanese Grand Prix,Nico Hülkenberg,Haas F1 Team,18,18,14,0.0,11
2023,Japanese Grand Prix,Guanyu Zhou,Alfa Romeo,19,19,13,0.0,11
2023,Japanese Grand Prix,Logan Sargeant,Williams,20,0,17,0.0,130
2023,Qatar Grand Prix,Max Verstappen,Red Bull,1,1,1,26.0,1
2023,Qatar Grand Prix,George Russell,Mercedes,2,2,4,12.0,1
2023,Qatar Grand Prix,Lewis Hamilton,Mercedes,3,3,19,0.0,4
2023,Qatar Grand Prix,Fernando Alonso,Aston Martin,4,4,6,8.0,1
2023,Qatar Grand Prix,Charles Leclerc,Ferrari,5,5,5,10.0,1
2023,Qatar Grand Prix,Oscar Piastri,McLaren,6,6,2,18.0,1
2023,Qatar Grand Prix,Pierre Gasly,Alpine F1 Team,7,7,12,0.0,1
2023,Qatar Grand Prix,Esteban Ocon,Alpine F1 Team,8,8,7,6.0,1
2023,Qatar Grand Prix,Valtteri Bottas,Alfa Romeo,9,9,8,4.0,1
2023,Qatar Grand Prix,Lando Norris,McLaren,10,10,3,15.0,1
2023,Qatar Grand Prix,Yuki Tsunoda,AlphaTauri,11,11,15,0.0,11
2023,Qatar Grand Prix,Carlos Sainz,Ferrari,12,12,20,0.0,95
2023,Qatar Grand Prix,Sergio Pérez,Red Bull,13,0,10,1.0,1
2023,Qatar Grand Prix,Alexander Albon,Williams,14,13,13,0.0,1
2023,Qatar Grand Prix,Nico Hülkenberg,Haas F1 Team,15,14,16,0.0,11
2023,Qatar Grand Prix,Logan Sargeant,Williams,16,15,18,0.0,139
2023,Qatar Grand Prix,Lance Stroll,Aston Martin,17,16,11,0.0,1
2023,Qatar Grand Prix,Liam Lawson,AlphaTauri,18,17,17,0.0,11
2023,Qatar Grand Prix,Kevin Magnussen,Haas F1 Team,19,18,14,0.0,11
2023,Qatar Grand Prix,Guanyu Zhou,Alfa Romeo,20,19,9,2.0,1
2023,United States Grand Prix,Charles Leclerc,Ferrari,1,1,20,0.0,2
2023,United States Grand Prix,Lando Norris,McLaren,2,2,2,18.0,1
2023,United States Grand Prix,Lewis Hamilton,Mercedes,3,3,19,0.0,2
2023,United States Grand Prix,Carlos Sainz,Ferrari,4,4,3,15.0,1
2023,United States Grand Prix,George Russell,Mercedes,5,5,5,10.0,1
2023,United States Grand Prix,Max Verstappen,Red Bull,6,6,1,25.0,1
2023,United States Grand Prix,Pierre Gasly,Alpine F1 Team,7,7,6,8.0,1
2023,United States Grand Prix,Esteban Ocon,Alpine F1 Team,8,8,18,0.0,130
2023,United States Grand Prix,Sergio Pérez,Red Bull,9,9,4,12.0,1
2023,United States Grand Prix,Oscar Piastri,McLaren,10,10,17,0.0,21
2023,United States Grand Prix,Yuki Tsunoda,AlphaTauri,11,11,8,5.0,1
2023,United States Grand Prix,Guanyu Zhou,Alfa Romeo,12,12,13,0.0,11
2023,United States Grand Prix,Valtteri Bottas,Alfa Romeo,13,13,12,0.0,1
2023,United States Grand Prix,Kevin Magnussen,Haas F1 Team,14,0,14,0.0,11
2023,United States Grand Prix,Daniel Ricciardo,AlphaTauri,15,14,15,0.0,11
2023,United States Grand Prix,Nico Hülkenberg,Haas F1 Team,16,0,11,0.0,1
2023,United States Grand Prix,Fernando Alonso,Aston Martin,17,0,16,0.0,140
2023,United States Grand Prix,Alexander Albon,Williams,18,15,9,2.0,1
2023,United States Grand Prix,Lance Stroll,Aston Martin,19,0,7,6.0,1
2023,United States Grand Prix,Logan Sargeant,Williams,20,16,10,1.0,1
2023,Mexico City Grand Prix,Charles Leclerc,Ferrari,1,1,3,15.0,1
2023,Mexico City Grand Prix,Carlos Sainz,Ferrari,2,2,4,12.0,1
2023,Mexico City Grand Prix,Max Verstappen,Red Bull,3,3,1,25.0,1
2023,Mexico City Grand Prix,Daniel Ricciardo,AlphaTauri,4,4,7,6.0,1
2023,Mexico City Grand Prix,Sergio Pérez,Red Bull,5,5,20,0.0,130
2023,Mexico City Grand Prix,Lewis Hamilton,Mercedes,6,6,2,19.0,1
2023,Mexico City Grand Prix,Oscar Piastri,McLaren,7,7,8,4.0,1
2023,Mexico City Grand Prix,George Russell,Mercedes,8,8,6,8.0,1
2023,Mexico City Grand Prix,Valtteri Bottas,Alfa Romeo,9,9,15,0.0,1
2023,Mexico City Grand Prix,Guanyu Zhou,Alfa Romeo,10,10,14,0.0,1
2023,Mexico City Grand Prix,Pierre Gasly,Alpine F1 Team,11,11,11,0.0,1
2023,Mexico City Grand Prix,Nico Hülkenberg,Haas F1 Team,12,12,13,0.0,1
2023,Mexico City Grand Prix,Fernando Alonso,Aston Martin,13,13,18,0.0,54
2023,Mexico City Grand Prix,Alexander Albon,Williams,14,14,9,2.0,1
2023,Mexico City Grand Prix,Yuki Tsunoda,AlphaTauri,15,18,12,0.0,1
2023,Mexico City Grand Prix,Esteban Ocon,Alpine F1 Team,16,15,10,1.0,1
2023,Mexico City Grand Prix,Kevin Magnussen,Haas F1 Team,17,16,19,0.0,3
2023,Mexico City Grand Prix,Lance Stroll,Aston Martin,18,0,17,0.0,130
2023,Mexico City Grand Prix,Lando Norris,McLaren,19,17,5,10.0,1
2023,Mexico City Grand Prix,Logan Sargeant,Williams,20,19,16,0.0,31
2023,São Paulo Grand Prix,Max Verstappen,Red Bull,1,1,1,25.0,1
2023,São Paulo Grand Prix,Charles Leclerc,Ferrari,2,0,20,0.0,5
2023,São Paulo Grand Prix,Lance Stroll,Aston Martin,3,3,5,10.0,1
2023,São Paulo Grand Prix,Fernando Alonso,Aston Martin,4,4,3,15.0,1
2023,São Paulo Grand Prix,Lewis Hamilton,Mercedes,5,5,8,4.0,1
2023,São Paulo Grand Prix,George Russell,Mercedes,6,8,15,0.0,25
2023,São Paulo Grand Prix,Lando Norris,McLaren,7,6,2,19.0,1
2023,São Paulo Grand Prix,Carlos Sainz,Ferrari,8,7,6,8.0,1
2023,São Paulo Grand Prix,Sergio Pérez,Red Bull,9,9,4,12.0,1
2023,São Paulo Grand Prix,Oscar Piastri,McLaren,10,10,14,0.0,12
2023,São Paulo Grand Prix,Nico Hülkenberg,Haas F1 Team,11,11,12,0.0,11
2023,São Paulo Grand Prix,Esteban Ocon,Alpine F1 Team,12,14,10,1.0,11
2023,São Paulo Grand Prix,Pierre Gasly,Alpine F1 Team,13,15,7,6.0,1
2023,São Paulo Grand Prix,Kevin Magnussen,Haas F1 Team,14,12,18,0.0,4
2023,São Paulo Grand Prix,Alexander Albon,Williams,15,13,19,0.0,4
2023,São Paulo Grand Prix,Yuki Tsunoda,AlphaTauri,16,16,9,2.0,1
2023,São Paulo Grand Prix,Daniel Ricciardo,AlphaTauri,17,17,13,0.0,11
2023,São Paulo Grand Prix,Valtteri Bottas,Alfa Romeo,18,18,16,0.0,5
2023,São Paulo Grand Prix,Logan Sargeant,Williams,19,19,11,0.0,11
2023,São Paulo Grand Prix,Guanyu Zhou,Alfa Romeo,20,20,17,0.0,5
2023,Las Vegas Grand Prix,Charles Leclerc,Ferrari,1,1,2,18.0,1
2023,Las Vegas Grand Prix,Carlos Sainz,Ferrari,2,12,6,8.0,1
2023,Las Vegas Grand Prix,Max Verstappen,Red Bull,3,2,1,25.0,1
2023,Las Vegas Grand Prix,George Russell,Mercedes,4,3,8,4.0,1
2023,Las Vegas Grand Prix,Pierre Gasly,Alpine F1 Team,5,4,11,0.0,1
2023,Las Vegas Grand Prix,Alexander Albon,Williams,6,5,12,0.0,1
2023,Las Vegas Grand Prix,Logan Sargeant,Williams,7,6,16,0.0,1
2023,Las Vegas Grand Prix,Valtteri Bottas,Alfa Romeo,8,7,17,0.0,1
2023,Las Vegas Grand Prix,Kevin Magnussen,Haas F1 Team,9,8,13,0.0,1
2023,Las Vegas Grand Prix,Fernando Alonso,Aston Martin,10,9,9,2.0,1
2023,Las Vegas Grand Prix,Lewis Hamilton,Mercedes,11,10,7,6.0,1
2023,Las Vegas Grand Prix,Sergio Pérez,Red Bull,12,11,3,15.0,1
2023,Las Vegas Grand Prix,Nico Hülkenberg,Haas F1 Team,13,13,19,0.0,5
2023,Las Vegas Grand Prix,Lance Stroll,Aston Martin,14,19,5,10.0,1
2023,Las Vegas Grand Prix,Daniel Ricciardo,AlphaTauri,15,14,14,0.0,1
2023,Las Vegas Grand Prix,Lando Norris,McLaren,16,15,20,0.0,3
2023,Las Vegas Grand Prix,Esteban Ocon,Alpine F1 Team,17,16,4,12.0,1
2023,Las Vegas Grand Prix,Guanyu Zhou,Alfa Romeo,18,17,15,0.0,1
2023,Las Vegas Grand Prix,Oscar Piastri,McLaren,19,18,10,2.0,1
2023,Las Vegas Grand Prix,Yuki Tsunoda,AlphaTauri,20,20,18,0.0,6
2023,Abu Dhabi Grand Prix,Max Verstappen,Red Bull,1,1,1,26.0,1
2023,Abu Dhabi Grand Prix,Charles Leclerc,Ferrari,2,2,2,18.0,1
2023,Abu Dhabi Grand Prix,Oscar Piastri,McLaren,3,3,6,8.0,1
2023,Abu Dhabi Grand Prix,George Russell,Mercedes,4,4,3,15.0,1
2023,Abu Dhabi Grand Prix,Lando Norris,McLaren,5,5,5,10.0,1
2023,Abu Dhabi Grand Prix,Yuki Tsunoda,AlphaTauri,6,6,8,4.0,1
2023,Abu Dhabi Grand Prix,Fernando Alonso,Aston Martin,7,7,7,6.0,1
2023,Abu Dhabi Grand Prix,Nico Hülkenberg,Haas F1 Team,8,8,15,0.0,1
2023,Abu Dhabi Grand Prix,Sergio Pérez,Red Bull,9,9,4,12.0,1
2023,Abu Dhabi Grand Prix,Pierre Gasly,Alpine F1 Team,10,10,13,0.0,1
2023,Abu Dhabi Grand Prix,Lewis Hamilton,Mercedes,11,11,9,2.0,1
2023,Abu Dhabi Grand Prix,Esteban Ocon,Alpine F1 Team,12,12,12,0.0,1
2023,Abu Dhabi Grand Prix,Lance Stroll,Aston Martin,13,13,10,1.0,1
2023,Abu Dhabi Grand Prix,Alexander Albon,Williams,14,14,14,0.0,1
2023,Abu Dhabi Grand Prix,Daniel Ricciardo,AlphaTauri,15,15,11,0.0,1
2023,Abu Dhabi Grand Prix,Carlos Sainz,Ferrari,16,16,18,0.0,31
2023,Abu Dhabi Grand Prix,Kevin Magnussen,Haas F1 Team,17,17,20,0.0,11
2023,Abu Dhabi Grand Prix,Valtteri Bottas,Alfa Romeo,18,18,19,0.0,11
2023,Abu Dhabi Grand Prix,Guanyu Zhou,Alfa Romeo,19,19,17,0.0,1
2023,Abu Dhabi Grand Prix,Logan Sargeant,Williams,20,20,16,0.0,1
2024,Bahrain Grand Prix,Max Verstappen,Red Bull,1,1,1,26.0,1
2024,Bahrain Grand Prix,Charles Leclerc,Ferrari,2,2,4,12.0,1
2024,Bahrain Grand Prix,George Russell,Mercedes,3,3,5,10.0,1
2024,Bahrain Grand Prix,Carlos Sainz,Ferrari,4,4,3,15.0,1
2024,Bahrain Grand Prix,Sergio Pérez,Red Bull,5,5,2,18.0,1
2024,Bahrain Grand Prix,Fernando Alonso,Aston Martin,6,6,9,2.0,1
2024,Bahrain Grand Prix,Lando Norris,McLaren,7,7,6,8.0,1
2024,Bahrain Grand Prix,Oscar Piastri,McLaren,8,8,8,4.0,1
2024,Bahrain Grand Prix,Lewis Hamilton,Mercedes,9,9,7,6.0,1
2024,Bahrain Grand Prix,Nico Hülkenberg,Haas F1 Team,10,10,16,0.0,11
2024,Bahrain Grand Prix,Yuki Tsunoda,RB F1 Team,11,11,14,0.0,11
2024,Bahrain Grand Prix,Lance Stroll,Aston Martin,12,12,10,1.0,1
2024,Bahrain Grand Prix,Alexander Albon,Williams,13,13,15,0.0,11
2024,Bahrain Grand Prix,Daniel Ricciardo,RB F1 Team,14,14,13,0.0,11
2024,Bahrain Grand Prix,Kevin Magnussen,Haas F1 Team,15,15,12,0.0,11
2024,Bahrain Grand Prix,Valtteri Bottas,Sauber,16,16,19,0.0,11
2024,Bahrain Grand Prix,Guanyu Zhou,Sauber,17,17,11,0.0,11
2024,Bahrain Grand Prix,Logan Sargeant,Williams,18,18,20,0.0,12
2024,Bahrain Grand Prix,Esteban Ocon,Alpine F1 Team,19,19,17,0.0,11
2024,Bahrain Grand Prix,Pierre Gasly,Alpine F1 Team,20,20,18,0.0,11
2024,Saudi Arabian Grand Prix,Max Verstappen,Red Bull,1,1,1,25.0,1
2024,Saudi Arabian Grand Prix,Charles Leclerc,Ferrari,2,2,3,16.0,1
2024,Saudi Arabian Grand Prix,Sergio Pérez,Red Bull,3,3,2,18.0,1
2024,Saudi Arabian Grand Prix,Fernando Alonso,Aston Martin,4,4,5,10.0,1
2024,Saudi Arabian Grand Prix,Oscar Piastri,McLaren,5,5,4,12.0,1
2024,Saudi Arabian Grand Prix,Lando Norris,McLaren,6,6,8,4.0,1
2024,Saudi Arabian Grand Prix,George Russell,Mercedes,7,7,6,8.0,1
2024,Saudi Arabian Grand Prix,Lewis Hamilton,Mercedes,8,8,9,2.0,1
2024,Saudi Arabian Grand Prix,Yuki Tsunoda,RB F1 Team,9,9,15,0.0,11
2024,Saudi Arabian Grand Prix,Lance Stroll,Aston Martin,10,10,19,0.0,3
2024,Saudi Arabian Grand Prix,Oliver Bearman,Ferrari,11,11,7,6.0,1
2024,Saudi Arabian Grand Prix,Alexander Albon,Williams,12,12,11,0.0,1
2024,Saudi Arabian Grand Prix,Kevin Magnussen,Haas F1 Team,13,13,12,0.0,1
2024,Saudi Arabian Grand Prix,Daniel Ricciardo,RB F1 Team,14,14,16,0.0,11
2024,Saudi Arabian Grand Prix,Nico Hülkenberg,Haas F1 Team,15,15,10,1.0,1
2024,Saudi Arabian Grand Prix,Valtteri Bottas,Sauber,16,16,17,0.0,11
2024,Saudi Arabian Grand Prix,Esteban Ocon,Alpine F1 Team,17,17,13,0.0,11
2024,Saudi Arabian Grand Prix,Pierre Gasly,Alpine F1 Team,18,18,20,0.0,6
2024,Saudi Arabian Grand Prix,Logan Sargeant,Williams,19,19,14,0.0,11
2024,Saudi Arabian Grand Prix,Guanyu Zhou,Sauber,20,20,18,0.0,11
2024,Australian Grand Prix,Max Verstappen,Red Bull,1,1,19,0.0,23
2024,Australian Grand Prix,Carlos Sainz,Ferrari,2,2,1,25.0,1
2024,Australian Grand Prix,Sergio Pérez,Red Bull,3,6,5,10.0,1
2024,Australian Grand Prix,Lando Norris,McLaren,4,3,3,15.0,1
2024,Australian Grand Prix,Charles Leclerc,Ferrari,5,4,2,19.0,1
2024,Australian Grand Prix,Oscar Piastri,McLaren,6,5,4,12.0,1
2024,Australian Grand Prix,George Russell,Mercedes,7,7,17,0.0,3
2024,Australian Grand Prix,Yuki Tsunoda,RB F1 Team,8,8,7,6.0,1
2024,Australian Grand Prix,Lance Stroll,Aston Martin,9,9,6,8.0,1
2024,Australian Grand Prix,Fernando Alonso,Aston Martin,10,10,8,4.0,1
2024,Australian Grand Prix,Lewis Hamilton,Mercedes,11,11,18,0.0,5
2024,Australian Grand Prix,Alexander Albon,Williams,12,12,11,0.0,11
2024,Australian Grand Prix,Valtteri Bottas,Sauber,13,13,14,0.0,11
2024,Australian Grand Prix,Kevin Magnussen,Haas F1 Team,14,14,10,1.0,11
2024,Australian Grand Prix,Esteban Ocon,Alpine F1 Team,15,15,16,0.0,11
2024,Australian Grand Prix,Nico Hülkenberg,Haas F1 Team,16,16,9,2.0,1
2024,Australian Grand Prix,Pierre Gasly,Alpine F1 Team,17,17,13,0.0,11
2024,Australian Grand Prix,Daniel Ricciardo,RB F1 Team,18,18,12,0.0,11
2024,Australian Grand Prix,Guanyu Zhou,Sauber,19,19,15,0.0,11
2024,Japanese Grand Prix,Max Verstappen,Red Bull,1,1,1,26.0,1
2024,Japanese Grand Prix,Sergio Pérez,Red Bull,2,2,2,18.0,1
2024,Japanese Grand Prix,Lando Norris,McLaren,3,3,5,10.0,1
2024,Japanese Grand Prix,Carlos Sainz,Ferrari,4,4,3,15.0,1
2024,Japanese Grand Prix,Fernando Alonso,Aston Martin,5,5,6,8.0,1
2024,Japanese Grand Prix,Oscar Piastri,McLaren,6,6,8,4.0,1
2024,Japanese Grand Prix,Lewis Hamilton,Mercedes,7,7,9,2.0,1
2024,Japanese Grand Prix,Charles Leclerc,Ferrari,8,8,4,12.0,1
2024,Japanese Grand Prix,George Russell,Mercedes,9,9,7,6.0,1
2024,Japanese Grand Prix,Yuki Tsunoda,RB F1 Team,10,10,10,1.0,11
2024,Japanese Grand Prix,Daniel Ricciardo,RB F1 Team,11,11,19,0.0,3
2024,Japanese Grand Prix,Nico Hülkenberg,Haas F1 Team,12,12,11,0.0,11
2024,Japanese Grand Prix,Valtteri Bottas,Sauber,13,13,14,0.0,11
2024,Japanese Grand Prix,Alexander Albon,Williams,14,14,20,0.0,3
2024,Japanese Grand Prix,Esteban Ocon,Alpine F1 Team,15,15,15,0.0,11
2024,Japanese Grand Prix,Lance Stroll,Aston Martin,16,16,12,0.0,11
2024,Japanese Grand Prix,Pierre Gasly,Alpine F1 Team,17,17,16,0.0,11
2024,Japanese Grand Prix,Kevin Magnussen,Haas F1 Team,18,18,13,0.0,11
2024,Japanese Grand Prix,Logan Sargeant,Williams,19,19,17,0.0,11
2024,Japanese Grand Prix,Guanyu Zhou,Sauber,20,20,18,0.0,6
2024,Chinese Grand Prix,Max Verstappen,Red Bull,1,1,1,25.0,1
2024,Chinese Grand Prix,Sergio Pérez,Red Bull,2,2,3,15.0,1
2024,Chinese Grand Prix,Fernando Alonso,Aston Martin,3,3,7,7.0,1
2024,Chinese Grand Prix,Lando Norris,McLaren,4,4,2,18.0,1
2024,Chinese Grand Prix,Oscar Piastri,McLaren,5,5,8,4.0,1
2024,Chinese Grand Prix,Charles Leclerc,Ferrari,6,6,4,12.0,1
2024,Chinese Grand Prix,Carlos Sainz,Ferrari,7,7,5,10.0,1
2024,Chinese Grand Prix,George Russell,Mercedes,8,8,6,8.0,1
2024,Chinese Grand Prix,Nico Hülkenberg,Haas F1 Team,9,9,10,1.0,1
2024,Chinese Grand Prix,Valtteri Bottas,Sauber,10,10,20,0.0,31
2024,Chinese Grand Prix,Lance Stroll,Aston Martin,11,11,15,0.0,1
2024,Chinese Grand Prix,Daniel Ricciardo,RB F1 Team,12,12,18,0.0,31
2024,Chinese Grand Prix,Esteban Ocon,Alpine F1 Team,13,13,11,0.0,1
2024,Chinese Grand Prix,Alexander Albon,Williams,14,14,12,0.0,1
2024,Chinese Grand Prix,Pierre Gasly,Alpine F1 Team,15,15,13,0.0,1
2024,Chinese Grand Prix,Guanyu Zhou,Sauber,16,16,14,0.0,1
2024,Chinese Grand Prix,Kevin Magnussen,Haas F1 Team,17,17,16,0.0,1
2024,Chinese Grand Prix,Lewis Hamilton,Mercedes,18,18,9,2.0,1
2024,Chinese Grand Prix,Yuki Tsunoda,RB F1 Team,19,19,19,0.0,31
2024,Chinese Grand Prix,Logan Sargeant,Williams,20,20,17,0.0,1
2024,Miami Grand Prix,Max Verstappen,Red Bull,1,1,2,18.0,1
2024,Miami Grand Prix,Charles Leclerc,Ferrari,2,2,3,15.0,1
2024,Miami Grand Prix,Carlos Sainz,Ferrari,3,3,5,10.0,1
2024,Miami Grand Prix,Sergio Pérez,Red Bull,4,4,4,12.0,1
2024,Miami Grand Prix,Lando Norris,McLaren,5,5,1,25.0,1
2024,Miami Grand Prix,Oscar Piastri,McLaren,6,6,13,0.0,1
2024,Miami Grand Prix,George Russell,Mercedes,7,7,8,4.0,1
2024,Miami Grand Prix,Lewis Hamilton,Mercedes,8,8,6,8.0,1
2024,Miami Grand Prix,Nico Hülkenberg,Haas F1 Team,9,9,11,0.0,1
2024,Miami Grand Prix,Yuki Tsunoda,RB F1 Team,10,10,7,6.0,1
2024,Miami Grand Prix,Lance Stroll,Aston Martin,11,11,17,0.0,1
2024,Miami Grand Prix,Pierre Gasly,Alpine F1 Team,12,12,12,0.0,1
2024,Miami Grand Prix,Esteban Ocon,Alpine F1 Team,13,13,10,1.0,1
2024,Miami Grand Prix,Alexander Albon,Williams,14,14,18,0.0,1
2024,Miami Grand Prix,Fernando Alonso,Aston Martin,15,15,9,2.0,1
2024,Miami Grand Prix,Valtteri Bottas,Sauber,16,16,16,0.0,1
2024,Miami Grand Prix,Logan Sargeant,Williams,17,17,20,0.0,4
2024,Miami Grand Prix,Daniel Ricciardo,RB F1 Team,18,20,15,0.0,1
2024,Miami Grand Prix,Kevin Magnussen,Haas F1 Team,19,18,19,0.0,1
2024,Miami Grand Prix,Guanyu Zhou,Sauber,20,19,14,0.0,1
2024,Emilia Romagna Grand Prix,Max Verstappen,Red Bull,1,1,1,25.0,1
2024,Emilia Romagna Grand Prix,Oscar Piastri,McLaren,2,5,4,12.0,1
2024,Emilia Romagna Grand Prix,Lando Norris,McLaren,3,2,2,18.0,1
2024,Emilia Romagna Grand Prix,Charles Leclerc,Ferrari,4,3,3,15.0,1
2024,Emilia Romagna Grand Prix,Carlos Sainz,Ferrari,5,4,5,10.0,1
2024,Emilia Romagna Grand Prix,George Russell,Mercedes,6,6,7,7.0,1
2024,Emilia Romagna Grand Prix,Yuki Tsunoda,RB F1 Team,7,7,10,1.0,11
2024,Emilia Romagna Grand Prix,Lewis Hamilton,Mercedes,8,8,6,8.0,1
2024,Emilia Romagna Grand Prix,Daniel Ricciardo,RB F1 Team,9,9,13,0.0,11
2024,Emilia Romagna Grand Prix,Nico Hülkenberg,Haas F1 Team,10,10,11,0.0,11
2024,Emilia Romagna Grand Prix,Sergio Pérez,Red Bull,11,11,8,4.0,1
2024,Emilia Romagna Grand Prix,Esteban Ocon,Alpine F1 Team,12,12,14,0.0,11
2024,Emilia Romagna Grand Prix,Lance Stroll,Aston Martin,13,13,9,2.0,1
2024,Emilia Romagna Grand Prix,Alexander Albon,Williams,14,14,20,0.0,31
2024,Emilia Romagna Grand Prix,Pierre Gasly,Alpine F1 Team,15,15,16,0.0,11
2024,Emilia Romagna Grand Prix,Valtteri Bottas,Sauber,16,16,18,0.0,11
2024,Emilia Romagna Grand Prix,Guanyu Zhou,Sauber,17,17,15,0.0,11
2024,Emilia Romagna Grand Prix,Kevin Magnussen,Haas F1 Team,18,18,12,0.0,11
2024,Emilia Romagna Grand Prix,Fernando Alonso,Aston Martin,19,20,19,0.0,11
2024,Emilia Romagna Grand Prix,Logan Sargeant,Williams,20,19,17,0.0,11
2024,Monaco Grand Prix,Charles Leclerc,Ferrari,1,1,1,25.0,1
2024,Monaco Grand Prix,Oscar Piastri,McLaren,2,2,2,18.0,1
2024,Monaco Grand Prix,Carlos Sainz,Ferrari,3,3,3,15.0,1
2024,Monaco Grand Prix,Lando Norris,McLaren,4,4,4,12.0,1
2024,Monaco Grand Prix,George Russell,Mercedes,5,5,5,10.0,1
2024,Monaco Grand Prix,Max Verstappen,Red Bull,6,6,6,8.0,1
2024,Monaco Grand Prix,Lewis Hamilton,Mercedes,7,7,7,7.0,1
2024,Monaco Grand Prix,Yuki Tsunoda,RB F1 Team,8,8,8,4.0,11
2024,Monaco Grand Prix,Alexander Albon,Williams,9,9,9,2.0,11
2024,Monaco Grand Prix,Pierre Gasly,Alpine F1 Team,10,10,10,1.0,11
2024,Monaco Grand Prix,Esteban Ocon,Alpine F1 Team,11,11,17,0.0,4
2024,Monaco Grand Prix,Nico Hülkenberg,Haas F1 Team,12,19,19,0.0,4
2024,Monaco Grand Prix,Daniel Ricciardo,RB F1 Team,13,12,12,0.0,12
2024,Monaco Grand Prix,Lance Stroll,Aston Martin,14,13,14,0.0,12
2024,Monaco Grand Prix,Kevin Magnussen,Haas F1 Team,15,20,20,0.0,4
2024,Monaco Grand Prix,Fernando Alonso,Aston Martin,16,14,11,0.0,12
2024,Monaco Grand Prix,Logan Sargeant,Williams,17,15,15,0.0,12
2024,Monaco Grand Prix,Sergio Pérez,Red Bull,18,16,18,0.0,4
2024,Monaco Grand Prix,Valtteri Bottas,Sauber,19,17,13,0.0,12
2024,Monaco Grand Prix,Guanyu Zhou,Sauber,20,18,16,0.0,12
2024,Canadian Grand Prix,George Russell,Mercedes,1,1,3,15.0,1
2024,Canadian Grand Prix,Max Verstappen,Red Bull,2,2,1,25.0,1
2024,Canadian Grand Prix,Lando Norris,McLaren,3,3,2,18.0,1
2024,Canadian Grand Prix,Oscar Piastri,McLaren,4,4,5,10.0,1
2024,Canadian Grand Prix,Daniel Ricciardo,RB F1 Team,5,5,8,4.0,1
2024,Canadian Grand Prix,Fernando Alonso,Aston Martin,6,6,6,8.0,1
2024,Canadian Grand Prix,Lewis Hamilton,Mercedes,7,7,4,13.0,1
2024,Canadian Grand Prix,Yuki Tsunoda,RB F1 Team,8,8,14,0.0,1
2024,Canadian Grand Prix,Lance Stroll,Aston Martin,9,9,7,6.0,1
2024,Canadian Grand Prix,Alexander Albon,Williams,10,10,17,0.0,4
2024,Canadian Grand Prix,Charles Leclerc,Ferrari,11,11,19,0.0,5
2024,Canadian Grand Prix,Carlos Sainz,Ferrari,12,12,16,0.0,4
2024,Canadian Grand Prix,Logan Sargeant,Williams,13,13,20,0.0,3
2024,Canadian Grand Prix,Kevin Magnussen,Haas F1 Team,14,14,12,0.0,1
2024,Canadian Grand Prix,Pierre Gasly,Alpine F1 Team,15,15,9,2.0,1
2024,Canadian Grand Prix,Sergio Pérez,Red Bull,16,16,18,0.0,3
2024,Canadian Grand Prix,Valtteri Bottas,Sauber,17,0,13,0.0,1
2024,Canadian Grand Prix,Esteban Ocon,Alpine F1 Team,18,18,10,1.0,1
2024,Canadian Grand Prix,Nico Hülkenberg,Haas F1 Team,19,17,11,0.0,1
2024,Canadian Grand Prix,Guanyu Zhou,Sauber,20,0,15,0.0,11
2024,Spanish Grand Prix,Lando Norris,McLaren,1,1,2,19.0,1
2024,Spanish Grand Prix,Max Verstappen,Red Bull,2,2,1,25.0,1
2024,Spanish Grand Prix,Lewis Hamilton,Mercedes,3,3,3,15.0,1
2024,Spanish Grand Prix,George Russell,Mercedes,4,4,4,12.0,1
2024,Spanish Grand Prix,Charles Leclerc,Ferrari,5,5,5,10.0,1
2024,Spanish Grand Prix,Carlos Sainz,Ferrari,6,6,6,8.0,1
2024,Spanish Grand Prix,Pierre Gasly,Alpine F1 Team,7,7,9,2.0,1
2024,Spanish Grand Prix,Sergio Pérez,Red Bull,8,11,8,4.0,1
2024,Spanish Grand Prix,Esteban Ocon,Alpine F1 Team,9,8,10,1.0,1
2024,Spanish Grand Prix,Oscar Piastri,McLaren,10,9,7,6.0,1
2024,Spanish Grand Prix,Fernando Alonso,Aston Martin,11,10,12,0.0,11
2024,Spanish Grand Prix,Valtteri Bottas,Sauber,12,12,16,0.0,11
2024,Spanish Grand Prix,Nico Hülkenberg,Haas F1 Team,13,13,11,0.0,1
2024,Spanish Grand Prix,Lance Stroll,Aston Martin,14,14,14,0.0,11
2024,Spanish Grand Prix,Guanyu Zhou,Sauber,15,15,13,0.0,11
2024,Spanish Grand Prix,Kevin Magnussen,Haas F1 Team,16,16,17,0.0,11
2024,Spanish Grand Prix,Yuki Tsunoda,RB F1 Team,17,17,19,0.0,11
2024,Spanish Grand Prix,Daniel Ricciardo,RB F1 Team,18,18,15,0.0,11
2024,Spanish Grand Prix,Alexander Albon,Williams,19,0,18,0.0,11
2024,Spanish Grand Prix,Logan Sargeant,Williams,20,19,20,0.0,12
2024,Austrian Grand Prix,Max Verstappen,Red Bull,1,1,5,10.0,1
2024,Austrian Grand Prix,Lando Norris,McLaren,2,2,20,0.0,17
2024,Austrian Grand Prix,George Russell,Mercedes,3,3,1,25.0,1
2024,Austrian Grand Prix,Carlos Sainz,Ferrari,4,4,3,15.0,1
2024,Austrian Grand Prix,Lewis Hamilton,Mercedes,5,5,4,12.0,1
2024,Austrian Grand Prix,Charles Leclerc,Ferrari,6,6,11,0.0,1
2024,Austrian Grand Prix,Oscar Piastri,McLaren,7,7,2,18.0,1
2024,Austrian Grand Prix,Sergio Pérez,Red Bull,8,8,7,6.0,1
2024,Austrian Grand Prix,Nico Hülkenberg,Haas F1 Team,9,9,6,8.0,1
2024,Austrian Grand Prix,Esteban Ocon,Alpine F1 Team,10,10,12,0.0,1
2024,Austrian Grand Prix,Daniel Ricciardo,RB F1 Team,11,11,9,2.0,1
2024,Austrian Grand Prix,Kevin Magnussen,Haas F1 Team,12,12,8,4.0,1
2024,Austrian Grand Prix,Pierre Gasly,Alpine F1 Team,13,13,10,1.0,1
2024,Austrian Grand Prix,Yuki Tsunoda,RB F1 Team,14,14,14,0.0,11
2024,Austrian Grand Prix,Fernando Alonso,Aston Martin,15,15,18,0.0,11
2024,Austrian Grand Prix,Alexander Albon,Williams,16,16,15,0.0,11
2024,Austrian Grand Prix,Lance Stroll,Aston Martin,17,17,13,0.0,11
2024,Austrian Grand Prix,Valtteri Bottas,Sauber,18,18,16,0.0,11
2024,Austrian Grand Prix,Logan Sargeant,Williams,19,19,19,0.0,12
2024,Austrian Grand Prix,Guanyu Zhou,Sauber,20,20,17,0.0,11
2024,British Grand Prix,George Russell,Mercedes,1,1,19,0.0,34
2024,British Grand Prix,Lewis Hamilton,Mercedes,2,2,1,25.0,1
2024,British Grand Prix,Lando Norris,McLaren,3,3,3,15.0,1
2024,British Grand Prix,Max Verstappen,Red Bull,4,4,2,18.0,1
2024,British Grand Prix,Oscar Piastri,McLaren,5,5,4,12.0,1
2024,British Grand Prix,Nico Hülkenberg,Haas F1 Team,6,6,6,8.0,1
2024,British Grand Prix,Carlos Sainz,Ferrari,7,7,5,11.0,1
2024,British Grand Prix,Lance Stroll,Aston Martin,8,8,7,6.0,1
2024,British Grand Prix,Alexander Albon,Williams,9,9,9,2.0,1
2024,British Grand Prix,Fernando Alonso,Aston Martin,10,10,8,4.0,1
2024,British Grand Prix,Charles Leclerc,Ferrari,11,11,14,0.0,11
2024,British Grand Prix,Logan Sargeant,Williams,12,12,11,0.0,1
2024,British Grand Prix,Yuki Tsunoda,RB F1 Team,13,13,10,1.0,1
2024,British Grand Prix,Guanyu Zhou,Sauber,14,14,18,0.0,12
2024,British Grand Prix,Daniel Ricciardo,RB F1 Team,15,15,13,0.0,11
2024,British Grand Prix,Valtteri Bottas,Sauber,16,16,15,0.0,11
2024,British Grand Prix,Kevin Magnussen,Haas F1 Team,17,17,12,0.0,1
2024,British Grand Prix,Esteban Ocon,Alpine F1 Team,18,18,16,0.0,12
2024,British Grand Prix,Sergio Pérez,Red Bull,19,0,17,0.0,12
2024,British Grand Prix,Pierre Gasly,Alpine F1 Team,20,19,20,0.0,6
2024,Hungarian Grand Prix,Lando Norris,McLaren,1,1,2,18.0,1
2024,Hungarian Grand Prix,Oscar Piastri,McLaren,2,2,1,25.0,1
2024,Hungarian Grand Prix,Max Verstappen,Red Bull,3,3,5,10.0,1
2024,Hungarian Grand Prix,Carlos Sainz,Ferrari,4,4,6,8.0,1
2024,Hungarian Grand Prix,Lewis Hamilton,Mercedes,5,5,3,15.0,1
2024,Hungarian Grand Prix,Charles Leclerc,Ferrari,6,6,4,12.0,1
2024,Hungarian Grand Prix,Fernando Alonso,Aston Martin,7,7,11,0.0,1
2024,Hungarian Grand Prix,Lance Stroll,Aston Martin,8,8,10,1.0,1
2024,Hungarian Grand Prix,Daniel Ricciardo,RB F1 Team,9,9,12,0.0,11
2024,Hungarian Grand Prix,Yuki Tsunoda,RB F1 Team,10,10,9,2.0,1
2024,Hungarian Grand Prix,Nico Hülkenberg,Haas F1 Team,11,11,13,0.0,11
2024,Hungarian Grand Prix,Valtteri Bottas,Sauber,12,12,16,0.0,11
2024,Hungarian Grand Prix,Alexander Albon,Williams,13,13,14,0.0,11
2024,Hungarian Grand Prix,Logan Sargeant,Williams,14,14,17,0.0,11
2024,Hungarian Grand Prix,Kevin Magnussen,Haas F1 Team,15,15,15,0.0,11
2024,Hungarian Grand Prix,Sergio Pérez,Red Bull,16,16,7,6.0,1
2024,Hungarian Grand Prix,George Russell,Mercedes,17,17,8,5.0,1
2024,Hungarian Grand Prix,Guanyu Zhou,Sauber,18,18,19,0.0,11
2024,Hungarian Grand Prix,Esteban Ocon,Alpine F1 Team,19,19,18,0.0,11
2024,Hungarian Grand Prix,Pierre Gasly,Alpine F1 Team,20,0,20,0.0,9
2024,Belgian Grand Prix,Max Verstappen,Red Bull,1,11,4,12.0,1
2024,Belgian Grand Prix,Charles Leclerc,Ferrari,2,1,3,15.0,1
2024,Belgian Grand Prix,Sergio Pérez,Red Bull,3,2,7,7.0,1
2024,Belgian Grand Prix,Lewis Hamilton,Mercedes,4,3,1,25.0,1
2024,Belgian Grand Prix,Lando Norris,McLaren,5,4,5,10.0,1
2024,Belgian Grand Prix,Oscar Piastri,McLaren,6,5,2,18.0,1
2024,Belgian Grand Prix,George Russell,Mercedes,7,6,20,0.0,2
2024,Belgian Grand Prix,Carlos Sainz,Ferrari,8,7,6,8.0,1
2024,Belgian Grand Prix,Fernando Alonso,Aston Martin,9,8,8,4.0,1
2024,Belgian Grand Prix,Esteban Ocon,Alpine F1 Team,10,9,9,2.0,1
2024,Belgian Grand Prix,Alexander Albon,Williams,11,10,12,0.0,1
2024,Belgian Grand Prix,Pierre Gasly,Alpine F1 Team,12,12,13,0.0,1
2024,Belgian Grand Prix,Daniel Ricciardo,RB F1 Team,13,13,10,1.0,1
2024,Belgian Grand Prix,Valtteri Bottas,Sauber,14,14,15,0.0,1
2024,Belgian Grand Prix,Lance Stroll,Aston Martin,15,15,11,0.0,1
2024,Belgian Grand Prix,Nico Hülkenberg,Haas F1 Team,16,16,18,0.0,1
2024,Belgian Grand Prix,Kevin Magnussen,Haas F1 Team,17,17,14,0.0,1
2024,Belgian Grand Prix,Yuki Tsunoda,RB F1 Team,18,20,16,0.0,1
2024,Belgian Grand Prix,Logan Sargeant,Williams,19,18,17,0.0,1
2024,Belgian Grand Prix,Guanyu Zhou,Sauber,20,19,19,0.0,31
2024,Dutch Grand Prix,Lando Norris,McLaren,1,1,1,26.0,1
2024,Dutch Grand Prix,Max Verstappen,Red Bull,2,2,2,18.0,1
2024,Dutch Grand Prix,Oscar Piastri,McLaren,3,3,4,12.0,1
2024,Dutch Grand Prix,George Russell,Mercedes,4,4,7,6.0,1
2024,Dutch Grand Prix,Sergio Pérez,Red Bull,5,5,6,8.0,1
2024,Dutch Grand Prix,Charles Leclerc,Ferrari,6,6,3,15.0,1
2024,Dutch Grand Prix,Fernando Alonso,Aston Martin,7,7,10,1.0,11
2024,Dutch Grand Prix,Lance Stroll,Aston Martin,8,8,13,0.0,11
2024,Dutch Grand Prix,Pierre Gasly,Alpine F1 Team,9,9,9,2.0,11
2024,Dutch Grand Prix,Carlos Sainz,Ferrari,10,10,5,10.0,1
2024,Dutch Grand Prix,Lewis Hamilton,Mercedes,11,14,8,4.0,1
2024,Dutch Grand Prix,Yuki Tsunoda,RB F1 Team,12,11,17,0.0,11
2024,Dutch Grand Prix,Nico Hülkenberg,Haas F1 Team,13,12,11,0.0,11
2024,Dutch Grand Prix,Kevin Magnussen,Haas F1 Team,14,0,18,0.0,11
2024,Dutch Grand Prix,Daniel Ricciardo,RB F1 Team,15,13,12,0.0,11
2024,Dutch Grand Prix,Esteban Ocon,Alpine F1 Team,16,15,15,0.0,11
2024,Dutch Grand Prix,Valtteri Bottas,Sauber,17,16,19,0.0,12
2024,Dutch Grand Prix,Guanyu Zhou,Sauber,18,17,20,0.0,12
2024,Dutch Grand Prix,Alexander Albon,Williams,19,19,14,0.0,11
2024,Dutch Grand Prix,Logan Sargeant,Williams,20,18,16,0.0,11
2024,Italian Grand Prix,Lando Norris,McLaren,1,1,3,16.0,1
2024,Italian Grand Prix,Oscar Piastri,McLaren,2,2,2,18.0,1
2024,Italian Grand Prix,George Russell,Mercedes,3,3,7,6.0,1
2024,Italian Grand Prix,Charles Leclerc,Ferrari,4,4,1,25.0,1
2024,Italian Grand Prix,Carlos Sainz,Ferrari,5,5,4,12.0,1
2024,Italian Grand Prix,Lewis Hamilton,Mercedes,6,6,5,10.0,1
2024,Italian Grand Prix,Max Verstappen,Red Bull,7,7,6,8.0,1
2024,Italian Grand Prix,Sergio Pérez,Red Bull,8,8,8,4.0,1
2024,Italian Grand Prix,Alexander Albon,Williams,9,9,9,2.0,1
2024,Italian Grand Prix,Nico Hülkenberg,Haas F1 Team,10,10,17,0.0,11
2024,Italian Grand Prix,Fernando Alonso,Aston Martin,11,11,11,0.0,1
2024,Italian Grand Prix,Daniel Ricciardo,RB F1 Team,12,12,13,0.0,1
2024,Italian Grand Prix,Kevin Magnussen,Haas F1 Team,13,13,10,1.0,1
2024,Italian Grand Prix,Pierre Gasly,Alpine F1 Team,14,14,15,0.0,11
2024,Italian Grand Prix,Esteban Ocon,Alpine F1 Team,15,15,14,0.0,11
2024,Italian Grand Prix,Yuki Tsunoda,RB F1 Team,16,16,20,0.0,25
2024,Italian Grand Prix,Lance Stroll,Aston Martin,17,17,19,0.0,11
2024,Italian Grand Prix,Franco Colapinto,Williams,18,18,12,0.0,1
2024,Italian Grand Prix,Valtteri Bottas,Sauber,19,19,16,0.0,11
2024,Italian Grand Prix,Guanyu Zhou,Sauber,20,20,18,0.0,11
2024,Azerbaijan Grand Prix,Charles Leclerc,Ferrari,1,1,2,18.0,1
2024,Azerbaijan Grand Prix,Oscar Piastri,McLaren,2,2,1,25.0,1
2024,Azerbaijan Grand Prix,Carlos Sainz,Ferrari,3,3,18,0.0,31
2024,Azerbaijan Grand Prix,Sergio Pérez,Red Bull,4,4,17,0.0,31
2024,Azerbaijan Grand Prix,George Russell,Mercedes,5,5,3,15.0,1
2024,Azerbaijan Grand Prix,Max Verstappen,Red Bull,6,6,5,10.0,1
2024,Azerbaijan Grand Prix,Lewis Hamilton,Mercedes,7,0,9,2.0,1
2024,Azerbaijan Grand Prix,Fernando Alonso,Aston Martin,8,7,6,8.0,1
2024,Azerbaijan Grand Prix,Franco Colapinto,Williams,9,8,8,4.0,1
2024,Azerbaijan Grand Prix,Alexander Albon,Williams,10,9,7,6.0,1
2024,Azerbaijan Grand Prix,Oliver Bearman,Haas F1 Team,11,10,10,1.0,1
2024,Azerbaijan Grand Prix,Yuki Tsunoda,RB F1 Team,12,11,20,0.0,31
2024,Azerbaijan Grand Prix,Nico Hülkenberg,Haas F1 Team,13,12,11,0.0,1
2024,Azerbaijan Grand Prix,Lance Stroll,Aston Martin,14,13,19,0.0,31
2024,Azerbaijan Grand Prix,Daniel Ricciardo,RB F1 Team,15,14,13,0.0,1
2024,Azerbaijan Grand Prix,Lando Norris,McLaren,16,15,4,13.0,1
2024,Azerbaijan Grand Prix,Valtteri Bottas,Sauber,17,16,16,0.0,11
2024,Azerbaijan Grand Prix,Guanyu Zhou,Sauber,18,17,14,0.0,1
2024,Azerbaijan Grand Prix,Esteban Ocon,Alpine F1 Team,19,0,15,0.0,11
2024,Azerbaijan Grand Prix,Pierre Gasly,Alpine F1 Team,20,18,12,0.0,1
2024,Singapore Grand Prix,Lando Norris,McLaren,1,1,1,25.0,1
2024,Singapore Grand Prix,Max Verstappen,Red Bull,2,2,2,18.0,1
2024,Singapore Grand Prix,Lewis Hamilton,Mercedes,3,3,6,8.0,1
2024,Singapore Grand Prix,George Russell,Mercedes,4,4,4,12.0,1
2024,Singapore Grand Prix,Oscar Piastri,McLaren,5,5,3,15.0,1
2024,Singapore Grand Prix,Nico Hülkenberg,Haas F1 Team,6,6,9,2.0,11
2024,Singapore Grand Prix,Fernando Alonso,Aston Martin,7,7,8,4.0,11
2024,Singapore Grand Prix,Yuki Tsunoda,RB F1 Team,8,8,12,0.0,11
2024,Singapore Grand Prix,Charles Leclerc,Ferrari,9,9,5,10.0,1
2024,Singapore Grand Prix,Carlos Sainz,Ferrari,10,10,7,6.0,1
2024,Singapore Grand Prix,Alexander Albon,Williams,11,11,20,0.0,131
2024,Singapore Grand Prix,Franco Colapinto,Williams,12,12,11,0.0,11
2024,Singapore Grand Prix,Sergio Pérez,Red Bull,13,13,10,1.0,11
2024,Singapore Grand Prix,Kevin Magnussen,Haas F1 Team,14,14,19,0.0,3
2024,Singapore Grand Prix,Esteban Ocon,Alpine F1 Team,15,15,13,0.0,11
2024,Singapore Grand Prix,Daniel Ricciardo,RB F1 Team,16,16,18,0.0,11
2024,Singapore Grand Prix,Lance Stroll,Aston Martin,17,17,14,0.0,11
2024,Singapore Grand Prix,Pierre Gasly,Alpine F1 Team,18,18,17,0.0,11
2024,Singapore Grand Prix,Valtteri Bottas,Sauber,19,19,16,0.0,11
2024,Singapore Grand Prix,Guanyu Zhou,Sauber,20,20,15,0.0,11
2024,United States Grand Prix,Lando Norris,McLaren,1,1,4,12.0,1
2024,United States Grand Prix,Max Verstappen,Red Bull,2,2,3,15.0,1
2024,United States Grand Prix,Carlos Sainz,Ferrari,3,3,2,18.0,1
2024,United States Grand Prix,Charles Leclerc,Ferrari,4,4,1,25.0,1
2024,United States Grand Prix,Oscar Piastri,McLaren,5,5,5,10.0,1
2024,United States Grand Prix,George Russell,Mercedes,6,20,6,8.0,1
2024,United States Grand Prix,Pierre Gasly,Alpine F1 Team,7,6,12,0.0,1
2024,United States Grand Prix,Fernando Alonso,Aston Martin,8,7,13,0.0,11
2024,United States Grand Prix,Kevin Magnussen,Haas F1 Team,9,8,11,0.0,1
2024,United States Grand Prix,Sergio Pérez,Red Bull,10,9,7,6.0,1
2024,United States Grand Prix,Yuki Tsunoda,RB F1 Team,11,10,14,0.0,11
2024,United States Grand Prix,Nico Hülkenberg,Haas F1 Team,12,11,8,4.0,1
2024,United States Grand Prix,Esteban Ocon,Alpine F1 Team,13,12,18,0.0,11
2024,United States Grand Prix,Lance Stroll,Aston Martin,14,13,15,0.0,11
2024,United States Grand Prix,Liam Lawson,RB F1 Team,15,19,9,2.0,1
2024,United States Grand Prix,Alexander Albon,Williams,16,14,16,0.0,11
2024,United States Grand Prix,Franco Colapinto,Williams,17,15,10,1.0,1
2024,United States Grand Prix,Valtteri Bottas,Sauber,18,16,17,0.0,11
2024,United States Grand Prix,Lewis Hamilton,Mercedes,19,17,20,0.0,20
2024,United States Grand Prix,Guanyu Zhou,Sauber,20,18,19,0.0,11
2024,Mexico City Grand Prix,Carlos Sainz,Ferrari,1,1,1,25.0,1
2024,Mexico City Grand Prix,Max Verstappen,Red Bull,2,2,6,8.0,1
2024,Mexico City Grand Prix,Lando Norris,McLaren,3,3,2,18.0,1
2024,Mexico City Grand Prix,Charles Leclerc,Ferrari,4,4,3,16.0,1
2024,Mexico City Grand Prix,George Russell,Mercedes,5,5,5,10.0,1
2024,Mexico City Grand Prix,Lewis Hamilton,Mercedes,6,6,4,12.0,1
2024,Mexico City Grand Prix,Kevin Magnussen,Haas F1 Team,7,7,7,6.0,1
2024,Mexico City Grand Prix,Pierre Gasly,Alpine F1 Team,8,8,10,1.0,11
2024,Mexico City Grand Prix,Alexander Albon,Williams,9,9,19,0.0,4
2024,Mexico City Grand Prix,Nico Hülkenberg,Haas F1 Team,10,10,9,2.0,11
2024,Mexico City Grand Prix,Yuki Tsunoda,RB F1 Team,11,11,20,0.0,4
2024,Mexico City Grand Prix,Liam Lawson,RB F1 Team,12,12,16,0.0,11
2024,Mexico City Grand Prix,Fernando Alonso,Aston Martin,13,13,18,0.0,23
2024,Mexico City Grand Prix,Lance Stroll,Aston Martin,14,14,11,0.0,11
2024,Mexico City Grand Prix,Valtteri Bottas,Sauber,15,15,14,0.0,11
2024,Mexico City Grand Prix,Franco Colapinto,Williams,16,16,12,0.0,11
2024,Mexico City Grand Prix,Oscar Piastri,McLaren,17,17,8,4.0,1
2024,Mexico City Grand Prix,Sergio Pérez,Red Bull,18,18,17,0.0,11
2024,Mexico City Grand Prix,Esteban Ocon,Alpine F1 Team,19,0,13,0.0,11
2024,Mexico City Grand Prix,Guanyu Zhou,Sauber,20,19,15,0.0,11
2024,São Paulo Grand Prix,Lando Norris,McLaren,1,1,6,8.0,1
2024,São Paulo Grand Prix,George Russell,Mercedes,2,2,4,12.0,1
2024,São Paulo Grand Prix,Yuki Tsunoda,RB F1 Team,3,3,7,6.0,1
2024,São Paulo Grand Prix,Esteban Ocon,Alpine F1 Team,4,4,2,18.0,1
2024,São Paulo Grand Prix,Liam Lawson,RB F1 Team,5,5,9,2.0,1
2024,São Paulo Grand Prix,Charles Leclerc,Ferrari,6,6,5,10.0,1
2024,São Paulo Grand Prix,Alexander Albon,Williams,7,7,18,0.0,54
2024,São Paulo Grand Prix,Oscar Piastri,McLaren,8,8,8,4.0,1
2024,São Paulo Grand Prix,Fernando Alonso,Aston Martin,9,9,14,0.0,1
2024,São Paulo Grand Prix,Lance Stroll,Aston Martin,10,10,19,0.0,54
2024,São Paulo Grand Prix,Valtteri Bottas,Sauber,11,11,13,0.0,1
2024,São Paulo Grand Prix,Max Verstappen,Red Bull,12,17,1,26.0,1
2024,São Paulo Grand Prix,Sergio Pérez,Red Bull,13,12,11,0.0,1
2024,São Paulo Grand Prix,Carlos Sainz,Ferrari,14,0,16,0.0,3
2024,São Paulo Grand Prix,Pierre Gasly,Alpine F1 Team,15,13,3,15.0,1
2024,São Paulo Grand Prix,Lewis Hamilton,Mercedes,16,14,10,1.0,1
2024,São Paulo Grand Prix,Oliver Bearman,Haas F1 Team,17,15,12,0.0,1
2024,São Paulo Grand Prix,Franco Colapinto,Williams,18,16,17,0.0,3
2024,São Paulo Grand Prix,Nico Hülkenberg,Haas F1 Team,19,17,20,0.0,2
2024,São Paulo Grand Prix,Guanyu Zhou,Sauber,20,19,15,0.0,1
2024,Las Vegas Grand Prix,George Russell,Mercedes,1,1,1,25.0,1
2024,Las Vegas Grand Prix,Carlos Sainz,Ferrari,2,2,3,15.0,1
2024,Las Vegas Grand Prix,Pierre Gasly,Alpine F1 Team,3,3,20,0.0,5
2024,Las Vegas Grand Prix,Charles Leclerc,Ferrari,4,4,4,12.0,1
2024,Las Vegas Grand Prix,Max Verstappen,Red Bull,5,5,5,10.0,1
2024,Las Vegas Grand Prix,Lando Norris,McLaren,6,6,6,9.0,1
2024,Las Vegas Grand Prix,Yuki Tsunoda,RB F1 Team,7,7,9,2.0,1
2024,Las Vegas Grand Prix,Oscar Piastri,McLaren,8,8,7,6.0,1
2024,Las Vegas Grand Prix,Nico Hülkenberg,Haas F1 Team,9,9,8,4.0,1
2024,Las Vegas Grand Prix,Lewis Hamilton,Mercedes,10,10,2,18.0,1
2024,Las Vegas Grand Prix,Esteban Ocon,Alpine F1 Team,11,11,17,0.0,11
2024,Las Vegas Grand Prix,Kevin Magnussen,Haas F1 Team,12,12,12,0.0,1
2024,Las Vegas Grand Prix,Guanyu Zhou,Sauber,13,13,13,0.0,1
2024,Las Vegas Grand Prix,Franco Colapinto,Williams,14,0,14,0.0,1
2024,Las Vegas Grand Prix,Liam Lawson,RB F1 Team,15,14,16,0.0,1
2024,Las Vegas Grand Prix,Sergio Pérez,Red Bull,16,15,10,1.0,1
2024,Las Vegas Grand Prix,Fernando Alonso,Aston Martin,17,16,11,0.0,1
2024,Las Vegas Grand Prix,Alexander Albon,Williams,18,17,19,0.0,21
2024,Las Vegas Grand Prix,Valtteri Bottas,Sauber,19,19,18,0.0,11
2024,Las Vegas Grand Prix,Lance Stroll,Aston Martin,20,18,15,0.0,1
2024,Qatar Grand Prix,Max Verstappen,Red Bull,1,2,1,25.0,1
2024,Qatar Grand Prix,George Russell,Mercedes,2,1,4,12.0,1
2024,Qatar Grand Prix,Lando Norris,McLaren,3,3,10,2.0,1
2024,Qatar Grand Prix,Oscar Piastri,McLaren,4,4,3,15.0,1
2024,Qatar Grand Prix,Charles Leclerc,Ferrari,5,5,2,18.0,1
2024,Qatar Grand Prix,Lewis Hamilton,Mercedes,6,6,12,0.0,1
2024,Qatar Grand Prix,Carlos Sainz,Ferrari,7,7,6,8.0,1
2024,Qatar Grand Prix,Fernando Alonso,Aston Martin,8,8,7,6.0,1
2024,Qatar Grand Prix,Sergio Pérez,Red Bull,9,9,17,0.0,20
2024,Qatar Grand Prix,Kevin Magnussen,Haas F1 Team,10,10,9,2.0,1
2024,Qatar Grand Prix,Pierre Gasly,Alpine F1 Team,11,11,5,10.0,1
2024,Qatar Grand Prix,Guanyu Zhou,Sauber,12,12,8,4.0,1
2024,Qatar Grand Prix,Valtteri Bottas,Sauber,13,13,11,0.0,1
2024,Qatar Grand Prix,Yuki Tsunoda,RB F1 Team,14,14,13,0.0,1
2024,Qatar Grand Prix,Lance Stroll,Aston Martin,15,15,18,0.0,130
2024,Qatar Grand Prix,Alexander Albon,Williams,16,16,15,0.0,11
2024,Qatar Grand Prix,Liam Lawson,RB F1 Team,17,17,14,0.0,1
2024,Qatar Grand Prix,Nico Hülkenberg,Haas F1 Team,18,18,16,0.0,20
2024,Qatar Grand Prix,Franco Colapinto,Williams,19,19,19,0.0,4
2024,Qatar Grand Prix,Esteban Ocon,Alpine F1 Team,20,20,20,0.0,4
2024,Abu Dhabi Grand Prix,Lando Norris,McLaren,1,1,1,25.0,1
2024,Abu Dhabi Grand Prix,Oscar Piastri,McLaren,2,2,10,1.0,1
2024,Abu Dhabi Grand Prix,Carlos Sainz,Ferrari,3,3,2,18.0,1
2024,Abu Dhabi Grand Prix,Nico Hülkenberg,Haas F1 Team,4,7,8,4.0,1
2024,Abu Dhabi Grand Prix,Max Verstappen,Red Bull,5,4,6,8.0,1
2024,Abu Dhabi Grand Prix,Pierre Gasly,Alpine F1 Team,6,5,7,6.0,1
2024,Abu Dhabi Grand Prix,George Russell,Mercedes,7,6,5,10.0,1
2024,Abu Dhabi Grand Prix,Fernando Alonso,Aston Martin,8,8,9,2.0,1
2024,Abu Dhabi Grand Prix,Valtteri Bottas,Sauber,9,9,18,0.0,130
2024,Abu Dhabi Grand Prix,Sergio Pérez,Red Bull,10,10,20,0.0,4
2024,Abu Dhabi Grand Prix,Yuki Tsunoda,RB F1 Team,11,11,12,0.0,11
2024,Abu Dhabi Grand Prix,Liam Lawson,RB F1 Team,12,12,17,0.0,5
2024,Abu Dhabi Grand Prix,Lance Stroll,Aston Martin,13,13,14,0.0,11
2024,Abu Dhabi Grand Prix,Charles Leclerc,Ferrari,14,19,3,15.0,1
2024,Abu Dhabi Grand Prix,Kevin Magnussen,Haas F1 Team,15,14,16,0.0,11
2024,Abu Dhabi Grand Prix,Alexander Albon,Williams,16,18,11,0.0,11
2024,Abu Dhabi Grand Prix,Guanyu Zhou,Sauber,17,15,13,0.0,11
2024,Abu Dhabi Grand Prix,Lewis Hamilton,Mercedes,18,16,4,12.0,1
2024,Abu Dhabi Grand Prix,Franco Colapinto,Williams,19,20,19,0.0,5
2024,Abu Dhabi Grand Prix,Jack Doohan,Alpine F1 Team,20,17,15,0.0,11
